Date,VIX,MOVE_PROXY,CREDIT_SPREAD,TREASURY_10Y,CP_CD_SPREAD
2007-01-01,15.490142459033699,82.05919940275754,1.774815584823238,4.505274954569912,17.483570765056164
2007-01-02,13.585207096486446,72.73214853775471,2.394907197413546,4.55206434028453,14.308678494144077
2007-01-03,15.943065614302078,76.97197515152942,2.373842008593029,4.420970891696442,18.23844269050346
2007-01-04,18.569089569224076,75.72067520979543,1.5185252776224218,4.459139818992347,22.61514928204013
2007-01-05,13.297539875829992,86.864586768573,1.5595568963060285,4.245673469056119,13.82923312638332
2007-01-06,13.297589129152458,76.69592014148219,1.4854788626079896,3.9806242739485973,13.829315215254097
2007-01-07,18.737638446522176,83.98550867589826,2.557635107453766,4.557936182370109,22.896064077536955
2007-01-08,16.302304187458727,96.08159398057589,2.026276392879741,4.325339071237554,18.837173645764544
2007-01-09,12.591576842195144,90.10289235614124,1.9843033410725797,4.578814531312257,12.652628070325239
2007-01-10,15.627680130757895,76.48628114505892,2.166641490996395,4.687021108776982,17.712800217929825
2007-01-11,12.609746921562614,77.2284968560908,1.7109788917551312,4.4968630584888025,12.682911535937688
2007-01-12,12.602810739289229,83.64255727645798,1.9459035603559336,4.551919193250666,12.671351232148716
2007-01-13,14.725886814698102,66.65069834389094,1.6449772531671367,4.2053371517819516,16.20981135783017
2007-01-14,9.0,73.1033160399215,2.1816337762081597,4.6603853192152505,5.43359877671101
2007-01-15,9.0,83.94328678498994,1.7145048339734046,4.149849522665696,6.375410837434837
2007-01-16,12.313137412277083,79.00549283083612,2.108256817933626,4.400989613715122,12.188562353795136
2007-01-17,10.961506638996728,95.48109029920273,2.3181830768302634,4.298279838135377,9.93584439832788
2007-01-18,14.942741997785822,75.05245876012489,1.964854346476206,4.50504883717488,16.571236662976368
2007-01-19,11.275927773436367,71.62528811027954,2.247699455162394,4.4756986290637375,10.459879622393945
2007-01-20,9.763088895994127,72.88305929071838,1.6370559344557325,4.190625363615997,7.938481493323542
2007-01-21,18.39694630676466,80.11232429757703,1.6428489151091805,4.378611205292071,22.32824384460777
2007-01-22,13.322671098540393,78.71336251067373,2.065961546309414,4.22123746552881,13.871118497567322
2007-01-23,14.202584614063772,97.84287719065551,1.9361242609627174,4.374460901087709,15.33764102343962
2007-01-24,9.72575544135963,76.80707425179581,1.576550256978443,4.566526430871196,7.8762590689327165
2007-01-25,12.366851826424451,80.43555650691657,1.8551056953373162,4.191726631630685,12.278086377374088
2007-01-26,14.332767769129598,87.07345452156095,2.3605286247146613,4.83405996407432,15.55461294854933
2007-01-27,10.547019267733091,79.13615550925653,1.7882590902494444,4.400090826937737,9.245032112888486
2007-01-28,15.127094055037016,84.44485587401456,2.0075544064155664,4.634625792913212,16.87849009172836
2007-01-29,12.198083930243586,83.15925308760141,1.8826615535588813,4.9496179146363755,11.996806550405974
2007-01-30,13.12491875062017,86.69764018117839,2.057941737055711,4.1691474497901515,13.541531251033616
2007-01-31,12.19488016331181,68.73697463682738,2.104787279583458,4.405120596765345,11.991466938853016
2007-02-01,19.556834553526812,86.46279530907921,2.177356514637652,4.439616951819868,24.261390922544688
2007-02-02,13.959508325786198,78.89373084287192,2.156122960907108,4.313794724582499,14.932513876310331
2007-02-03,10.8268672131323,81.49742868267197,2.2475667167356788,4.722197211938675,9.711445355220498
2007-02-04,16.467634736309567,76.90673491589281,2.1278610521586723,4.462063408310772,19.112724560515943
2007-02-05,10.337469050086934,93.27238983833594,2.058692007745953,4.755681918198685,8.895781750144888
2007-02-06,14.626590785014265,63.62344695125982,1.8457663465345067,4.389184576208719,16.044317975023777
2007-02-07,9.0,91.1945358904494,1.0778933554220704,4.570860547998527,5.201649380601122
2007-02-08,10.015441853304708,74.56794303038247,1.8814522788972337,4.4119447655332085,8.359069755507846
2007-02-09,14.59058370760737,92.23188107676768,1.7613802448113767,4.415110234542389,15.984306179345618
2007-02-10,16.215399739986232,89.76972770602775,1.7890395465010855,4.54561632497029,18.692332899977053
2007-02-11,14.514104843569912,88.11990813426159,1.4787821968885029,4.61580883339147,15.856841405949853
2007-02-12,13.653055152835279,86.6250398587976,2.2252424773961366,4.32916232935987,14.421758588058797
2007-02-13,13.096688913232134,98.13034166568153,1.4408140566639043,4.331731933289506,13.494481522053556
2007-02-14,9.564434028897718,75.24035463893257,2.125553295316216,4.368859177560541,7.607390048162863
2007-02-15,11.840467374815875,75.34984369977268,1.9293998488518787,4.470623459690016,11.400778958026457
2007-02-16,12.618083687120638,74.75284683052907,2.1296321522564448,4.217604899809831,12.696806145201062
2007-02-17,17.171366678656746,87.40119082685499,2.261087579117339,4.44588863508896,20.285611131094576
2007-02-18,15.030854868705385,69.60670924599317,2.602586656072979,4.725860660899349,16.71809144784231
2007-02-19,9.0,88.08933493768609,2.411531272324733,4.231948385684763,6.18479922318633
2007-02-20,14.972251908184385,77.6924785378666,2.3175793659906065,4.450140794348345,16.620419846973974
2007-02-21,12.84475315875105,71.45829547715755,2.4336012692479376,4.852698442509092,13.074588597918417
2007-02-22,11.969233999082125,71.37919281954909,2.014646987132079,4.381608114632164,11.615389998470206
2007-02-23,15.835028866522604,73.6258098958447,2.02709885608716,4.318437663756526,18.05838144420434
2007-02-24,17.092998567487854,68.1116593451169,1.8559229561717308,4.554359923477381,20.154997612479754
2007-02-25,16.793840357348596,84.11303012538845,2.0901988206785465,4.49908766588589,19.656400595580994
2007-02-26,11.482347430332084,86.81432691554456,2.3338939484666836,4.670821387255755,10.803912383886807
2007-02-27,13.072362872446357,87.66938749818743,1.9942054861375345,4.181999023214554,13.453938120743928
2007-02-28,14.993790294210692,74.98812760698414,1.9997577204801638,4.511209797382215,16.65631715701782
2007-03-01,16.926635381367078,82.46344810300428,1.8084409299276643,4.521172513303202,19.877725635611796
2007-03-02,12.56247728646413,80.04164547948443,2.4784050096812624,4.481832484470718,12.60412881077355
2007-03-03,13.443023070008548,85.5322552611402,2.005583896054535,4.357224788794748,14.071705116680914
2007-03-04,10.680995077981915,83.5588972726185,2.1684226010052985,4.540743078780368,9.468325129969859
2007-03-05,10.411380127757987,80.72223625992835,1.9404569534948952,4.740606367484406,9.018966879596647
2007-03-06,16.437577467182592,65.13325680527912,2.138962265614758,4.516862613704679,19.062629111970992
2007-03-07,18.06872008571247,78.66735964864935,1.4542718056505177,4.532786784668419,21.781200142854114
2007-03-08,13.783969635258998,80.88701184109964,2.0398774457632194,4.574750309994639,14.63994939209833
2007-03-09,17.010598693676073,74.44181884791206,1.8148761085858842,4.454618629943959,20.01766448946012
2007-03-10,15.084908075142902,77.84659547248815,2.392453851234188,4.365745119082492,16.80818012523817
2007-03-11,12.064640736184627,69.60619879991376,2.23275131376799,4.5628219758850035,11.774401226974378
2007-03-12,15.084186816525241,77.43115642317929,1.9159488808451683,4.796883622618869,16.80697802754207
2007-03-13,18.614109699397908,84.04694993728371,1.7828186861291744,4.630432831598765,22.690182832329846
2007-03-14,13.892521882670145,96.71247656963172,1.7170069884183645,4.453485326483386,14.820869804450242
2007-03-15,18.693930967442018,71.89832596159778,2.1685058729150883,4.736949237311939,22.82321827907003
2007-03-16,9.0,79.8082074378428,1.7921622075927872,4.684189462403848,5.0
2007-03-17,16.465707513125672,72.30824759969168,2.5105278734829755,4.743300157735314,19.10951252187612
2007-03-18,14.261141204714514,79.25947048826727,1.6844832184792957,4.123347438958564,15.435235341190856
2007-03-19,13.102977948602398,78.21014335093444,1.8016545329610352,4.544258395467309,13.504963247670663
2007-03-20,14.275282329606506,86.66313729679466,1.696730086929757,4.863319050919003,15.458803882677511
2007-03-21,9.0,87.79295662712325,1.5623357861687635,4.848576795015328,5.0621554269955364
2007-03-22,13.340984336487464,81.3025452615848,2.1171660000015917,4.487904442514187,13.90164056081244
2007-03-23,15.07133771453524,79.08406383916531,1.756866739709156,4.382090430378099,16.78556285755873
2007-03-24,18.433682134224547,89.49174746093317,2.3473015799177936,4.33559408146936,22.38947022370758
2007-03-25,12.445189345179058,81.43833320690543,2.009528935006684,4.489556368579694,12.408648908631763
2007-03-26,11.574519191320437,92.13153294106789,1.4309215069754164,4.482952506281674,10.957531985534061
2007-03-27,12.49472886924639,66.92774384297505,1.7405147139174664,4.5862105656765095,12.491214782077318
2007-03-28,16.746206353106224,94.25576720796613,1.982840751106759,4.460664088105365,19.57701058851037
2007-03-29,14.986253328979053,75.0581783929025,2.369305356193141,4.367881717532741,16.643755548298422
2007-03-30,12.410719388698883,71.30880565712995,1.8399345505644193,4.450700671096588,12.351198981164806
2007-03-31,15.539802299340067,79.64197337596231,1.8992076972699905,4.458091439248318,17.56633716556678
2007-04-01,14.29123264804412,70.69038064201395,1.5332828577288151,4.398757798073497,15.485387746740201
2007-04-02,16.90593497159867,84.55151596003375,2.3655916256796026,4.212275760850918,19.843224952664446
2007-04-03,11.893840718367944,76.29884915567659,1.3227071760676554,4.459197800816673,11.489734530613237
2007-04-04,13.017013560206696,82.29884083866023,2.0663053506813522,4.386513122556679,13.361689267011158
2007-04-05,12.823675540603528,72.1812903132937,1.9834485052462827,4.4302442128061035,13.039459234339212
2007-04-06,9.609455155603644,78.22050993251253,2.084355349333206,4.293962353433416,7.682425259339407
2007-04-07,14.888360831193728,80.77545414304157,2.17959370429732,4.617169251365233,16.48060138532288
2007-04-08,14.783165816539668,78.49292520895617,2.3081523085458944,4.574365948109381,16.305276360899448
2007-04-09,14.015340369927383,92.73281726698356,2.002082591407253,4.018570906455844,15.025567283212304
2007-04-10,13.29623859987456,84.68648661819826,1.4740070810978134,4.692796630348617,13.827064333124266
2007-04-11,9.753887773848756,81.62940313612033,2.46476911294815,4.519300818827536,7.923146289747929
2007-04-12,12.738064031703923,65.1478343968114,1.8063869543249558,4.5857532053715735,12.896773386173205
2007-04-13,12.971856450419692,83.02551564936371,2.263801448451519,4.619466729696927,13.286427417366152
2007-04-14,11.593168192335144,89.88912252137335,1.9044854390781494,4.646017274338187,10.988613653891905
2007-04-15,13.516142865001973,74.48022557171976,2.2182073720127753,4.261707836769977,14.193571441669954
2007-04-16,15.212152570443616,78.41316246230603,1.9803254969662716,4.802915502264416,17.020254284072692
2007-04-17,19.65855770363159,55.7940810166192,1.8646843116769634,4.3604711326916465,24.43092950605265
2007-04-18,14.523733438495517,70.0349902127061,2.256059092488875,4.434752126044336,15.872889064159194
2007-04-19,14.772651172168294,63.32768422789343,1.2392953221603777,4.656632967224437,16.28775195361382
2007-04-20,13.776662252701499,80.832973170341,1.883754948227526,4.162575052863608,14.627770421169163
2007-04-21,9.0,78.79813204742935,1.9936775048293183,4.783282162098318,5.406143923504793
2007-04-22,13.92045837365235,79.1534679751143,2.094866637411238,4.374169057697727,14.867430622753915
2007-04-23,14.18069062982308,76.50436688819309,1.8110553338069137,4.396760726299297,15.301151049705132
2007-04-24,21.38972633745586,88.15309053012186,1.4060955492066087,4.989318653664403,27.31621056242643
2007-04-25,13.422917105656632,70.13757418935222,2.0830054158234166,4.1835598705561186,14.038195176094387
2007-04-26,14.904642027000838,79.40700369360445,1.6290668880112087,4.138872823023473,16.507736711668063
2007-04-27,13.89586469088427,84.77111346201232,2.1720003913869244,4.575599860031718,14.826441151473784
2007-04-28,10.493965887141403,78.56485950294984,2.095545715622054,4.2952827639363935,9.156609811902339
2007-04-29,17.42846844354506,79.27363945780517,1.9763840936086532,4.308404704135421,20.714114072575104
2007-04-30,16.255799098060322,73.39936296867485,2.443157950555046,4.459785869869419,18.759665163433873
2007-05-01,16.373095841129143,77.32024431123452,2.3384387108615194,4.560784609496605,18.955159735215233
2007-05-02,11.271837635615784,85.74680646007626,1.6745872041955767,4.452286559903586,10.453062726026305
2007-05-03,18.2083829328083,63.84430252257072,1.4446619352033478,4.611935724996899,22.013971554680495
2007-05-04,9.794446811623157,78.73576760775087,2.399941493586943,4.224224981885258,7.990744686038596
2007-05-05,15.76057128140081,75.32627897542244,2.6722741191746233,4.773962236066418,17.934285469001352
2007-05-06,20.571366877429938,79.43754801828428,1.7650794653920052,4.137511599785071,25.952278129049894
2007-05-07,11.028391024607934,94.1854498402086,2.0730631369265233,4.52633544051375,10.047318374346558
2007-05-08,12.301106811191683,76.42696565930089,1.6969841473968537,4.852040948904901,12.16851135198614
2007-05-09,14.298954095262923,91.91499662887331,1.7847025985775637,4.394182765437539,15.498256825438206
2007-05-10,12.489573037651402,88.80246977098186,2.8702544547487587,4.695625830844608,12.482621729419003
2007-05-11,9.348009706801601,80.23917054363314,2.1157808250801464,4.287795474279184,7.246682844669337
2007-05-12,14.205688924418082,80.69684648733302,2.0119460519221337,4.2264611955396205,15.342814874030136
2007-05-13,10.813088858821686,81.44987953753291,2.032253215388526,4.131477277514293,9.688481431369475
2007-05-14,15.420777291905544,73.39862562250218,1.6146392809298877,4.396407410433969,17.36796215317591
2007-05-15,11.24172729729859,85.01471013521633,2.1025940468063533,4.825482364020754,10.402878828830985
2007-05-16,18.649803215052618,75.09841722321288,2.54954378797783,4.564501684296981,22.749672025087698
2007-05-17,11.650240122991288,80.28593868413655,2.434802934257001,4.639707141809239,11.083733538318814
2007-05-18,13.033815451382972,62.432299108054956,1.8415634489605721,5.098726795165812,13.389692418971622
2007-05-19,16.440551652109008,73.0937384853729,1.726807169647341,4.545687065518157,19.067586086848348
2007-05-20,10.307407050698135,84.28079490431534,2.195360618370577,4.444170777150383,8.845678417830225
2007-05-21,14.682379803812388,71.01229363830953,2.004904439526312,4.546438553239593,16.137299673020646
2007-05-22,17.921428262847286,82.67172074177081,1.9589638588118863,4.696431832972029,21.53571377141214
2007-05-23,9.177550296316317,75.94215635828786,1.76670363130246,4.504646887679342,6.962583827193862
2007-05-24,14.553901575596912,87.92120136902503,2.2390489164222,4.565225947251093,15.923169292661521
2007-05-25,14.77964838274527,90.06355175097733,2.0114934895667993,4.4443145030370435,16.299413971242117
2007-05-26,16.34546861533193,81.42099934971655,1.9819792609441897,4.482485104329565,18.90911435888655
2007-05-27,10.289147867365754,79.8810606683422,2.0022463992015913,4.794233718091176,8.81524644560959
2007-05-28,10.038630160747172,80.32348891461679,2.115435642083554,4.4056452101559165,8.397716934578618
2007-05-29,15.565824696850694,79.82844184284845,1.6919842057150518,4.561968916150721,17.60970782808449
2007-05-30,14.890954019699558,89.53325266397133,1.6760293420302845,4.467952537125378,16.48492336616593
2007-05-31,14.75147855103763,100.03891748241958,1.2276766310000062,4.540172871086996,16.252464251729382
2007-06-01,15.039344628490927,69.3323109858004,2.0913794857956294,4.321466411278957,16.732241047484877
2007-06-02,11.959925835264528,71.77381877050045,2.5677432574035253,4.539176549771236,11.599876392107547
2007-06-03,14.69676109148301,90.90535731269301,2.3048747231842426,4.494853806362908,16.161268485805017
2007-06-04,14.879217419896044,70.86180325205804,1.986878000651378,4.685374271706422,16.465362366493405
2007-06-05,11.856945745920896,69.02379628070007,1.6527271715846685,4.441431546638578,11.42824290986816
2007-06-06,19.59732353343427,96.92297148413196,1.8813059851189589,4.707565295486777,24.328872555723784
2007-06-07,15.421498762735363,77.80580091595954,1.798963464731497,4.784301689146494,17.36916460455894
2007-06-08,10.426089508392053,77.9988366132702,2.095935667819652,4.578990425449909,9.043482513986756
2007-06-09,15.969660825901489,75.92935680054222,1.911325843929642,4.527987085118447,18.28276804316915
2007-06-10,11.075954989318035,84.65072583526734,2.1222110299662105,4.553126101954982,10.126591648863393
2007-06-11,16.361253811227357,70.93519935511158,1.866563347137523,4.67067487590346,18.93542301871226
2007-06-12,17.47578673702221,94.19511379669854,1.5827368990677781,4.47968974502429,20.79297789503702
2007-06-13,11.537953044944869,86.02437059202113,2.5026833907551467,4.742965753721257,10.896588408241447
2007-06-14,16.890128387732965,79.58559814585679,1.5858119841896734,4.719017016716238,19.81688064622161
2007-06-15,15.238342780809495,75.5863552043113,1.6169727180593816,4.526328121327357,17.06390463468249
2007-06-16,16.46618047998347,80.86605552047739,1.7671818615087314,4.419711817879568,19.11030079997245
2007-06-17,19.690378947961843,88.35175721139517,1.8220208536702112,4.761671871384794,24.483964913269737
2007-06-18,13.26383565199139,100.93954102908967,2.2266343985014707,4.313732558196542,13.773059419985648
2007-06-19,11.73879150692753,92.07014699487195,2.1082521524616094,4.3836152922014,11.231319178212551
2007-06-20,11.33145671112343,88.10321989658134,1.852050220881455,4.27221437080194,10.552427851872384
2007-06-21,11.552569145103686,80.34436592437912,2.1427999408587266,4.395179175729547,10.920948575172808
2007-06-22,13.768694871757688,89.86003688510897,2.661247415662195,4.724736754133396,14.61449145292948
2007-06-23,15.023455924449932,77.22871327249442,2.1099999746271,4.606914436258706,16.70575987408322
2007-06-24,14.830072397990056,82.65506706751722,2.0644136222404277,4.540052790768489,16.383453996650097
2007-06-25,16.481549747108073,89.36556742708325,2.2119017318673295,4.596018866371659,19.13591624518012
2007-06-26,14.039005675633721,84.85418953374815,1.7288299349729723,4.760539362362986,15.065009459389534
2007-06-27,18.36060223147195,74.68245605788015,2.8386403389392507,4.415582878001722,22.267670385786584
2007-06-28,13.206029500286132,67.73780901119135,2.4550423752567045,4.595326628190442,13.67671583381022
2007-06-29,22.160507499768855,84.01197287722042,1.828585678283235,4.602631316743743,28.600845832948096
2007-06-30,15.877002043295018,81.07709151699932,2.1677675088060373,4.463444199039651,18.12833673882503
2007-07-01,11.428527330751152,87.43991814848323,1.3703685755458856,4.340632634838837,10.714212217918586
2007-07-02,10.787322505816663,80.4631156941055,2.09789106648791,4.213708125655206,9.645537509694439
2007-07-03,15.447417245729556,76.96333093173916,2.0006288847431937,4.225652356988208,17.412362076215928
2007-07-04,13.329611644022448,88.4316248303803,2.1148296125914716,4.399487706257971,13.882686073370746
2007-07-05,16.142001482276275,87.97050682467697,1.8044258141425231,4.638998147927936,18.57000247046046
2007-07-06,15.419712873720634,63.12645265570586,2.3258639097554035,4.589210172240613,17.366188122867726
2007-07-07,13.781513262029382,67.84707516126998,1.71683794494893,4.83576592814175,14.635855436715635
2007-07-08,11.459618845794786,81.0386770046198,2.358803424114389,4.436265053066028,10.766031409657975
2007-07-09,9.455458325942406,79.47809705792656,1.87537823662522,4.675848768356809,7.425763876570677
2007-07-10,12.660455143798936,78.50411960152289,1.4430745858591916,4.312343608355178,12.767425239664895
2007-07-11,16.569196382970418,86.5914599859342,1.8499118620566855,4.67943702607749,19.28199397161736
2007-07-12,14.642281232390612,96.12398731968798,2.5357162472393258,4.517570647322172,16.07046872065102
2007-07-13,10.262783663864036,71.74841493364723,1.508802041017032,4.737086066768957,8.77130610644006
2007-07-14,14.519542777553546,79.45985778979384,1.676357251693615,4.511647812673168,15.86590462925591
2007-07-15,15.15595213918651,79.79694753282428,2.095845111955511,4.014592704080269,16.926586898644185
2007-07-16,11.348427691396601,81.64234555865563,1.6994650171729733,4.67533155697379,10.580712818994336
2007-07-17,14.461175317836584,70.21088215171389,1.8631117678124252,4.658302078404035,15.76862552972764
2007-07-18,14.174626155338,83.73943902671984,1.7568669555697678,4.164905713111149,15.29104359223
2007-07-19,10.571089106508131,80.2936081256317,2.190184013419591,4.303529140602015,9.285148510846884
2007-07-20,15.07336208104485,96.31119491950125,1.922007344389508,4.62868813968939,16.788936801741418
2007-07-21,15.682353579104703,83.07848632942974,2.35912765673625,4.609603281947068,17.80392263184117
2007-07-22,17.24915372952583,74.39577955932106,1.5085134333925154,4.8436803773359,20.415256215876383
2007-07-23,17.16140615610471,68.02276234499763,2.428606769838658,4.758911895470506,20.269010260174515
2007-07-24,9.866991896128727,79.21644227409739,2.230567376218068,4.500542407741334,8.111653160214544
2007-07-25,11.186524880254632,74.00280325245382,2.0517813791271067,4.180485005479629,10.310874800424386
2007-07-26,15.54510580162598,76.61063449315246,2.114693893197852,4.459373234528701,17.5751763360433
2007-07-27,15.541357852736626,82.7652196710609,1.8475262678507172,4.4803661436734155,17.568929754561044
2007-07-28,15.545143058918143,81.88014242054822,1.707849022891722,4.509838325571715,17.575238431530238
2007-07-29,25.558194471964164,81.55120414200788,2.512501656402694,4.8053102664960825,34.26365745327361
2007-07-30,15.7126715320795,91.1381003943114,1.9571754663067413,4.314402119163096,17.854452553465833
2007-07-31,17.406696920541798,83.26364554461637,1.642293363940121,4.684931957972001,20.677828200902994
2007-08-01,16.86200529047961,101.70784204554964,2.126124655609613,4.922031066721357,19.770008817466014
2007-08-02,15.954173753917393,81.2906794003321,2.0631688518629767,4.371280742868937,18.25695625652899
2007-08-03,13.054192266078964,76.74483047755275,2.2380844639955866,4.382079403873334,13.423653776798272
2007-08-04,16.276907661479804,68.02325231110133,1.8516584889586691,4.672636441373163,18.794846102466337
2007-08-05,11.681524356387285,69.48502762350282,1.722763265379582,4.7353942537870335,11.13587392731214
2007-08-06,13.289544179779973,87.2545211400198,1.6624067306816652,4.450368770804328,13.815906966299956
2007-08-07,12.543909356512689,85.1914586290649,1.6706051289900186,4.526672920163722,12.573182260854482
2007-08-08,14.245622418158968,79.28241019253817,2.1974671267149266,4.243209928007062,15.409370696931612
2007-08-09,20.943975700020527,78.20496948627934,2.1345596789270713,4.6518250116166655,26.573292833367542
2007-08-10,9.0,72.89916122238058,2.2509313635183332,4.380908002453984,5.663674037041259
2007-08-11,16.058780571123542,78.66905936032403,2.1314964573119877,4.512067140226294,18.43130095187257
2007-08-12,9.161852386431045,80.9879117928546,1.8351758269320382,4.446099884471942,6.936420644051742
2007-08-13,12.5842044026317,63.85851279303651,2.6982486139978707,4.671031063185921,12.640340671052833
2007-08-14,17.2668517909021,85.80154485709373,1.9414617462987271,4.40368572185702,20.444752984836832
2007-08-15,14.192840057286388,63.78204911611826,1.4695060801790039,4.3149086171976805,15.321400095477314
2007-08-16,10.76676566621208,82.69582665159199,2.2450195329129357,4.490710910895713,9.611276110353469
2007-08-17,11.854088872220096,79.64241341045675,1.8813975248356938,4.71890417927533,11.423481453700159
2007-08-18,16.038793246804026,82.3365925742469,1.911037176465256,4.464343119873317,18.39798874467338
2007-08-19,11.80890010484859,74.81200883016874,1.9268077015001548,4.8639569873030455,11.348166841414317
2007-08-20,14.649375768745925,93.54782598255582,2.0991911224842847,4.632464993258089,16.082292947909874
2007-08-21,14.13671551971144,85.74473984190733,1.6430577924979834,4.442327027153922,15.227859199519068
2007-08-22,12.04519895718255,85.08332937170962,1.8673448072157979,4.487619817753354,11.741998261970915
2007-08-23,20.431832267975977,78.56851515962425,1.9991376938441403,4.598092249624225,25.719720446626628
2007-08-24,15.901757066954033,79.3979651619915,2.388728808331582,4.745244844796367,18.169595111590056
2007-08-25,9.0,87.08558470000472,1.740815642975383,4.934763115563972,5.0
2007-08-26,14.559362944308283,90.4183257373543,1.8193926579043516,4.735411974398246,15.932271573847139
2007-08-27,12.014640605694836,91.20140100442488,2.3509327191602973,4.68004037918177,11.69106767615806
2007-08-28,16.557300004388672,79.62890161304944,2.177705426771223,4.658875988854425,19.26216667398112
2007-08-29,11.622437784701898,80.45361078714484,2.048170027026329,4.73764553006329,11.037396307836497
2007-08-30,13.655790675599302,82.64864174145474,1.7757692347887233,4.24107411565201,14.426317792665506
2007-08-31,15.51496183694137,77.90575285169389,2.312048796235104,4.697489148350179,17.524936394902287
2007-09-01,16.597265582510364,74.32588064393582,1.9870093698033444,4.491102639944306,19.328775970850607
2007-09-02,10.399110778832672,81.33167348424155,2.021398293948657,4.736479552618067,8.998517964721119
2007-09-03,12.996496292477154,83.78658121012822,2.023241639450653,4.808581968205656,13.327493820795258
2007-09-04,12.575164066517132,84.1896334161253,2.0270252649925897,4.581489600669508,12.62527344419522
2007-09-05,12.040012302278864,79.39571473827695,2.249487563878083,4.255734722266445,11.73335383713144
2007-09-06,19.29636272084329,74.73568755924005,1.90738534829837,4.335204574227863,23.827271201405484
2007-09-07,15.214945132882868,83.99412810600874,1.2997793653027871,4.251189426718719,17.024908554804778
2007-09-08,10.217348136994865,83.20798185572843,1.8913202426525926,4.754887374555709,8.695580228324774
2007-09-09,16.753585841164327,72.6476246602709,1.9803263457356661,4.50548052394342,19.58930973527388
2007-09-10,20.3664685910379,87.59063410030538,2.0308218311134825,4.131663470067718,25.610780985063165
2007-09-11,17.09739578165344,86.07863876077805,1.7834941887230809,4.393313106499935,20.162326302755734
2007-09-12,9.44189010213796,79.66506376234011,1.5924832394551844,4.180280109909544,7.403150170229933
2007-09-13,12.547297781401246,69.96606644538308,2.153960011645874,4.541481995594225,12.578829635668743
2007-09-14,17.800733447559868,70.28689730621846,2.221759494617157,4.800272728867648,21.334555745933113
2007-09-15,11.876991603143658,83.47563778690201,1.4945108815449268,5.1204051030173074,11.461652671906096
2007-09-16,15.331458284438686,75.79644238279448,1.9052431659665676,4.639183975732805,17.219097140731144
2007-09-17,16.32390216028801,77.80714914941933,1.7605794293822143,4.354773357054129,18.873170267146683
2007-09-18,11.21920858526575,70.9688901933813,2.0848237681367103,4.291801239632173,10.365347642109585
2007-09-19,13.8214239318146,86.58608200825128,1.882875840031509,4.258643277129606,14.702373219691
2007-09-20,9.0,64.86569082891828,1.5425410726908912,4.704192800565554,5.0
2007-09-21,10.926837075997131,79.61864007298982,2.3425985202278423,4.535074057811349,9.878061793328552
2007-09-22,13.24229554582052,82.84156178951051,2.125633193585219,4.437440312950096,13.737159243034199
2007-09-23,10.25665045410545,84.89548610378347,1.8664038994454952,4.419877692648523,8.761084090175753
2007-09-24,18.897233911794906,83.85802304093014,1.6876884688604545,4.314843776435618,23.162056519658176
2007-09-25,9.7095758661181,70.24375219595822,1.6409438438218535,4.247185004957025,7.849293110196837
2007-09-26,12.67986653990905,76.7000586421583,1.9208498694812652,4.457621666289115,12.79977756651508
2007-09-27,14.392221731858275,74.04373484006945,1.4213110429560927,4.564360330812546,15.653702886430457
2007-09-28,18.323819867198345,70.62322762808003,2.511837674695689,4.307521614972225,22.206366445330577
2007-09-29,9.692413546461681,65.91778839677357,1.785295943138031,4.384644332747438,7.8206892441028035
2007-09-30,17.48949125646488,83.82863161893661,1.9790801707137606,4.685605540313066,20.815818760774796
2007-10-01,14.030699183058761,89.43670908721238,1.8721664134559561,4.384403392610948,15.051165305097935
2007-10-02,11.055474046856148,75.4286738921821,2.0607342051699638,4.593198399013904,10.092456744760245
2007-10-03,15.386310422789812,86.13262863485429,2.2711508342630045,4.033191859189704,17.310517371316354
2007-10-04,14.59717908672041,84.29290801502616,1.2020242965507277,4.1368383307423615,15.995298477867351
2007-10-05,12.199349368523617,72.76639087202872,2.208439385569361,4.402040292479615,11.998915614206027
2007-10-06,14.209406254970057,79.08414747576977,1.9610986158029298,4.716469456403379,15.349010424950094
2007-10-07,12.84405920941472,80.33244250053086,2.324304141784087,4.4448087971225085,13.0734320156912
2007-10-08,14.340552035753744,85.91326440989968,2.1200191599901275,4.727868102140925,15.56758672625624
2007-10-09,15.98639202356314,80.8777234724644,1.5327298306425445,4.635636912070639,18.310653372605234
2007-10-10,18.758050448436055,66.05665841350054,1.6308776631366948,4.720787157243006,22.93008408072676
2007-10-11,10.286553503519453,94.64714917720855,2.359790156122632,4.971678846595591,8.810922505865754
2007-10-12,20.3991001239688,83.11207590336437,2.245471588204523,4.6681257508907,25.665166873281333
2007-10-13,9.0,72.04622249354958,1.9161683104184692,4.432700564029893,5.239561002387491
2007-10-14,13.54464471489325,67.70113882811,2.197384271778758,4.536737062557697,14.241074524822084
2007-10-15,15.76495161945373,73.02800741109293,1.8155779122913709,4.581272206635907,17.941586032422883
2007-10-16,14.842975603205097,77.19535087758426,2.2955529587020482,4.543897775266772,16.404959338675162
2007-10-17,12.131901440538218,74.56655503929383,1.9155122659262585,4.687816293251708,11.886502400897031
2007-10-18,13.375633248928175,76.19761950766154,1.764758830350404,4.551785753555473,13.959388748213623
2007-10-19,12.520997196023501,71.84415348518714,2.049546810141358,4.66400879255572,12.534995326705836
2007-10-20,12.231905729167366,84.4437846398763,1.9261388928512757,4.460961075438871,12.053176215278942
2007-10-21,16.548806291063073,71.61284479720926,2.1497999858980137,4.640364838177795,19.248010485105123
2007-10-22,15.071046457895141,84.31102112600442,1.867974078621273,4.388708348884879,16.785077429825236
2007-10-23,11.921271214218038,85.43049851862799,1.9697858141947076,4.517807926217359,11.53545202369673
2007-10-24,16.698799626299753,67.97049656118327,2.7516527752024693,4.477929817479083,19.497999377166252
2007-10-25,14.921898562629828,76.22083467680224,2.2829959448650854,4.652101990691734,16.536497604383047
2007-10-26,16.43858635651688,87.27420190395671,1.9113966757846692,4.568218227336722,19.0643105941948
2007-10-27,15.888886525770836,81.26262587587085,2.0522237494109836,4.491403665474997,18.14814420961806
2007-10-28,11.513014967233783,86.93054936678304,1.6597747512572674,4.708996829544397,10.855024945389639
2007-10-29,12.319456879409092,88.66965721162524,2.446732394079128,4.65022060959865,12.199094799015153
2007-10-30,16.241880815369786,70.98462877717401,1.9498222729747625,4.334774360174707,18.736468025616308
2007-10-31,15.831110796300395,76.51019094263411,2.3164161167151684,4.461163109434125,18.051851327167324
2007-11-01,13.937295218107556,82.31453300572474,2.2947108527049798,4.568613366929906,14.895492030179259
2007-11-02,14.351982149926346,77.73074635108064,2.2555069145441777,4.9119423229959995,15.58663691654391
2007-11-03,17.832994687365275,82.64145380561736,2.2542506424182194,4.753812023398149,21.388324478942124
2007-11-04,12.22528583349251,91.69742412928784,2.2969052757177644,4.418104570772429,12.042143055820851
2007-11-05,15.641292143510114,78.35877458370945,2.603008381756852,4.311188925625828,17.735486905850188
2007-11-06,13.393422042698317,81.70325930715549,2.1291224366040558,4.774648302013651,13.98903673783053
2007-11-07,13.34695639031834,78.93293843434138,2.148924156350991,4.5222923753137785,13.911593983863899
2007-11-08,17.29633055596157,63.48804967623282,1.4092152613541207,4.2849905969454,20.49388425993595
2007-11-09,16.47624904696409,73.2312314263529,1.8198612462128503,4.354757368737999,19.12708174494015
2007-11-10,16.440528908001916,78.21886104496797,1.6385071196334668,4.687188482278945,19.067548180003193
2007-11-11,17.916436421462986,76.23953141231702,2.0928282121511295,4.666877359989987,21.527394035771646
2007-11-12,14.063011524898277,86.26925152925892,2.215935765090991,4.473946865859223,15.105019208163796
2007-11-13,16.045858913884892,88.55566914114463,2.169389001888494,4.313862350038087,18.40976485647482
2007-11-14,13.069199730219632,74.35439017774313,1.5935430389144352,4.365087578040535,13.44866621703272
2007-11-15,14.972499057465326,88.44315810246647,2.3708936979938042,4.418125586462944,16.62083176244221
2007-11-16,13.609570836896946,75.70425501142408,2.185573001403297,4.229866430396764,14.349284728161576
2007-11-17,14.290987894978155,82.32304605887418,1.9985389896559889,4.455202499516652,15.484979824963592
2007-11-18,15.78547107631074,76.73307039762432,1.6584130718410768,4.3247849434819345,17.97578512718457
2007-11-19,11.545337950299583,69.11444870880979,2.039851030380623,4.464782192148128,10.908896583832638
2007-11-20,20.277161827056382,73.63432018796858,2.145432905911046,4.262530627680467,25.461936378427303
2007-11-21,10.981947855500895,66.68144745206772,2.334754937264081,4.61202253717134,9.96991309250149
2007-11-22,10.357434161636803,86.37590541972844,1.7640760496699097,4.432763942271054,8.92905693606134
2007-11-23,17.474332620500203,90.7814587864702,1.8898422993353992,4.670120831904724,20.790554367500338
2007-11-24,16.37498808188881,87.18155284842825,1.76819970432449,4.577638394028483,18.95831346981468
2007-11-25,15.872359451156466,77.45576148849068,2.1039307652109223,4.49417839914245,18.120599085260775
2007-11-26,15.88503652779284,85.54489973233913,1.9592388631742812,4.298726313259863,18.1417275463214
2007-11-27,13.963259681459256,64.31927758582644,1.9824958067274105,4.562240307604525,14.938766135765427
2007-11-28,11.308236885542506,88.18393212593053,1.8119499453851116,4.260944255213786,10.513728142570843
2007-11-29,14.227413674581179,94.80028068593597,2.2700881170785028,4.29826710300509,15.379022790968632
2007-11-30,11.968514865463664,85.3099559849439,2.29230781201759,4.450757089623605,11.614191442439441
2007-12-01,16.925359200253254,75.91218302580634,2.2328469187004076,4.1631762143526165,19.875598667088756
2007-12-02,13.558827855493584,86.66056235064345,1.5180857403588544,5.023388478004458,14.264713092489307
2007-12-03,11.523508409622465,80.43591853765201,2.1092847990300303,4.452283369346361,10.872514016037442
2007-12-04,13.03584247504102,71.65311715665246,2.206497769333518,4.088694223134552,13.393070791735033
2007-12-05,15.238794362826873,69.11373774636793,2.0166310190024666,4.770232583565862,17.06465727137812
2007-12-06,12.308826341588077,78.13097662909249,2.1399978989793174,4.612490334890007,12.181377235980126
2007-12-07,11.533338813300706,80.16869566304247,2.3501634382629577,4.600860269492105,10.888898022167844
2007-12-08,14.731061634475736,59.352558576905636,2.210019107162719,4.556441174186672,16.218436057459563
2007-12-09,14.734899713326168,103.27626623975121,2.3325998257652145,4.2266682614496185,16.224832855543614
2007-12-10,12.479170473886612,76.43652317618998,2.5299530671189183,4.642077522090426,12.46528412314435
2007-12-11,12.586885083145031,90.36558607791326,2.3385087353524057,4.38726196208789,12.644808471908386
2007-12-12,14.696149812072909,80.19644158822109,2.1351776695070135,4.29636692360496,16.16024968678818
2007-12-13,9.655746975508027,90.13629225885143,2.1349006383902096,4.410195990417028,7.759578292513379
2007-12-14,9.777608676870335,97.72700631301876,2.102586688349541,4.43043966512134,7.962681128117223
2007-12-15,11.844667336242692,75.61335508481314,2.258970880748969,4.593357835905088,11.40777889373782
2007-12-16,13.359658544864459,77.2413658390703,2.0861229261461975,4.823665883695376,13.932764241440763
2007-12-17,14.932722696794015,84.7473549493798,2.2015056827725914,4.702155356721492,16.554537827990025
2007-12-18,18.426068650848656,87.825242699586,1.9522108199978567,4.329556474823614,22.376781084747762
2007-12-19,16.572978869606057,81.72464039635247,1.9379620640646065,4.5294195602198295,19.288298116010097
2007-12-20,13.520184410109719,78.68117997655035,2.1933415639733966,4.615226703351929,14.200307350182864
2007-12-21,13.942951376291933,68.79059676053006,1.9237862320882262,4.111117689259398,14.904918960486556
2007-12-22,10.992411906086573,80.69982623834221,1.80118717435885,3.959287009031418,9.987353176810956
2007-12-23,13.94446059202283,71.75966065136721,1.9745061460958893,4.064833136432021,14.90743432003805
2007-12-24,13.134024083239584,80.0146665740431,2.126168096869893,4.463522089241081,13.556706805399308
2007-12-25,14.968155681014268,89.69479557803803,1.8562556982546239,4.436154104423548,16.613592801690448
2007-12-26,11.518307169343032,83.07031621565731,2.5051346831470944,4.486850488714324,10.863845282238385
2007-12-27,15.558039542723517,82.78762094615797,1.9949938967644458,4.617922298032212,17.596732571205862
2007-12-28,18.598216739007732,67.58645672510752,1.7230900469392678,4.35094905965824,22.66369456501289
2007-12-29,13.673719554629427,83.83403768061363,2.8210900713869833,4.4443514433169025,14.456199257715712
2007-12-30,15.205135166296824,75.70715787045484,1.9107384671129577,4.259879455609073,17.008558610494706
2007-12-31,16.07043197513334,64.43074671946889,2.565190107335466,4.293213392231088,18.450719958555563
2008-01-01,12.796338584342491,90.58124656601592,2.2145806116101916,3.5088247518022797,12.993897640570818
2008-01-02,14.67227744543125,77.95832939110147,2.147274241748902,3.484856180933906,16.120462409052084
2008-01-03,14.037777202345385,80.31622812217198,1.8017686202170409,3.613302526245236,15.062962003908975
2008-01-04,14.293028295646495,83.77522769662387,2.0564319015800003,3.731773306915395,15.48838049274416
2008-01-05,11.6809706484336,90.06784424087306,1.7750866552756626,3.446453016865495,11.134951080722669
2008-01-06,14.073530522776828,73.96062231113132,2.2326007275815156,3.5468673446933625,15.122550871294713
2008-01-07,15.49399487373635,91.66468772177177,1.9707411296831046,3.358807926981619,17.489991456227248
2008-01-08,18.353430823385125,79.64018914731942,2.0191046117361466,3.3547131465126148,22.25571803897521
2008-01-09,16.87781247825562,73.56239462877944,2.67735292325862,3.4148635094687916,19.796354130426035
2008-01-10,20.45954737253467,80.87563804698101,1.710310234296902,3.225088757340385,25.765912287557782
2008-01-11,11.697957311335852,74.90427115077652,1.63696471243861,3.202053940402394,11.163262185559752
2008-01-12,16.616961910162033,79.17583831416265,1.8714168542128888,3.334318600928569,19.361603183603393
2008-01-13,14.550026017215055,92.03946305669294,2.183932728920935,3.3216069680579476,15.916710028691758
2008-01-14,20.56940879965302,64.87054990504168,2.514787929942626,3.309058634257889,25.94901466608836
2008-01-15,11.575105143934547,80.524536941446,1.880014336260276,3.421670689336432,10.958508573224243
2008-01-16,11.480834473457673,79.86383233998694,2.281155849355709,3.4913963501137673,10.80139078909612
2008-01-17,12.201822063667933,77.47542544454275,1.8008175828636526,3.478916373288481,12.00303677277989
2008-01-18,9.0,76.27073193976811,2.003960948688067,3.63867635195571,5.0
2008-01-19,12.422734934957717,85.44337333174721,1.4550982967379111,3.4328866484773193,12.371224891596196
2008-01-20,11.722602015338907,75.15128461997396,1.5866068395653359,3.403674340069046,11.20433669223151
2008-01-21,14.451181359428624,56.84264261134101,2.2822605825568245,3.52315284150136,15.751968932381038
2008-01-22,15.025267927331479,67.92252261103526,2.3326544745949596,3.8780969825933314,16.708779878885796
2008-01-23,19.628512517647657,77.52076861868532,2.300703500398213,3.7015308015810815,24.380854196079433
2008-01-24,16.85127151455815,87.24304767656413,2.1399161904913435,3.5401241955601006,19.75211919093025
2008-01-25,12.269289033012791,84.43379989458687,1.192369888071744,3.3699882031277637,12.115481721687985
2008-01-26,11.304755985954927,62.730762808188715,1.793419485103392,3.515572776673567,10.50792664325821
2008-01-27,15.475757514519517,84.42897446751692,1.567356143697345,3.414021542240481,17.459595857532527
2008-01-28,10.039300378938073,80.8604885935937,2.0099537785153614,3.37528917171667,8.398833964896788
2008-01-29,19.49437629756306,75.77717847475549,1.9374846035573927,3.3220454605593814,24.15729382927177
2008-01-30,17.538320362163862,75.91858463671547,2.2910807198163083,3.6206851094421535,20.897200603606436
2008-01-31,12.592473043685885,84.68638151481758,2.484721634912067,3.8847890331326957,12.654121739476476
2008-02-01,9.0,82.33158210092982,2.34513192909015,3.478565553070531,6.434327354545612
2008-02-02,18.061617122496237,71.91546845359356,2.1225084655820163,3.222537414650154,21.769361870827062
2008-02-03,13.656380464242146,71.28829601433837,2.5057740494381324,3.6829099037329716,14.42730077373691
2008-02-04,17.713448935920386,80.8842919267005,1.9075228972452354,3.630186633419245,21.189081559867308
2008-02-05,9.216717023616898,94.81920780404033,2.3109376133281185,3.3880859404259254,7.0278617060281645
2008-02-06,12.201874931138681,88.40166411330377,1.8215049840201556,3.2701194458130036,12.003124885231136
2008-02-07,14.01573109915455,84.75367386394966,2.109131499875724,3.4004891618936406,15.026218498590916
2008-02-08,14.140941781294226,71.46036550119662,2.3164492124037404,3.520531572730543,15.234902968823711
2008-02-09,12.64980358556227,73.4816610507526,2.131494050604613,3.461893166359147,12.749672642603782
2008-02-10,15.868549797042496,85.28830689739448,1.7881697953904525,3.528746867663317,18.114249661737492
2008-02-11,10.797138711852217,86.39809535143338,2.0650944357781746,3.5582510107851513,9.661897853087028
2008-02-12,13.572861544936119,73.5280550666487,2.303484475288772,3.5349547064418885,14.288102574893532
2008-02-13,14.360886895135696,78.65556111213465,2.289905138063174,3.410432678112007,15.601478158559495
2008-02-14,15.543316502176246,73.29303567701804,2.7984112027867933,3.3811011337610304,17.572194170293745
2008-02-15,16.13484463426667,75.35933586338163,2.222401066832425,3.4364854824371514,18.55807439044445
2008-02-16,10.626073724486393,88.04431847632371,2.145314565748623,3.551778789971376,9.376789540810654
2008-02-17,9.397657487793133,77.73232752266036,1.5311771894881632,3.490423041998869,7.329429146321889
2008-02-18,17.83303046569553,72.56311732753126,1.8953065055070006,3.634762833965876,21.388384109492545
2008-02-19,14.996942035938774,68.1196898240914,1.6565743259099055,3.8157565932515154,16.661570059897958
2008-02-20,11.75454039033034,78.82403682801886,2.5087101897118194,3.586737364759609,11.257567317217232
2008-02-21,18.653455926567567,77.52141291233596,1.95587058338134,3.6874227877939134,22.755759877612615
2008-02-22,14.347023902878576,91.55743395682583,1.6329339233703377,3.7361587587639518,15.578373171464293
2008-02-23,17.53789155219148,73.1776593543491,2.041578892801335,3.1683673261255043,20.896485920319133
2008-02-24,14.202555444230327,72.33797462865785,2.019683414874271,3.301350130568023,15.337592407050545
2008-02-25,20.18224377464596,85.01313433328136,2.2073817739352193,3.306362008533008,25.303739624409936
2008-02-26,19.266022527329614,81.74349990477786,2.143916732237043,3.7995096981670704,23.77670421221602
2008-02-27,13.25310755456278,79.95248474996426,2.190265226991141,3.633616555278639,13.755179257604633
2008-02-28,16.914712852863065,81.28810095120026,1.9947322867343564,3.264030936724695,19.85785475477178
2008-02-29,15.936127848755444,76.30414309752469,2.1080553712897836,3.263347879491807,18.226879747925736
2008-03-01,18.105894672597046,80.60913539749112,1.4847470405683398,3.103233903552805,21.843157787661745
2008-03-02,11.105229618259687,86.10582654962694,1.5305633219047567,3.154371970206851,10.175382697099478
2008-03-03,16.05815437999532,71.02621045410464,1.9271070176091045,3.912173888795311,18.430257299992196
2008-03-04,17.175273460548762,87.0980040774284,1.918288726672387,3.583744405814807,20.29212243424794
2008-03-05,9.0,88.54609827959098,1.5721922843808784,3.779774603787951,6.206302567884428
2008-03-06,10.450224462002675,75.84181460449486,2.357549013362005,3.306704685162288,9.083707436671125
2008-03-07,9.0,103.17473655489715,2.0362442426734395,3.5567652409496087,5.0
2008-03-08,13.191779496666326,95.09428104955902,1.879452737058843,3.4171420899066107,13.652965827777212
2008-03-09,16.152626767387886,66.37377621205755,2.10231049259362,3.4730770681028473,18.58771127897981
2008-03-10,18.507071156288085,88.15742466519029,2.2436549417687597,3.297748928885467,22.51178526048014
2008-03-11,14.222284341259325,86.01709896732639,1.4978571872469226,2.880767622694867,15.370473902098876
2008-03-12,18.885846636713875,71.34151384859662,2.245569265475361,3.5496138374588297,23.143077727856458
2008-03-13,9.859695625355325,84.11961252635056,2.0730551265490296,3.2513583165059905,8.099492708925542
2008-03-14,9.0,76.23582749797029,2.210712656594519,3.7130341279588923,6.483087803224226
2008-03-15,13.833356903310143,87.16656705200738,2.214991250658914,3.4587142088092175,14.722261505516906
2008-03-16,15.152196346817922,72.23052440205642,1.683603440879343,3.280053658154989,16.920327244696537
2008-03-17,13.90191575571772,72.0829877545987,2.37662855401755,3.3827387960754822,14.836526259529535
2008-03-18,9.0,95.10306301914383,2.2936635685162727,3.6863377265856037,5.0
2008-03-19,13.732639881461635,80.31076431194612,2.4370602095620075,3.5814853277992067,14.554399802436057
2008-03-20,10.08659149848544,86.2082423488731,1.7176090753546784,3.101996077598904,8.477652497475734
2008-03-21,16.009017646490115,87.90553906384108,2.179288648570094,3.7166589145203845,18.348362744150194
2008-03-22,15.099794738290544,78.94515371149497,1.7687952891183412,3.5053960250358296,16.83299123048424
2008-03-23,11.180360641017934,76.66029454583435,1.6805424548084669,4.042278763796344,10.300601068363225
2008-03-24,12.45839924798992,84.09015026164317,2.3996755971222234,3.346385865399309,12.430665413316532
2008-03-25,10.822359434333144,94.30967104301993,1.809495982433474,3.708401599063769,9.703932390555241
2008-03-26,13.811962708180484,81.26902013260316,2.1518790751122396,3.4920346904385484,14.68660451363414
2008-03-27,16.865426961503715,83.42796175503048,1.9620537340536335,3.26957295554055,19.775711602506192
2008-03-28,11.042821860993369,78.54275234262752,2.2954489414103705,3.452557770596262,10.071369768322281
2008-03-29,15.512139546553533,82.78556005349074,1.8774108736046835,3.4208190923762247,17.520232577589223
2008-03-30,12.409227144882678,76.02215202529347,2.135591765338298,3.5286478345498735,12.348711908137796
2008-03-31,11.621381503212968,82.96420906845628,2.257827371977856,3.1723086532579807,11.035635838688279
2008-04-01,13.678908920136326,87.93881656302064,1.1443956721453197,3.705428463342153,14.46484820022721
2008-04-02,10.894273032741879,91.53597704781725,1.9558576408219588,3.384258438486605,9.823788387903129
2008-04-03,12.339052083958453,87.57736443760773,1.629872387983531,3.7016027773196,12.231753473264089
2008-04-04,10.406366322233454,83.73131728833339,2.483679221670222,3.325903705609186,9.010610537055758
2008-04-05,19.89417539874917,95.86517401626067,2.244393469649843,3.9123165631867405,24.823625664581947
2008-04-06,14.105790655915186,79.56616558071927,2.0339422073103584,3.3309942717556007,15.176317759858643
2008-04-07,11.900823476022243,78.63937891555469,2.268744521822281,3.4940346453586333,11.501372460037071
2008-04-08,14.641939732202665,65.43084858682867,2.1183572640756956,3.1893803053247214,16.06989955367111
2008-04-09,13.663015850927511,82.65955454781984,1.8147264182586513,3.395082908614059,14.438359751545851
2008-04-10,13.33709120140033,85.45333007561311,2.4703559499750574,3.5368116965807648,13.895152002333885
2008-04-11,15.842500100130275,89.01511775976587,2.5541668603433894,3.638848624103128,18.070833500217127
2008-04-12,16.272523130141916,79.17933954964353,2.3132502695561294,3.6930739256731435,18.787538550236526
2008-04-13,12.408496557168418,98.66625218516361,2.321276926769457,3.3102348257368006,12.347494261947363
2008-04-14,12.27254527806596,87.15652401427897,2.017633083032735,3.5117019245742545,12.1209087967766
2008-04-15,13.174844908545069,71.55211359864094,1.880755662558422,3.383332582586758,13.62474151424178
2008-04-16,9.0,83.2235437741278,2.2777123353212536,3.608213613252909,5.0
2008-04-17,9.454426813404343,79.96067708752453,1.8118532249454846,3.5398951762066235,7.424044689007239
2008-04-18,18.100622802333575,90.7634420519983,1.9927277167280306,3.465086507259821,21.834371337222624
2008-04-19,18.93490314050385,80.44894667920644,1.9126014673037368,3.824739669299476,23.224838567506417
2008-04-20,13.252891881330864,73.40315901408138,1.712979975336666,3.670854235708809,13.754819802218108
2008-04-21,15.729670889167298,82.60773726102899,2.1785520349582193,3.5587597235895245,17.882784815278832
2008-04-22,14.933750463630608,75.7315307350135,1.9832731565657788,3.422164261981465,16.556250772717682
2008-04-23,23.236642425365712,66.05521788941833,1.9665848294101675,3.2921450015711846,30.39440404227619
2008-04-24,17.35872473430373,73.30872712792157,2.5072435035176954,3.5990837530783377,20.597874557172883
2008-04-25,13.6162472255577,81.27599334990333,1.8360499915408228,3.194360863126204,14.360412042596167
2008-04-26,11.133378678198723,75.69619222740366,1.6892577525960413,3.576560928161737,10.222297796997871
2008-04-27,9.180661039227282,90.48811492045526,1.7841877933650747,3.8244622730988285,6.967768398712138
2008-04-28,14.61039090760167,69.47981252800884,2.126659223480444,3.275596191541341,16.017318179336115
2008-04-29,11.73094776414709,73.85967976982805,2.397547153778992,3.7605111695141344,11.218246273578483
2008-04-30,9.733238871206979,72.04128305462199,2.044588363159193,3.336112561931091,7.888731452011629
2008-05-01,12.06028134727242,81.37108802249472,1.6862366335298264,3.528896549882169,11.767135578787368
2008-05-02,10.755355989156815,91.09324342278246,1.4738437194086083,3.434759896374912,9.592259981928025
2008-05-03,19.061424905217695,80.1838344126732,1.884803589553502,3.3076844111848986,23.435708175362823
2008-05-04,16.64491927084835,78.46132911191516,2.431755410051928,3.587169800889558,19.408198784747253
2008-05-05,13.976082076050147,90.05420866774276,2.108325117581164,3.259608742818809,14.960136793416913
2008-05-06,18.43983241667008,98.55345578024135,1.73626117181149,3.6497858791539874,22.39972069445013
2008-05-07,14.232104922942854,83.19639716535667,2.08242103649769,3.4586242284341355,15.386841538238091
2008-05-08,11.416147396015209,64.55124053278911,1.7963867166190919,3.2791234412109445,10.693578993358681
2008-05-09,18.56937223180897,69.97023142342998,1.9279338830439725,3.4230351027868147,22.615620386348287
2008-05-10,15.616730131053977,84.39840027245405,2.2447415058048437,3.5290020681537744,17.694550218423295
2008-05-11,10.88826153702063,83.03984027687167,2.2734089288287276,3.6593456832330507,9.813769228367718
2008-05-12,13.428983965749175,62.962372951737294,2.124650913152508,3.3300708704385866,14.048306609581958
2008-05-13,11.373145239845728,84.1536881724726,1.7705229083576692,3.6844786576337154,10.621908733076214
2008-05-14,9.851600807106992,85.16037394747057,2.174376319168495,3.231805247632901,8.08600134517832
2008-05-15,16.778532642594925,69.2678538038137,1.9790022569564114,3.3893293899416346,19.630887737658206
2008-05-16,19.72824992141039,93.11526435778939,1.7849063562857364,2.9644966968395274,24.547083202350652
2008-05-17,9.804297278542577,81.4212939998103,1.7024219162310161,3.718630852263216,8.007162130904295
2008-05-18,15.688907710071712,84.51047834207775,1.9062660170019594,3.1261092548723135,17.814846183452854
2008-05-19,12.048072292634519,75.66519008705359,2.036768639307252,3.38229240170773,11.746787154390866
2008-05-20,12.538623848705912,93.72030166443989,1.9801097060683257,3.417130845509749,12.56437308117652
2008-05-21,12.222818227283392,98.86859325299676,1.0951308905381036,3.687073382796928,12.038030378805654
2008-05-22,11.408027690960552,81.62158763701156,1.8889122762835027,3.523172431693495,10.68004615160092
2008-05-23,14.145564883834481,92.26498446852514,2.560938522261533,3.612886343692624,15.242608139724135
2008-05-24,11.507149650766888,71.2401109313594,1.618344264999773,3.473882693409088,10.84524941794481
2008-05-25,14.811370477339516,80.61298732152716,2.3148126883020894,3.3782917179335357,16.352284128899193
2008-05-26,13.84928567165259,72.6729775011404,2.2396798261220328,3.728332548225026,14.748809452754315
2008-05-27,13.283155859400772,78.81629797918619,2.0630774348668135,3.7718512824096306,13.805259765667952
2008-05-28,11.277309013875207,72.8516239108508,2.4805698447427336,3.5052781729389495,10.462181689792011
2008-05-29,12.269686008295002,77.83430334222022,1.7635980659293857,3.5497501422444038,12.116143347158337
2008-05-30,16.26617367747727,85.4615483436006,2.0010111438748597,3.529857743416441,18.77695612912878
2008-05-31,15.502751562873142,67.09017618693683,1.9818671337744314,3.3382777212681076,17.504585938121902
2008-06-01,11.067334265604346,70.15198024737606,2.2214286090285515,3.6416349423797327,10.112223776007244
2008-06-02,14.297996916287678,76.9260971071657,2.275400277949156,3.8234312897625586,15.496661527146129
2008-06-03,16.254161370115366,85.09146578846546,2.9164480340435963,3.3691558713694465,18.756935616858947
2008-06-04,9.0,94.19187565595408,1.9575100173046995,3.469329688747145,6.652973594393142
2008-06-05,15.630080577139806,77.12164328022055,2.2775470547438763,3.5562078933417913,17.716800961899676
2008-06-06,12.01212872316246,79.68182003810429,2.5090553940925284,3.3624952528357737,11.686881205270767
2008-06-07,15.711796005779478,76.42656608602972,2.0422600041915153,3.779857532976191,17.852993342965796
2008-06-08,11.71022253037245,75.28095297314651,2.056630845636146,3.36790166232404,11.183704217287415
2008-06-09,9.0,81.24886671311371,2.4850021556529724,3.5636009273589746,5.975589496677404
2008-06-10,9.117372686350512,76.3282382191016,1.6918474676195698,3.4728001093022165,6.862287810584187
2008-06-11,14.144254839984146,86.42375504776953,2.3120474259215147,3.5085686186300706,15.24042473330691
2008-06-12,14.779167505164445,78.46435770508155,1.8076487041026412,3.4732162091943835,16.29861250860741
2008-06-13,11.287050124686775,84.9829512797734,2.0049304702178232,3.7802394388136356,10.478416874477958
2008-06-14,15.915777376332121,88.72348595124316,1.9757674481556589,3.6196671297606136,18.19296229388687
2008-06-15,9.01543981319312,86.04999421709446,2.498638443018409,3.7988911383051502,6.6923996886552
2008-06-16,13.80176060405805,74.14640549462224,1.727912218734081,3.768108481484805,14.669601006763417
2008-06-17,10.36695140071263,83.66103458055125,1.4002223448815903,3.2365998654683175,8.944919001187717
2008-06-18,12.044491676593523,85.74799920081269,1.892312226694226,3.357733912360745,11.740819460989204
2008-06-19,14.142196013949242,78.52675055773247,1.6994835159120965,3.547467598386601,15.23699335658207
2008-06-20,11.418759904148143,92.00949389550344,2.088562660880969,3.738094976694462,10.697933173580239
2008-06-21,12.846333367310525,78.9068222656546,2.261567992015043,3.4908603492675216,13.077222278850874
2008-06-22,17.018878427643322,75.92491831049804,2.1853683828978845,3.7621071268025257,20.0314640460722
2008-06-23,12.269324391430555,75.13758729028737,1.637914884271914,3.326653711406191,12.115540652384256
2008-06-24,16.507076336195425,82.37037008263484,1.5737910646162332,3.376609455110561,19.17846056032571
2008-06-25,10.610879436027146,85.91288613915138,2.1857683857667296,3.4723073569708816,9.35146572671191
2008-06-26,15.589412533745849,78.46979748091638,1.6862845138358433,3.5472008457557367,17.649020889576413
2008-06-27,18.3247058619737,88.42530992009927,1.5704523023952655,3.6027323852562962,22.207843103289502
2008-06-28,9.0,95.68068912245923,2.496858109506917,3.3719855691428733,5.0
2008-06-29,11.60931423358857,73.59492515846591,1.9255477526495048,3.825965965675208,11.015523722647616
2008-06-30,15.73121638154162,85.61853172479401,2.098685987294818,3.5099330679482645,17.8853606359027
2008-07-01,13.390863841871022,91.45796469518619,2.1239734483809936,3.444817607244019,13.984773069785037
2008-07-02,15.113437620113926,75.68877795274561,2.06238706851337,3.466796744721701,16.855729366856544
2008-07-03,12.188044439852538,70.20559577018305,2.0499538441623715,3.7694437946967296,11.980074066420897
2008-07-04,14.2597693624187,84.86803414592255,2.1261724031170224,3.5539513304470494,15.4329489373645
2008-07-05,13.532968293823762,83.41071273780842,1.8265745646485374,3.5167990719014113,14.221613823039602
2008-07-06,17.50334618497942,74.77054626882605,2.062435059918752,3.2576127026916106,20.838910308299035
2008-07-07,14.763262529903638,84.3761752170725,1.8235266632642695,3.0722507675081383,16.272104216506065
2008-07-08,15.012807986225607,82.90572652882886,2.2512561008610183,3.3884028763185863,16.68801331037601
2008-07-09,12.764369101632598,78.80656340197763,2.0300862909772275,3.3991823388929014,12.940615169387662
2008-07-10,12.53718132778252,84.84029795063178,2.012062078297994,3.3900661589651326,12.561968879637533
2008-07-11,12.702325436541138,77.87786071083903,2.1308522909180345,3.40690244249544,12.837209060901895
2008-07-12,15.18335642713489,84.645830445795,2.3550911638275567,3.235033342269444,16.972260711891483
2008-07-13,12.73704655753921,60.041097240507284,2.304866252457233,3.572084919899131,12.895077595898686
2008-07-14,14.869324570689239,76.47222464885354,2.1800743811994288,3.2140713786828226,16.448874284482066
2008-07-15,20.226202395936316,80.59047421133602,1.932935596042309,3.557875195073042,25.377003993227195
2008-07-16,16.613374110295076,70.91847302193791,2.437514342706933,3.5793888206177256,19.355623517158463
2008-07-17,27.248053355609017,85.48596054728128,1.9584058734266718,3.4447957547512797,13.369882339160794
2008-07-18,13.896754652503327,78.72650812343305,1.1804128529158946,3.2119104948739623,21.006069610819722
2008-07-19,11.466468458928842,92.79076261451699,1.7063297393267804,3.4823878341535335,12.959623134892244
2008-07-20,22.32401602125749,51.31703171661736,3.0266036603151294,3.3522294394948458,5.0
2008-07-21,9.0,101.38742154299749,2.8695222554889384,3.5607360344609544,9.95956844541298
2008-07-22,19.520280796821346,104.95965270291852,3.5614307891308954,3.300977935385649,5.646040394870722
2008-07-23,24.548544608640892,89.66770265991916,4.965854874584158,3.856660727232895,13.242432579793457
2008-07-24,21.193326001869274,74.33898844898033,2.402674931617109,3.5218947697102645,15.092091895947759
2008-07-25,11.770039513337553,99.00587467870054,1.1587274506415022,3.3201372195472776,23.382186561376415
2008-07-26,37.63577659080857,72.76642411922224,3.7407818426161596,3.381247236567676,16.634636868820813
2008-07-27,26.475364055122817,117.12833572300059,1.9014919381130506,3.5167934960486615,13.904497355955678
2008-07-28,37.86098164797628,96.43977322961113,3.821444812454548,3.4575596952786936,19.147027905917447
2008-07-29,25.096180586791736,93.12820389372365,3.845183111611147,3.496274018398646,5.0
2008-07-30,20.901080617062124,116.70484979552688,2.670620905196009,3.423908649182791,16.178072790542828
2008-07-31,30.859329714982454,84.9402373979706,4.272643172963255,3.6074799915554405,18.854325969434832
2008-08-01,27.74429122466836,102.11952183406018,4.071432469363631,3.389485711243602,7.607068771100792
2008-08-02,20.813202453716194,122.39058140893809,3.6890338291901434,3.571648449354993,20.718770216034645
2008-08-03,42.75827407029996,101.42029822517149,3.959404351167021,3.607445569036843,16.69248203747207
2008-08-04,26.786544099200974,115.39066993297085,2.9174015715215607,3.4076403525522454,12.923560430495993
2008-08-05,17.807280686341336,102.14584097413466,3.4973048315172734,3.545353187364901,18.163909330531425
2008-08-06,43.919446078717485,131.9805281221382,3.803280891730942,3.7615629872466854,26.35346428902198
2008-08-07,30.024439402910783,125.63744768951275,4.12802935187811,3.654063572820568,15.909331275292477
2008-08-08,29.960938270839716,125.06506036342515,3.1439006063904458,3.3178230932471298,16.24110293150168
2008-08-09,21.465134597877853,126.04416127310456,2.8955009610700486,3.493860157361414,12.70319550229878
2008-08-10,50.28047306924651,107.47566981168615,3.5564637989778927,3.8760199937109174,10.750778152676041
2008-08-11,26.80180236114603,121.18832331632053,2.195537500575119,3.6297414932275935,19.151679082721227
2008-08-12,38.34994878682167,109.66312553039303,5.187681748147318,3.5867831849455105,10.719580870455664
2008-08-13,45.94802140385293,125.826361570172,4.335242192498331,3.3373537625433682,15.357831186096963
2008-08-14,42.785500169907124,117.48845354874886,3.494276827951192,3.678644129291566,12.611712766174417
2008-08-15,39.69923609229776,138.50075333221156,3.531353669390474,3.2161789103268164,17.39489912873196
2008-08-16,27.3278496042889,121.06588874222415,3.6553398145995217,3.414485885355922,16.66831052643474
2008-08-17,35.2280836668029,110.55062733657418,3.9708596425353035,3.326311649869326,20.187699721289498
2008-08-18,43.97299093963429,130.94923574730038,5.063515649371401,3.177975806523682,12.449918005726264
2008-08-19,36.93790155775109,133.25147514510087,3.1131628503275377,3.4066764023458314,13.650625323533143
2008-08-20,45.62687567999014,123.3980038760054,5.9615277312114445,3.527826617595387,10.106181421088463
2008-08-21,50.218653152874076,138.1070128934902,3.2206919327966865,3.65122220510518,12.778533699619441
2008-08-22,53.229434851106696,133.5627406061342,3.0727365178903936,3.4405716713013903,16.88650246522426
2008-08-23,36.48468278455736,128.1000273953156,4.421238128813991,3.3418275152257375,18.78494308322676
2008-08-24,64.6319919692434,137.17958324039307,4.422121749528596,3.235053299181491,10.389173379111874
2008-08-25,53.96336416819775,145.74730374130286,4.707113723319963,3.7309189698208374,19.3480296005283
2008-08-26,48.574522064765134,159.4411206898939,3.3912360958988774,3.4604144268558503,21.778189294024756
2008-08-27,58.069233841083715,151.5679334606445,5.374160177331537,3.463932573215413,17.067174516118506
2008-08-28,69.04090923482332,127.1805001889557,5.559817728665451,3.772283031718271,24.38397906279033
2008-08-29,39.372592132721515,129.77885120222035,5.591830180680753,3.308072268221937,11.131054004482134
2008-08-30,49.84495768359859,173.8131042987684,3.8260264068161316,3.2731593342676772,8.776726483442914
2008-08-31,33.38431142689573,154.8998404894771,5.044346497209526,3.6502669923193127,6.106398755478606
2008-09-01,54.71768284941949,121.44272766485918,5.003973620382186,2.9192038812811236,179.45346672235587
2008-09-02,56.864330405989364,142.553770961752,4.937334482410609,3.5644091656176746,145.49678859204266
2008-09-03,54.3925854293991,139.2660648165029,5.084570900087652,3.532376978948315,138.8426417355574
2008-09-04,50.23431966730764,167.81630391854827,5.138068418851677,3.3235760700931456,165.40807926883
2008-09-05,39.839177988140456,149.6469655634981,5.136002666421403,3.5256721012083134,125.8051387084189
2008-09-06,59.98826946729415,170.39620227637707,5.199818775397473,3.749913412424263,157.2418784626416
2008-09-07,69.40818175367554,157.72507171474484,5.220919348220177,3.400671071887917,169.23410661964144
2008-09-08,53.801264118838425,178.00223380398648,4.725485929310725,3.852079116441537,160.26762873016338
2008-09-09,62.81459707924398,147.43977579340375,4.296862960180828,3.4357678053064116,136.13098113628507
2008-09-10,47.51366902205136,153.49711274196025,2.9585124376196874,3.069971907354449,200.21689245741356
2008-09-11,64.48123392130482,173.4985020330996,5.1269098705033205,3.357948523815724,171.73742974565016
2008-09-12,58.44117691216039,144.41133668773134,6.33183663430031,3.807638003792915,199.62304235523482
2008-09-13,56.25359757164727,159.02409480903003,5.307951373076012,3.40825511453779,167.1326083297244
2008-09-14,57.03473792909448,172.44512871357077,5.288842242933127,3.864254431850451,156.06642703285138
2008-09-15,60.73346028491239,159.04571966605602,4.449922443630777,3.618650160905694,180.3836184051032
2008-09-16,67.70652534906971,173.2029023755778,4.690898373573084,3.4454893997649547,172.0175908067689
2008-09-17,54.914459096318204,165.49081152333522,4.650742785231648,3.4903075697274693,154.1114375068395
2008-09-18,62.99954793569248,193.13905483076059,5.389569077259809,3.3853567589488867,208.39568517574992
2008-09-19,66.60940224659505,155.0733742045059,5.897213308984129,3.4694847466248757,167.8879288754534
2008-09-20,58.9135685566863,170.09944493120597,5.237215992568675,3.4095123200676403,144.8613389707553
2008-09-21,82.84390984869425,166.30529119912646,6.1489728119364,3.5852787120000413,209.56332107914665
2008-09-22,62.407330277156326,173.77622409684193,7.246999304211196,3.7397015025211915,174.2473730170809
2008-09-23,64.64450469093208,195.05484923380666,4.266296661355433,3.2393840268965635,173.51018881435417
2008-09-24,62.93824228377296,198.93286101667445,7.008238914521178,3.6320215457564675,151.69224825940051
2008-09-25,85.91725246181082,184.76907038360918,5.624893795684646,3.6758752575903353,223.15216306527316
2008-09-26,76.71735947585468,188.9443362023394,4.712185605106953,3.7396096372578445,163.8770549224729
2008-09-27,65.56608747946262,189.15877360602357,4.874431426890484,3.357281177782181,192.168989614113
2008-09-28,82.67338188264445,188.46176730204778,6.053353203070994,3.202525088141333,210.58573978414216
2008-09-29,76.19382484842868,190.1117775472437,6.911830909880798,3.406103374450872,202.1010053267286
2008-09-30,77.41096854536259,192.5720081922851,4.20885095609533,3.634127663330507,193.80691376015616
2008-10-01,73.36182938880391,186.85203296793193,6.06702065407819,3.704324381342665,162.300016167585
2008-10-02,70.88702504552067,191.16613023317413,5.957015977168172,3.550614208564391,181.47216995132098
2008-10-03,80.34918761596622,145.22698659452814,5.005294015130376,3.241772897151875,202.75600676085045
2008-10-04,74.05106686591762,194.65260069258986,7.651018508860741,3.3318840895145962,184.5898519335934
2008-10-05,90.0,178.08959481141466,6.053146057208401,3.370301035793832,205.73385586664202
2008-10-06,69.7868476286434,173.52954736303232,7.341290041713845,3.5129751585678775,216.63486817630283
2008-10-07,90.0,198.45794959707376,6.472393764293766,3.4994317936465102,223.58339104933538
2008-10-08,80.58003744491171,196.77925183607925,7.375307973941344,3.517915018259829,181.14307951041303
2008-10-09,84.6279799898159,195.28032910193193,6.90129495385452,3.700158021851159,250.9329210995791
2008-10-10,78.73950140999112,197.61965304927037,8.279072381084987,3.6731403126100974,223.68292022441597
2008-10-11,89.49463223887942,178.67030546778864,5.587345227222416,3.1533850654754567,209.6323835932854
2008-10-12,60.500939479531226,215.59116144541986,7.0482390111472935,3.3089629549401764,232.79073166153282
2008-10-13,75.98201921809546,184.2047752709901,6.808825517208399,3.119187478108265,259.6414887733328
2008-10-14,73.93007818643277,181.76531422166295,5.507287598896241,3.4938703771031108,184.89226464552928
2008-10-15,70.87517770747752,199.96367509031003,6.239104778996521,3.3133099187751704,210.49474715017294
2008-10-16,78.76423226311033,199.02562078642444,6.833963272598099,3.4467266520183726,166.0980334692001
2008-10-17,83.15051587448582,196.16867008499383,6.612131254391315,3.0568250775933947,216.18636398629383
2008-10-18,85.26644127831702,214.93692767808062,7.410287162494993,3.554250000057597,218.30788483850282
2008-10-19,81.15282050921616,218.01027098519435,8.849447754075399,3.5951057394077726,208.8834243578115
2008-10-20,73.48090389375486,220.0,6.597518746444506,3.718369689647386,195.24266191336716
2008-10-21,81.33922827679488,191.42035668810996,6.909389107500335,3.1383873834198526,166.0097096762335
2008-10-22,78.96202749429068,174.79197815915398,6.175192269788499,3.310502228635146,213.13734033490206
2008-10-23,85.03683644026232,194.1299473965768,8.191463948499653,3.428097998354596,233.44202301163983
2008-10-24,79.06095282784126,172.37133064138408,6.131578139684142,3.4140069053021715,191.17963088533136
2008-10-25,69.53165337006479,197.36158635147726,7.756210975761608,3.5510962751694155,210.46786524712957
2008-10-26,71.06672133398851,200.72325658116262,8.915647803516677,3.370247557644088,168.9704470649323
2008-10-27,71.47265286483122,199.21416293235336,7.79334616805954,3.265438424767838,208.14426127385028
2008-10-28,72.92948223189576,191.29719941086827,7.227604367879911,3.573773240330757,189.79902071177352
2008-10-29,77.17666148523415,209.46944966950645,8.584585854136293,3.1537818257974255,181.084974321275
2008-10-30,80.33429834683092,203.84728128546507,7.236034399507113,3.503045003892564,179.79272717567738
2008-10-31,73.78459884297375,197.6639606301774,7.619803524102741,3.415116638953309,185.79443502600645
2008-11-01,73.90319185159088,179.00496767954255,6.697647288027523,3.6076017576133794,199.98199964718404
2008-11-02,74.50128914967743,183.54652287913538,7.5011958350858565,3.5173265517713372,164.75673597608966
2008-11-03,68.80824136590903,171.0266821834586,7.325330247036269,3.5478801802403264,181.7243600353096
2008-11-04,65.11299097111441,182.83303352263943,7.2543389534667515,2.997867451592585,187.5038977733504
2008-11-05,58.053271015062705,155.05360477274607,8.896373884003072,3.677433806938389,165.01921550936282
2008-11-06,66.11622449022374,187.30839084190274,8.099312404006334,3.3986070362353105,221.599970700167
2008-11-07,75.04322814227132,194.15336925758393,8.750897247455894,3.690714394765347,167.2634237321065
2008-11-08,65.21541817310282,203.69317510532073,7.536963899485677,3.5556353821501916,169.6112617273302
2008-11-09,68.51689853930215,180.71278348295385,8.35679247587063,3.8203299730422104,162.10050767021673
2008-11-10,73.73145029929853,150.9715913870144,8.133666656442728,3.1763020668769073,216.3029350760957
2008-11-11,73.74616113267169,173.63583047016624,8.019549716452007,3.523181841232066,190.05810457198965
2008-11-12,60.525027505252325,162.22865537033104,8.148374105085677,3.5087829331658345,158.93482654179383
2008-11-13,76.71841033550011,169.42002242288208,8.13954036239835,3.553043219079623,198.4579645105327
2008-11-14,77.34138136000516,181.63857653420564,10.0,3.8126487892841414,179.01397388577757
2008-11-15,58.86442694870314,194.71061180803113,8.646523005508634,3.532672596824694,178.81173508889668
2008-11-16,60.89317601061269,170.48158446545466,7.930469504613209,3.472765923159372,165.44378915828426
2008-11-17,76.59324159420179,176.4244025466081,8.201298494433576,3.324468501799608,156.01168026086054
2008-11-18,65.47033312028019,162.4730585063055,8.413509065567379,3.6011679189315515,176.4219886477587
2008-11-19,48.46758287199809,163.31897855476,6.760731256998,3.614395043260651,157.4315887334215
2008-11-20,54.60899957504174,173.36041074795332,7.6421513389227025,3.4640997458516587,203.33511259150208
2008-11-21,63.392139772813685,195.74874051472582,7.665485367897286,3.438648921117489,140.28084456180457
2008-11-22,55.663400733207055,175.91893114521312,8.72197143715298,3.2876090930335247,195.05646879043223
2008-11-23,61.24099693168266,191.89170705985842,8.01778916578195,3.6468218764398115,160.77362302404399
2008-11-24,64.38820196753315,179.38026528634126,7.4867998255884265,3.488703613416568,167.64838134708882
2008-11-25,75.40771425163267,154.2191209999176,6.578662879094501,3.8206811924231006,176.99648866592204
2008-11-26,60.96669125082285,194.320430288019,7.915385317396554,3.938757465466997,146.39501409991126
2008-11-27,71.45130213851755,156.41814670432692,8.527395691236183,3.6435737402866892,174.95163436063942
2008-11-28,73.88169419951997,158.1832054730206,7.803512422834031,3.4539012481054927,102.1824562257098
2008-11-29,73.50673541933274,184.5738105388773,8.767503152486375,3.146546712326916,140.6002093355612
2008-11-30,63.890939972891,170.08624282929418,7.595221228588324,3.600974858084798,135.1854105198454
2008-12-01,45.48723520438498,161.67392521990823,8.128056883972885,3.2195512935178145,127.26321308589812
2008-12-02,64.46079247161802,176.43510160482955,7.619458983878852,3.4838926692227257,146.70090323842098
2008-12-03,68.74203781218574,183.24285331876064,8.984462821851006,3.5404348199109767,157.38166603030055
2008-12-04,59.28694702748441,159.82654353849082,7.995228082926525,3.37246833294301,162.38653330331945
2008-12-05,73.47279999286005,165.9381320972054,8.929018505231982,3.786954565745217,151.81753514400813
2008-12-06,65.97544268528806,156.4141399035822,8.834023060714111,3.495293982200485,132.35279736879573
2008-12-07,63.22360637206098,163.5127377098801,7.815288861546574,3.4429806339241322,151.71366208983667
2008-12-08,66.94911020577574,164.92207591050328,7.460765598191146,3.3231174769665657,145.485713897017
2008-12-09,60.50566848750638,148.31571362168492,7.472909733963524,3.157205633365045,160.38779002538698
2008-12-10,37.47687084354685,158.84152943597005,8.552055347362224,3.704568015276503,155.87206739196367
2008-12-11,53.00688838823707,190.7197327357928,8.168122465583842,3.799055476230462,139.60952827841257
2008-12-12,66.15798937927315,172.62624309828036,8.413480650982024,3.558788902055878,119.72160654344152
2008-12-13,49.70055960179428,162.1318737231191,7.226268345415148,3.552888215668687,123.27433021669172
2008-12-14,53.954155441975445,148.96188974969797,7.191210299469558,3.214016761104492,124.00421280723933
2008-12-15,46.96389013393673,132.40718198018624,7.507245989105498,3.430223393964687,127.36133998834154
2008-12-16,69.17460656806577,155.85996937631825,8.313418702430168,3.5114480620934283,137.69434188512838
2008-12-17,67.93581062708606,177.86479694476068,8.37841100546406,3.6683736271054466,145.30348780256116
2008-12-18,46.99356496790642,141.62388465937102,7.376036159759036,3.6331825252311787,128.6442928063591
2008-12-19,54.823545293435245,160.9978816088754,8.181386758502732,3.4802803426586224,128.65582909134275
2008-12-20,47.781854069500525,178.58765787799112,7.958186461216683,3.4594770771268673,129.8661261000001
2008-12-21,57.72600872515425,156.77223003096037,8.241534110787047,3.387285479849228,115.34856040401988
2008-12-22,56.46456139213218,167.81441122808133,8.159390249106826,3.7629021399615934,105.82548818047421
2008-12-23,58.46138650838999,149.72800109973795,7.621664116398473,3.4133893263080677,87.8912420537858
2008-12-24,54.20373467843729,143.06054717932204,7.466950377127303,3.739283419191074,107.76367950512922
2008-12-25,74.61228190917227,182.51096445547242,8.231472171211335,3.542284936351078,129.79624239868906
2008-12-26,42.48628729926892,121.10331166557991,6.881963432954012,3.4970276158749893,104.94177123920865
2008-12-27,36.60549574515305,149.61334484969268,7.709982578942031,3.064066512681444,112.91052591814787
2008-12-28,46.726246136323795,147.78533192145383,7.825615379089184,3.448737956857846,125.66195908157965
2008-12-29,36.907706778743666,135.8843014754466,7.500363426398252,3.1784511871950665,125.41378992845337
2008-12-30,37.09255990446819,165.26094011981183,6.231859791823485,3.4231234089624705,92.07600962334587
2008-12-31,40.602385992222715,121.65375620606234,7.467783569535291,3.4576561332067994,132.27452046240617
2009-01-01,40.81603714364375,148.62360219357853,7.770399388073886,2.285855971930529,133.5470017871097
2009-01-02,40.13724873278661,112.43603166022528,6.194705397121468,2.9587749276916884,87.06966952229547
2009-01-03,51.500590313240714,133.6543704102525,7.719327340166951,2.820287044847254,91.85659594051025
2009-01-04,42.88597138228506,124.78396430919305,7.868098276189668,2.3243890922863537,130.82181366292383
2009-01-05,45.08001243327822,151.32474699314974,7.393173692458863,2.7561288395534866,102.72959624156066
2009-01-06,53.250636389555865,112.74347040095424,7.444264880297161,2.4880149166139054,59.93777438429631
2009-01-07,39.546839156587296,127.95267134059799,7.881262556466616,2.810834963458729,75.00636990534626
2009-01-08,43.14169732649125,124.426857899162,7.156451101709668,2.616553920410213,96.67927416321704
2009-01-09,47.76478956616268,131.0797307288225,8.337550120914676,2.851922555260069,77.07248032764129
2009-01-10,28.88681243374791,141.74616732481942,8.66611895736468,2.8007584970258477,90.73152458727118
2009-01-11,24.92075592839534,137.05360211115402,7.460010797887121,2.7780031395671214,98.31459094033825
2009-01-12,46.3495837916721,130.0510909562059,8.532106164439242,2.642738034885249,125.5784254140279
2009-01-13,47.09740456711583,140.04992893270122,6.275108728884582,2.66453226181521,89.19092167544422
2009-01-14,59.25569656269025,132.575611806398,7.2560808844253755,2.546766169167652,115.11750265812184
2009-01-15,43.587339652095764,117.09915806537326,6.9446068698123735,2.795320584065176,120.90853657406875
2009-01-16,48.461143544516375,120.86409596631043,6.622601031683916,2.8418730960400858,119.68619338704153
2009-01-17,39.92008981905415,129.95854842543667,6.515454685525435,2.98339667963518,95.36175853437803
2009-01-18,43.44233390171295,147.99948457981714,7.402396476133416,2.453919940316776,49.06755037655386
2009-01-19,53.98321602431885,121.58824765841818,7.992933252702607,2.93825069724643,96.21649730807731
2009-01-20,23.23386390660782,130.1112547895244,7.362368079667571,2.7141988163725355,106.63466442293749
2009-01-21,43.11538167347667,124.31545000720885,6.912358242139257,2.1586270107591417,82.711991224625
2009-01-22,56.47179061481248,161.50632486705587,6.760901100426963,2.994722820571231,117.89167740150498
2009-01-23,41.22401568915861,106.11692971045154,7.412999533479303,2.7941196664382875,98.86333789601582
2009-01-24,51.75297080263697,92.52685859423686,8.039893727289236,2.9373336969005335,91.69880087638902
2009-01-25,33.095335061828976,126.95446900246262,5.909070368122419,2.425318472404066,100.72761422411676
2009-01-26,37.45329746604513,138.70661811924415,6.969305841563614,2.9052041564261595,84.33406369188424
2009-01-27,37.55852019975386,109.4283472294534,7.304064879545263,2.8314179950899283,26.477123345426257
2009-01-28,19.130239107065314,140.6043009760172,6.5495334429514,2.712774907424955,65.01722097059269
2009-01-29,27.106190280424208,99.22401685464999,7.4338041126507886,2.6568440846895696,97.61002721162373
2009-01-30,27.257257429444238,124.0781629013857,7.210161213482191,2.5512457968578817,56.181506531367404
2009-01-31,42.18943185006667,112.41438178966256,6.116482373495516,2.6865051857675306,66.53054989526122
2009-02-01,42.17077323256922,113.10553657041784,6.43111655465938,3.1790397030263273,48.769940388605235
2009-02-02,37.36648509003936,126.13877552764475,7.934268888014897,2.755927267492016,104.01178523736871
2009-02-03,40.947661884523065,117.64571451028849,7.134286872462936,2.6441795411764155,100.62984914836031
2009-02-04,32.62228856919355,118.86711313498049,8.012757735644353,2.770544618670861,47.98928876385207
2009-02-05,43.13158238857441,117.91773072899973,7.284752791357979,2.9287405109620313,67.27929334111502
2009-02-06,33.16708173460496,139.44543013132866,7.184159863023213,2.9474400130360614,49.39011904471904
2009-02-07,33.14033173425276,109.16084932644037,6.826100245541266,2.8596992295631294,73.96555944729423
2009-02-08,30.133323450029742,104.15917426769832,7.20014379790024,3.080966823463746,70.52699487817992
2009-02-09,37.31431349851078,115.16008502466221,7.1584804789154886,2.9873405514538924,75.23411143226531
2009-02-10,28.04976430580637,101.12579675229429,6.263194252363099,3.1364542159191684,64.30503562082441
2009-02-11,38.811451017584545,124.41705017980021,6.39580735367436,2.4672289340368576,115.0414574611027
2009-02-12,21.523452035562272,88.89368389348553,6.969306067810366,2.507917415390139,34.44152469978522
2009-02-13,21.369960284755095,108.38927269403281,7.597392832356689,2.2754658254794897,19.454599577936385
2009-02-14,35.241349524883,92.14235160804262,6.716915736222877,2.458435625279335,44.471529319304096
2009-02-15,28.614226928497185,106.8981597316313,6.3744895775723185,3.085233681616411,19.640234688794656
2009-02-16,25.272094477226585,120.42999106929497,5.838259326205199,2.3124500498940574,19.817421266546816
2009-02-17,35.60433282754561,107.98043991122326,6.385613626560143,2.808945416499502,28.30704024937399
2009-02-18,23.20642481634358,110.344027882378,6.513608467778555,2.371018027544598,28.556221891367457
2009-02-19,26.043551255919624,71.16347564407535,6.517889817494797,2.578701388347651,26.574304627665462
2009-02-20,38.41963005218218,123.56893196257398,7.010303952201391,2.5876917413202376,54.69771234224155
2009-02-21,39.11959037938843,87.43124985498187,5.440210137540259,2.9553929485488526,32.87621877829328
2009-02-22,38.96628245635617,117.50856678436975,6.315559027663479,2.6180785596177896,38.07637516921705
2009-02-23,23.710735720012583,107.67631392314638,6.222600709424118,2.6294222607831257,58.217988823352044
2009-02-24,35.394010336649956,88.88791972969638,6.975418194005651,2.9673497905499473,23.673549504371476
2009-02-25,17.537409635915086,95.38326793858111,5.876758536195742,2.6238779697546915,32.375748692572216
2009-02-26,17.45445442157835,93.78900715873,6.025537766304972,2.730723846764392,43.64853305519165
2009-02-27,9.0,99.69253578802305,5.41654245103402,2.8044335550103803,5.0
2009-02-28,37.25391335712372,90.97101403832603,6.922471952056486,2.618236113210929,5.0
2009-03-01,16.53977411061718,120.15340847826576,5.559086984179,2.8380837208428416,39.25567990928779
2009-03-02,22.01999742653965,94.54347531046353,5.73587014866879,2.5527282333496,40.84028561133796
2009-03-03,15.330308490380176,103.79631673344981,5.844951279998167,2.4597413855526202,70.95106936371488
2009-03-04,27.7548703737379,83.76562718334804,5.301314759782349,2.758451181910895,31.49523085066953
2009-03-05,18.76912426264838,76.15813860513028,6.010292068655514,2.9242937828281175,43.394794345161905
2009-03-06,10.916303586213825,56.650728113819724,6.117308646791579,2.945627723442141,21.75721379494719
2009-03-07,24.468784384456228,91.70388336197482,5.653909684817837,2.637126745885516,30.277877765035058
2009-03-08,9.046288833776236,69.20994141218803,6.323664032302243,2.491165672667065,56.34513683499068
2009-03-09,13.397528391024455,91.56166517699927,7.01846406951089,2.8203278909542764,5.0
2009-03-10,9.0,88.65653302068019,6.505868309904556,2.811525392710836,28.605658484766934
2009-03-11,9.0,104.06780791280104,4.570769495165688,2.6915510131695575,61.71173460154732
2009-03-12,20.26694303518318,85.23280950186945,6.959990927615749,2.4643264044703512,23.307351050853512
2009-03-13,9.0,84.02539777183388,6.368914979681242,2.2729330774883856,49.3447925979903
2009-03-14,9.0,92.90045160795202,5.92998655797247,2.687548447560223,5.0
2009-03-15,12.696511317703052,87.8060702720819,6.399065904561581,2.72059749771501,12.827518862838422
2009-03-16,13.072483629594082,79.9935733263729,5.5380493011200125,2.7421465713168796,13.454139382656804
2009-03-17,14.666401314901139,69.57835483024488,6.134892053143408,2.878739167856197,16.110668858168566
2009-03-18,12.563754135009567,79.36454816647674,6.509013360682398,2.8229924508412725,12.606256891682612
2009-03-19,17.767268376720562,82.18565347101986,6.5985543088429415,2.543961692150074,21.278780627867604
2009-03-20,11.316178093341488,69.74628670327634,5.373294832609798,2.7116797703501465,10.526963488902481
2009-03-21,13.439385067515923,75.39417291772641,6.58976019171426,2.565382810068403,14.065641779193205
2009-03-22,12.680806825177475,71.02573461908017,6.400518337738015,3.0721329348981126,12.801344708629125
2009-03-23,18.3409336530612,94.51358966601326,5.8316404244023,2.739791195157961,22.234889421768663
2009-03-24,14.589664329534724,71.64873681570316,4.779234335679398,2.722960983748391,15.982773882557874
2009-03-25,17.095533618405906,75.18193590216052,5.813314663520909,2.4333815646974077,20.159222697343175
2009-03-26,9.543318880889084,81.67171993030793,6.062856458679147,2.813644567486181,7.572198134815141
2009-03-27,14.801150797607777,76.18648618089867,6.534488240343225,2.3783024832664577,16.335251329346296
2009-03-28,16.66889238687031,80.6995930249423,5.247846047235098,2.671670558172535,19.448153978117183
2009-03-29,14.246851967826272,78.02217361458749,6.185090718880257,2.8390593340324526,15.411419946377121
2009-03-30,17.196441125196053,81.30273096422673,5.9963163830099875,2.241931103450924,20.327401875326757
2009-03-31,12.448134649698883,86.46645859026248,6.042274676939299,2.747584747857444,12.413557749498139
2009-04-01,18.22804232055674,82.6960839190835,6.3449714262015755,2.7745968236717053,22.0467372009279
2009-04-02,20.89669437085775,86.31960944959185,5.584367363680687,2.7807268581187894,26.49449061809625
2009-04-03,12.911484318681023,79.70772055717333,6.707115913430632,2.541830229056275,13.185807197801704
2009-04-04,12.663492435797684,80.15556846576818,6.102398243684624,2.429759189073528,12.77248739299614
2009-04-05,18.360153431353105,75.4936634295308,5.258392535734963,2.7733460828508294,22.266922385588504
2009-04-06,18.73871643719214,75.63506695231328,5.598941308440161,2.817595754799844,22.897860728653562
2009-04-07,12.431419918540195,74.63995186719801,5.455488240599233,3.043536865075727,12.385699864233658
2009-04-08,12.73943954871243,84.06823822275275,5.915125617555843,2.429902311430289,12.899065914520714
2009-04-09,13.154646173418477,87.55962901635938,5.031000336223629,2.641156709292811,13.591076955697464
2009-04-10,9.966648466897169,84.86817145193096,5.84893930113631,2.704258736398304,8.277747444828615
2009-04-11,11.244044160547405,85.86612495379177,5.639937280153955,2.5728337032650614,10.406740267579009
2009-04-12,10.987577699743795,80.7322898699603,4.836785798051786,2.9411056605772505,9.97929616623966
2009-04-13,11.696607304687614,75.88978906009247,6.3521016012754234,2.7797556209809624,11.161012174479357
2009-04-14,13.895945337839656,89.98478259917847,5.974083151970969,2.370493526466008,14.826575563066093
2009-04-15,14.702644197609562,81.46846884531723,4.8220852249661945,2.739042874356445,16.171073662682602
2009-04-16,18.65150147844223,63.30291989604005,5.6951906181534895,2.6323260465192146,22.752502464070385
2009-04-17,11.004937877783627,78.50854655058362,5.331739192902381,2.434917637712521,10.008229796306045
2009-04-18,16.95296719542975,76.33555651498514,5.142351878232484,2.4504637883874896,19.921611992382918
2009-04-19,13.358033467323473,78.96690361726803,5.481614478016221,2.6101179590510637,13.930055778872456
2009-04-20,13.851608871042702,66.49682616662133,6.074082229429614,2.638220407150362,14.752681451737836
2009-04-21,16.02445847649981,83.15930603554891,5.225052733095351,2.4100752379953594,18.37409746083302
2009-04-22,10.631833935313104,76.17430240393199,5.21497553413127,2.7827041930343115,9.386389892188507
2009-04-23,15.147229238552152,89.79125841984283,5.737742485856566,2.7987842976551485,16.912048730920255
2009-04-24,14.499356624639168,65.1644085504266,5.169522579830991,2.9774681032803807,15.83226104106528
2009-04-25,15.477353792024447,89.35847508766736,4.908662364525212,3.2669965393664357,17.462256320040744
2009-04-26,14.867505931723453,77.00754216166628,5.310463972320091,2.5619893123590236,16.44584321953909
2009-04-27,21.365900419732682,83.69192411743262,6.084856960406853,3.2419037229813603,27.27650069955447
2009-04-28,12.086780047246052,73.01017549273458,5.79843884964519,2.7291200345433846,11.81130007874342
2009-04-29,12.407009134994547,83.14739631412735,5.347643047293981,2.9537394316481413,12.345015224990911
2009-04-30,12.130578420725707,69.3795449046328,5.21489766146873,2.5996200039834805,11.884297367876178
2009-05-01,12.333568642519236,83.9012783318751,5.510929984233232,2.6815876385354533,12.222614404198726
2009-05-02,12.087838618080447,73.33383612214949,4.624179149883332,2.7488002367662205,11.813064363467412
2009-05-03,17.567049593322654,67.45562574712847,5.168820759512625,2.5995032181953284,20.94508265553776
2009-05-04,18.261512743969565,82.51791728586403,5.425405807912137,2.840707054197791,22.102521239949276
2009-05-05,12.287761118751572,84.45941798777788,3.839817481444912,2.5109831355162013,12.14626853125262
2009-05-06,11.502933280687314,78.11614175823493,5.138178714338855,2.4440095104726294,10.838222134478857
2009-05-07,15.414246669159212,85.69578368185411,5.9173139373705625,2.52838117368279,17.35707778193202
2009-05-08,12.343330867157086,92.95887070290972,5.295544933420607,2.4575277462625316,12.238884778595143
2009-05-09,15.898795453266532,88.40827521996093,5.996329358425772,2.6138523280255073,18.164659088777555
2009-05-10,14.608769062553899,71.31074349169138,4.98944235832808,2.795772921123284,16.0146151042565
2009-05-11,9.452767655008305,63.212095559671496,4.601603113575285,2.186488075662959,7.42127942501384
2009-05-12,18.642515603990184,74.92215740280975,4.517465674275233,2.7692111373261765,22.737526006650306
2009-05-13,19.387633019286564,70.29324500531756,4.178923064216952,3.0868764804943414,23.97938836547761
2009-05-14,12.161633928546841,89.33942941124471,4.875348247012957,2.6677996894247533,11.936056547578069
2009-05-15,12.836895320192047,76.2253856208047,4.123840031089792,2.548887087258413,13.06149220032008
2009-05-16,14.857596172174715,71.30109895522908,5.290318934742531,2.598985244970001,16.429326953624525
2009-05-17,15.003370369961075,88.52945639203965,4.46693907445052,2.518210210082619,16.672283949935125
2009-05-18,15.975632818018491,82.42854539201838,3.9381234999827344,2.851419159311331,18.29272136336415
2009-05-19,20.03061361629905,76.36590480327499,6.115318664182233,2.946227417393284,25.051022693831747
2009-05-20,13.469158317517852,95.98142569452669,5.161568957155997,2.986432437913246,14.115263862529753
2009-05-21,11.605108266384638,83.39273236937534,4.809994202186252,2.7689900685912403,11.008513777307732
2009-05-22,9.862042315956419,68.82017568919765,4.482357297739634,2.789134694879104,8.103403859927365
2009-05-23,11.807209880174243,67.99408443327647,4.690373387417601,2.7711614816294365,11.345349800290405
2009-05-24,13.90061908137861,73.3003791492829,5.352692433376078,2.5736811258728816,14.834365135631014
2009-05-25,19.383673590553364,88.56409604223231,4.003381536181128,2.797528411893388,23.97278931758894
2009-05-26,12.447166102891487,93.22501652331927,4.350306751578554,2.55115667035704,12.411943504819142
2009-05-27,14.671363854916695,79.55275553925122,3.8951211835256587,3.03556632609462,16.118939758194493
2009-05-28,13.950731311781745,75.46569881812579,3.9606868963315343,3.1662009890464127,14.91788551963624
2009-05-29,17.56517982034425,85.65063882302918,3.057270046379565,2.8417196894021397,20.94196636724042
2009-05-30,21.580797277620867,90.96889862045812,3.593745467346019,2.581838770778014,27.63466212936811
2009-05-31,12.407393681239038,66.5511820979452,4.197624324327501,2.712092763058867,12.345656135398396
2009-06-01,12.531681672445334,76.992193494289,4.706733462420415,2.6315477158626255,12.55280278740889
2009-06-02,17.132482631207218,85.19577254188764,4.101394501581491,2.53844988068069,20.22080438534536
2009-06-03,16.045674468878936,87.47793230135906,4.3037855914712075,2.441203446841777,18.40945744813156
2009-06-04,19.540121977208102,76.6274770046986,5.015565784054847,2.6379933755455376,24.23353662868017
2009-06-05,15.751784555977892,82.95417546129052,4.10751175514411,2.83988511609015,17.919640926629818
2009-06-06,12.922123727638821,91.50478952834263,4.417012041643035,2.651972362394586,13.203539546064702
2009-06-07,15.771964492076927,60.942692841311015,4.539452477357047,2.5349511854903026,17.953274153461546
2009-06-08,17.326110741748725,85.20630490129832,5.676697636616084,2.6385869136199105,20.543517902914537
2009-06-09,16.461446543592093,92.23075948226543,4.547440296186357,3.0002846667729908,19.102410905986822
2009-06-10,15.521822093321893,74.7657969136415,3.923168653260362,2.9233671167154216,17.53637015553649
2009-06-11,17.200024068767462,74.19821868001954,3.9366754445735763,2.527037594849861,20.333373447945768
2009-06-12,17.50788677133702,71.19841214909533,5.394578664080808,2.572618536070093,20.846477952228362
2009-06-13,18.14647697311258,79.60547296258987,5.609098771616813,2.9227081347926775,21.910794955187637
2009-06-14,15.946129662768929,84.96214572471169,3.818929751252232,2.6999403139618594,18.243549437948214
2009-06-15,13.498645759049436,72.65119024338111,5.0981214224905305,2.6874886157685425,14.164409598415729
2009-06-16,14.440141059299968,85.05922252660056,3.6955775266200823,2.508177619226643,15.733568432166614
2009-06-17,17.61952689952507,91.42857628213453,4.577788503908936,2.7353064026356484,21.032544832541785
2009-06-18,11.549192987038293,89.96404683076928,4.6550183072259435,2.384845318855106,10.91532164506382
2009-06-19,15.106019926618703,96.47896633303687,4.160099617482643,2.9348405840338443,16.843366544364507
2009-06-20,12.819983563017917,83.67740479051554,2.7120769204876387,2.514888859698389,13.033305938363197
2009-06-21,14.086234468804452,81.49780748280507,3.3404689845521207,2.737508461876072,15.143724114674088
2009-06-22,17.835355587821894,88.96430770680603,3.559296494790723,2.59656223283353,21.392259313036494
2009-06-23,14.57329720405971,71.13091088246458,4.432526630365869,2.6012234206746583,15.955495340099517
2009-06-24,14.139309644468446,71.40516218109146,5.012213278257385,2.6225943959905447,15.232182740780743
2009-06-25,9.920431577060242,75.49718238234632,3.778852479419182,2.931398131211584,8.200719295100404
2009-06-26,16.238760698081663,70.58962565825091,4.11985208163328,2.5711142570029613,18.731267830136105
2009-06-27,15.936452543423226,86.19167369676089,3.9717397740110973,2.6571995052456163,18.227420905705376
2009-06-28,20.48976416991638,81.38661116286526,4.131920091828901,2.4927695979146045,25.8162736165273
2009-06-29,13.076665295140998,75.83476522012656,3.622561130800073,2.8560867533090004,13.461108825234996
2009-06-30,14.657450982991817,64.02964354786499,3.8477269484740186,2.497348252961029,16.095751638319694
2009-07-01,14.748151051132266,71.76448984162049,3.109159430611892,2.583626716670751,16.246918418553776
2009-07-02,18.732359839290424,91.70701531429835,3.2453059354249048,2.7813544155452705,22.887266398817374
2009-07-03,13.714113402839144,95.7144771036453,4.617037418419297,3.069429559029772,14.52352233806524
2009-07-04,14.837064577311018,94.12618545211323,4.386489326464901,2.56791497704733,16.395107628851697
2009-07-05,15.823689529149618,82.09651761060759,3.7612309226458627,2.3099111448915366,18.039482548582697
2009-07-06,14.559827369469074,70.41418396494436,4.215648477222906,2.3909021683939016,15.93304561578179
2009-07-07,12.660699156348414,74.5685435586705,3.871053274425198,2.573290909332603,12.767831927247359
2009-07-08,14.582269978694923,86.04854354254975,4.229431077449064,2.484021526220943,15.970449964491538
2009-07-09,17.220895249579314,98.61540825121811,3.1502494984155662,2.709871442042097,20.36815874929886
2009-07-10,10.920454101766818,86.36888878602858,3.250275204869974,2.6540528875660616,9.8674235029447
2009-07-11,14.398909022440629,79.98319094308921,3.3901198437559734,2.343219745898458,15.66484837073438
2009-07-12,11.89963755518248,81.1432484873727,4.136644714546293,2.623120336135547,11.499395925304134
2009-07-13,17.585139886774527,70.14563273001188,3.9289797786756804,2.837391671246988,20.975233144624212
2009-07-14,9.430439285648676,68.63924560202224,3.0620483972133004,2.722937440591262,7.384065476081126
2009-07-15,12.323234458185235,74.56777591073057,3.377918055919773,2.8886900934855535,12.205390763642058
2009-07-16,15.131635625193562,78.94564059844262,4.081899390961114,2.781026249787702,16.886059375322603
2009-07-17,18.69657208770302,71.61943268364257,3.7364167306121026,2.8136917884164667,22.827620146171704
2009-07-18,13.802749216781036,93.70314512533936,3.2072915154544477,2.641725344270552,14.67124869463506
2009-07-19,12.334401419920404,73.36630119386957,3.887851305625934,2.649513513820739,12.224002366534009
2009-07-20,19.64347120832177,78.3552877228857,3.3346917506672664,2.2609842755811873,24.40578534720295
2009-07-21,9.655958298751269,73.08053380548742,3.209030180579929,2.9215827455145194,7.75993049791878
2009-07-22,9.0,70.7533899100193,2.468546024569002,2.6398061826177806,5.0
2009-07-23,15.320043350159997,73.66906653463914,2.733509221226139,2.6969096413102385,17.20007225026666
2009-07-24,12.493837326942167,93.13742298005792,4.328830940238625,2.78606373256106,12.489728878236944
2009-07-25,10.93630154860786,84.63062417576845,2.8610464529423782,3.048507734921401,9.893835914346434
2009-07-26,16.12506934189806,79.98558210636362,4.078274745701259,2.7081936256759254,18.541782236496765
2009-07-27,14.731402141313596,78.08968622858424,3.7817201362147217,2.5769017867007435,16.219003568855996
2009-07-28,12.307764107789815,89.78105671678111,2.277753724980334,2.8941831439937804,12.179606846316357
2009-07-29,10.159086803987318,82.20873538490305,3.137294879111421,2.920932674350414,8.598478006645529
2009-07-30,16.617371984840435,77.70314340758826,4.232153080143426,2.827196823151259,19.362286641400722
2009-07-31,15.950603533875983,83.46852609024941,2.4571252881203636,2.973549779080431,18.251005889793305
2009-08-01,13.702472408661851,72.27985462694545,3.2009480161985917,2.6229856419685085,14.504120681103085
2009-08-02,19.539910988143,76.67499535778319,3.939874585520692,2.599345797206575,24.233184980238327
2009-08-03,10.789745701021541,90.71860562267298,2.7366344704063446,2.6406469143903544,9.649576168369236
2009-08-04,9.423424487225784,95.56698241947652,2.5565299288924153,2.9253115128412848,7.372374145376305
2009-08-05,11.924275790356267,71.61697007817307,2.8898082014129,2.4441743757248835,11.540459650593778
2009-08-06,13.863241950933507,78.46426842186666,3.473221234529321,2.8962587539960047,14.772069918222511
2009-08-07,14.730018347968075,81.5985588952368,2.6403714961860394,3.145732350087697,16.21669724661346
2009-08-08,13.27629182643101,78.84129236673196,4.473648180468129,3.022752943500633,13.793819710718351
2009-08-09,15.05616618954289,88.15903454815579,2.950094397747044,2.6460929297561946,16.760276982571483
2009-08-10,10.245381727428668,71.27397627744102,3.4956770785418816,2.578961655738396,8.74230287904778
2009-08-11,18.331293812219776,82.84467414229391,3.9662173205720377,2.733230602993354,22.218823020366298
2009-08-12,13.753546464822293,86.858791844772,1.4952018850293223,2.9752592917717986,14.589244108037157
2009-08-13,17.351887494764384,94.44502485024344,3.3639157171041907,2.86729766075353,20.586479157940637
2009-08-14,15.028176039133113,69.67192515396908,3.950225528463658,2.7272780962900978,16.71362673188852
2009-08-15,15.370259657461352,79.04113446576358,1.8654150137992005,3.00127574442253,17.283766095768918
2009-08-16,15.709301840696611,82.44304535793464,2.3966145774031054,2.6143134774349477,17.84883640116102
2009-08-17,15.343125680051944,78.37623292690594,3.224481476000614,2.6705604262116767,17.238542800086574
2009-08-18,15.928168279602632,72.21407164617746,3.3590522944273022,2.6534111655592687,18.21361379933772
2009-08-19,17.987457590397295,68.7978922372206,3.392628672495988,2.5601826162380945,21.645762650662157
2009-08-20,14.58956350910441,87.42416230807794,1.9388927491928052,2.7322497233433407,15.982605848507351
2009-08-21,16.127011272765536,84.62317640568997,2.650357457038644,2.6017459193152255,18.54501878794256
2009-08-22,13.73079291713832,89.8736115955346,2.810795988319803,2.605226339390354,14.551321528563866
2009-08-23,18.32035164634842,72.77720746646783,3.14119175965437,2.877537611047765,22.200586077247365
2009-08-24,11.97082309382219,75.62706368086128,2.392336909174763,2.832003409838192,11.61803848970365
2009-08-25,19.402821298732448,93.91324507089527,3.2162827054856105,2.6658485111816472,24.00470216455408
2009-08-26,13.87952614806697,87.30423026694135,1.5211594539175881,2.674108691978239,14.799210246778284
2009-08-27,9.707674693645856,86.29297611021715,2.1701727835154645,2.5005075171678737,7.8461244894097595
2009-08-28,14.384313244732368,85.01420154658031,2.7721994826827245,2.5504714204237486,15.640522074553946
2009-08-29,11.956845027575358,64.48055201363017,2.79057653800983,2.6026024979016325,11.594741712625595
2009-08-30,16.521930646966172,89.22946221530611,4.233662362904481,2.199693015897981,19.203217744943622
2009-08-31,12.042128062092827,66.31528421066987,3.052277455108235,2.7907837630975325,11.736880103488046
2009-09-01,12.66144970035566,74.6114801004302,1.4930113531685658,2.9588950698332,12.769082833926102
2009-09-02,9.0,82.56231466512266,2.1889757241852092,2.8542637178733594,5.552296345272346
2009-09-03,12.64308104225277,81.51240382906896,2.6808460893212134,2.823252519622354,12.738468403754617
2009-09-04,9.0,76.48417648277511,2.33342353517436,2.8196553646931073,5.0
2009-09-05,9.24829152954283,79.81214460306825,2.5261059061504567,2.863807791813778,7.0804858825713834
2009-09-06,16.281243968432893,79.16615967919996,1.877956864139637,2.6078063232158986,18.802073280721487
2009-09-07,16.357400475952495,84.37915175241884,2.7954556490836433,2.862347905771964,18.92900079325416
2009-09-08,15.276372685354895,83.82845192023814,3.0897762666173074,2.371693223178625,17.127287808924823
2009-09-09,11.099071570612361,81.33662325541708,2.9336476311332675,2.7312926303846203,10.165119284353935
2009-09-10,13.85686593157406,83.71139548636343,2.9788075515652452,2.5535371142551795,14.7614432192901
2009-09-11,13.989192382728294,82.18097625064539,1.970486555999896,2.621241972981506,14.981987304547157
2009-09-12,10.52490593242237,82.42874454838858,1.9755490180517885,2.7718823766670275,9.208176554037287
2009-09-13,18.510194905301454,83.63343483448746,1.4308759220905976,2.6889065108243666,22.51699150883575
2009-09-14,16.632086871727015,78.85252872736916,2.407556594886725,2.2915385781760427,19.386811452878355
2009-09-15,13.337107478511008,79.02340608992253,2.0973179310959877,3.0865570180330906,13.89517913085168
2009-09-16,14.080657516983592,88.18004026357676,2.265173884080327,2.7626833075046835,15.134429194972654
2009-09-17,14.625148423842658,74.96977545581078,1.5771645029989825,2.630709346950622,16.04191403973776
2009-09-18,9.0,71.0078553946385,1.7467165968690002,2.767857270413267,5.0
2009-09-19,13.258467852438208,84.52174077677176,2.058898998436438,2.7096776505874405,13.764113087397016
2009-09-20,11.954047256006604,83.95808316360498,1.8053079901715317,2.6610112915957047,11.590078760011007
2009-09-21,10.995139970315254,88.79750891925707,1.7998101554087897,2.812617644566205,9.991899950525422
2009-09-22,13.156699121342136,80.6538408788261,2.567753649236178,2.5674972590822907,13.594498535570226
2009-09-23,19.393059580548567,81.7904748723699,1.7408459639284901,2.404535324349118,23.988432634247612
2009-09-24,15.922528583801029,77.9868414908401,1.9635240367311635,2.6325606290242494,18.20421430633505
2009-09-25,12.28646303065161,68.29587699674052,1.914037218015128,2.528500481925595,12.144105051086015
2009-09-26,15.717748344068475,78.44555379355481,1.527765423825257,2.426676844736189,17.862913906780793
2009-09-27,18.198066309758005,86.3928567877593,1.917253478118146,2.7952605209936907,21.99677718293001
2009-09-28,16.773901048738306,81.72845325862149,2.515895586386881,2.731294527724599,19.623168414563843
2009-09-29,14.178891109760523,87.99848124823593,1.8128261671114632,2.850947461434416,15.29815184960087
2009-09-30,12.059189666883277,85.09257605123024,2.2891722328178963,2.8577276643032032,11.765316111472131
2009-10-01,16.09466994084077,78.83574400650676,1.9631903390156153,2.836240899152013,18.491116568067948
2009-10-02,15.18045615626525,98.75886608101021,2.060401048100116,2.844371564219665,16.967426927108747
2009-10-03,16.685579660083196,93.02490130039317,1.854744714374489,2.804871433040792,19.475966100138663
2009-10-04,15.905515405045909,76.77795084037093,2.091104717349567,3.1185409218201956,18.175859008409848
2009-10-05,17.148658145958006,79.43186860052315,1.9098457952013221,2.5402254325296827,20.247763576596675
2009-10-06,12.394294365318295,92.13578666942979,2.4665146563150837,2.7141373632721404,12.32382394219716
2009-10-07,17.952182196902978,95.83523846767683,1.7031815080334605,2.7669911666537947,21.586970328171628
2009-10-08,14.592798814077199,94.40815452426924,1.8840909444019716,2.653864287252485,15.987998023461998
2009-10-09,20.225782617875797,70.24334514179216,1.3910322397091592,2.7398816799837675,25.376304363126327
2009-10-10,11.932436545731296,83.82006860500755,2.361140247377419,2.7502579510261005,11.55406090955216
2009-10-11,19.207891409495748,93.17559996991253,2.164632318288147,2.63606795554977,23.679819015826247
2009-10-12,14.593732350387944,80.3240434114564,2.171653269070574,2.9120884657998696,15.98955391731324
2009-10-13,12.045745989156655,93.38892068068337,1.8233152318149448,2.594863411961551,11.742909981927758
2009-10-14,12.548342497837035,80.21690092600086,2.1488788728373955,2.7568055914057523,12.580570829728392
2009-10-15,13.038958075417039,84.56113500851275,2.3047913422177553,2.7853950345613168,13.3982634590284
2009-10-16,15.27249783920575,76.72982626188025,1.8055877589525107,2.6760819394376942,17.120829732009582
2009-10-17,15.568506464106498,76.7996606812079,2.513982007981979,2.6340802938254013,17.6141774401775
2009-10-18,12.278899988184262,74.86234716279623,1.8700428367895165,2.3390774574037034,12.131499980307105
2009-10-19,13.926936223217051,80.42322370711054,1.7279616268996414,2.275792583589721,14.878227038695085
2009-10-20,20.42681107583559,73.9897957826427,2.3466098536683164,2.6385035955949485,25.71135179305932
2009-10-21,19.182629510302135,91.7649182855431,1.9512382720799082,2.524490430064012,23.637715850503557
2009-10-22,15.308971009022097,77.7892867288681,1.9513551077335258,2.4983662163216525,17.18161834837016
2009-10-23,14.114010434504602,82.7797480808191,2.1973684898673307,2.688425995100095,15.190017390841001
2009-10-24,14.360093980154783,78.25604596130437,2.217360366658988,2.8814835913641903,15.600156633591306
2009-10-25,15.840553918191251,90.29294339908014,1.709494110842425,2.6556307955941256,18.06758986365208
2009-10-26,10.931622304404783,81.794408483593,2.0220369154718862,2.3608470523979586,9.886037174007972
2009-10-27,13.227870387729965,86.18203251433114,2.1124044739749763,2.563291680630656,13.713117312883274
2009-10-28,9.0,82.2432149942169,2.1108548085036127,3.063513324789712,6.657079630612053
2009-10-29,15.197669367815838,91.51250677763124,2.4841473898610826,2.4982178858784705,16.996115613026397
2009-10-30,15.941587819108223,79.51500156953315,1.8235272330381316,2.693425644445888,18.235979698513706
2009-10-31,12.550440613101879,65.95079717162602,1.7776256763369025,2.5454448970585513,12.58406768850313
2009-11-01,18.721960289870097,83.51252886276858,1.5806813455855764,2.6900529097706904,22.869933816450164
2009-11-02,10.322703010992976,82.52473037037214,2.2360940115732095,3.1100896214859333,8.871171684988294
2009-11-03,9.60687535937054,78.31959249150003,1.6863421444983937,2.8320947315540987,7.678125598950899
2009-11-04,14.673355455679916,77.58766334125912,1.8455380041027452,2.610842111822247,16.12225909279986
2009-11-05,17.141294907836464,80.11022227731705,1.5954679372584477,2.6917347424287574,20.235491513060772
2009-11-06,19.051783074373606,80.95924331500872,1.5679004705782695,2.977493980961718,23.419638457289345
2009-11-07,12.62334721139318,87.88704983636944,1.9789955619853317,2.6150968698158565,12.7055786856553
2009-11-08,17.236042500293888,78.30313759020494,2.214844181118348,2.7551281713942766,20.39340416715648
2009-11-09,13.884474591497879,86.69604658140432,1.546131418048757,2.9042575001850577,14.807457652496463
2009-11-10,13.48211810017754,65.649121744782,2.0720213622325594,2.7869148727727793,14.136863500295902
2009-11-11,16.650979812460015,82.39592490441025,1.9669862758693843,2.607595786199336,19.41829968743336
2009-11-12,15.956968635240258,68.22530821530228,1.6978379068927236,2.7814744075048576,18.2616143920671
2009-11-13,9.270823529047252,86.25096952140399,1.8062197389052732,2.692258071539621,7.118039215078753
2009-11-14,18.429621049177687,100.18117367585926,1.9204029427672302,2.7488399393879552,22.38270174862948
2009-11-15,18.140274062442355,71.1377436912712,1.7379374281276525,2.834479081829285,21.900456770737257
2009-11-16,12.123311895471412,91.92802500490622,1.405008230320644,2.689615037882878,11.872186492452354
2009-11-17,15.187410600312226,74.18013214000612,2.2793778767340864,2.575320499253132,16.979017667187044
2009-11-18,15.482090558848217,79.84939452546115,2.3679147102113722,2.8578125717439904,17.470150931413695
2009-11-19,14.782021297471722,86.92865284864966,1.8235748622320227,2.7898090769257835,16.303368829119535
2009-11-20,12.349084538463739,73.5388075195471,2.1813507741137808,2.8105583410227273,12.2484742307729
2009-11-21,11.985129896185846,80.84093683767783,2.230275285541374,2.698502542708435,11.641883160309742
2009-11-22,13.923337787025664,71.69480573171873,2.025066867905915,2.999562094129993,14.872229645042774
2009-11-23,17.518187057778093,88.84881001569417,1.571646451126412,2.9208277966664737,20.86364509629682
2009-11-24,15.630800463783297,77.54418916579928,1.8955154564868735,2.6526268340472328,17.71800077297216
2009-11-25,12.888157003741682,76.24176550349915,1.784538744340005,2.634416079259101,13.14692833956947
2009-11-26,16.315096131945033,76.90712175760511,1.9484530701514318,2.880276640863933,18.858493553241722
2009-11-27,9.0,72.83540010279336,1.6938146406948233,2.6287807970722974,5.0
2009-11-28,17.44629710111631,78.51106447392014,2.394872733288463,2.8643014053498073,20.743828501860516
2009-11-29,9.0,63.98107444164876,1.785358349962967,2.5714485162540277,6.3014311061095025
2009-11-30,12.912677175790604,95.07777391713056,1.8899687532269225,2.658412641432484,13.187795292984339
2009-12-01,10.640990316121568,85.85586899078635,1.7040059679328143,2.6623075397842277,9.40165052686928
2009-12-02,10.115955572837283,80.30689235002824,1.6202040900623866,2.4792279313346044,8.526592621395471
2009-12-03,17.482480362135558,67.24918459918584,2.1111783794951164,2.70186916025773,20.804133936892597
2009-12-04,12.596896396064325,84.46865016998703,1.8869998010863402,2.9130265969442304,12.661493993440544
2009-12-05,15.039511645192148,82.63991762790508,2.4593171332267785,3.2605529634624486,16.73251940865358
2009-12-06,13.859238263362448,72.05208823547777,1.1741844014138847,2.6195883407653406,14.76539710560408
2009-12-07,15.431122481669364,80.3145965175855,2.4675220355958323,2.6960307846775886,17.385204136115608
2009-12-08,14.230465673180767,77.9569383247074,1.590340912802551,2.8724616960970297,15.384109455301276
2009-12-09,10.151023327434292,58.094469792279426,1.9356715848303683,2.5688714532321772,8.585038879057151
2009-12-10,16.98880045834142,81.28643243889623,1.5629906547344452,3.0418023301068713,19.9813340972357
2009-12-11,12.518730250516063,86.05535164373802,2.165772548929663,2.5782018587653353,12.531217084193438
2009-12-12,9.330254304020746,70.52142749080623,1.8907904729391165,2.740464326197487,7.217090506701245
2009-12-13,12.715654517102262,76.72932895065918,1.8547198760350931,3.071010006523575,12.859424195170437
2009-12-14,18.502279371902933,80.4715212734946,1.7284180630121586,2.5283772960356785,22.503798953171554
2009-12-15,16.550665226340477,73.55777795453096,2.1031213872675343,2.690261100468723,19.251108710567465
2009-12-16,12.954043596776422,81.52215974279602,2.3062640889658295,2.7114163706286583,13.256739327960704
2009-12-17,12.952226887044713,86.56757898732427,1.8098932050902405,2.736295013365068,13.253711478407856
2009-12-18,13.035094846347853,79.78838337783341,2.347911598337198,2.6282943993870824,13.391824743913087
2009-12-19,20.23024395068252,78.54377864146235,2.0969806623904503,2.546621071989727,25.383739917804206
2009-12-20,15.14580635669466,72.40640929990052,1.899161690503445,2.2841212023483237,16.909677261157768
2009-12-21,15.29012494157321,77.53912792943704,1.7665217430529812,2.637819655463767,17.150208235955347
2009-12-22,17.090850362095527,74.78413551728951,1.2249800110191196,2.687663912346218,20.15141727015921
2009-12-23,14.71636747707954,95.06449910891882,2.170311930854778,2.7220629359592534,16.193945795132567
2009-12-24,13.22287356253789,84.59778359817648,1.8235497737518969,2.8254287963379463,13.704789270896484
2009-12-25,13.410950452745066,91.940226931664,2.203202703461768,2.7514947897423534,14.018250754575108
2009-12-26,13.785196221757808,91.35365674607547,1.789316778207865,2.4612200184760105,14.64199370292968
2009-12-27,13.888333290470475,69.97247636795092,2.233418820377675,2.2924999936808668,14.813888817450792
2009-12-28,16.182888630910938,94.37498511054905,2.398513848879871,2.6302975114875564,18.6381477181849
2009-12-29,14.155837657421898,79.26984459770613,1.8577308446226168,2.6478509934589596,15.259729429036497
2009-12-30,16.197920231646737,84.24101900802162,1.649137474035144,2.788652186913339,18.663200386077897
2009-12-31,13.757850259674253,75.05855063887252,1.4465081820871213,2.9394049790114734,14.596417099457089
2010-01-01,14.235905570948272,79.59174222890876,2.5400884543897058,2.443797000387949,15.393175951580453
2010-01-02,9.0,70.2287411726188,1.9825821739326228,2.4043076712681835,5.008996577339461
2010-01-03,16.748983024107446,87.41068392037455,2.0233479104291856,2.418119304985194,19.58163837351241
2010-01-04,15.039465427693978,79.72271194654975,2.1358999045485008,2.70216744096815,16.732442379489964
2010-01-05,16.994030329578955,82.10543132350098,1.6749445111994574,2.4429902152788205,19.99005054929826
2010-01-06,9.0,74.46182450814841,1.6077564247021785,2.437434872881823,5.0
2010-01-07,20.265124114342182,79.96924139793514,2.340383772062782,2.3418989082245876,25.441873523903638
2010-01-08,13.581231115534479,79.03817161081436,1.7788272461697485,2.0921275028087805,14.30205185922413
2010-01-09,17.32454845021255,77.02127447548743,2.1554391994363384,2.482551208921285,20.540914083687582
2010-01-10,10.880282218623407,69.43924292059754,2.2041492077146887,2.7335485598167275,9.800470364372345
2010-01-11,15.838321715187709,80.68037384301574,1.9829583332825194,2.5054175861683476,18.06386952531285
2010-01-12,10.839753310479033,89.29153879762104,1.9609367001682088,2.355435121343181,9.73292218413172
2010-01-13,12.128693117912585,76.70058387715156,2.7879687367032826,2.4933382235711776,11.881155196520975
2010-01-14,19.74209406160036,95.44939899824101,2.461541297234048,2.4051522456824954,24.57015676933393
2010-01-15,13.42795279770996,81.60919114975844,1.8376534639586328,2.0800583116608493,14.046587996183266
2010-01-16,14.652298619539168,87.9091260576952,1.9567612498239664,2.1535778386917452,16.087164365898616
2010-01-17,16.610203192066262,84.60270401763107,2.3330047380057333,2.4633903377975868,19.35033865344377
2010-01-18,15.487045663917813,74.87859124478862,2.5868538157867644,2.7181177590149557,17.47840943986302
2010-01-19,14.451256715430729,83.40626581796096,2.4218578858626563,2.6706405534047732,15.752094525717883
2010-01-20,15.094883007398677,76.9432819725065,1.828702445682244,2.5667256922617296,16.824805012331126
2010-01-21,21.210246755714827,82.28081428367008,1.8104211022238834,2.2682353983940793,27.017077926191376
2010-01-22,13.827143608899243,86.00535772206902,1.981291129700615,2.261336132996165,14.711906014832072
2010-01-23,14.603297140144903,74.1331358049919,2.3132682190319276,2.705804705229948,16.005495233574837
2010-01-24,17.151963188022837,89.48230883536102,2.0948237660783073,2.39618745737413,20.25327198003806
2010-01-25,17.31657779887395,76.87623241393649,2.283879238712102,2.4072709929308074,20.52762966478992
2010-01-26,17.56109091668114,72.24521069959953,1.93390108374469,2.582126649099878,20.9351515278019
2010-01-27,15.916190666087553,80.55255528509467,2.258784708961548,2.398176205625896,18.19365111014592
2010-01-28,10.570985261808548,71.96172066651589,2.0138381964398917,2.47839073412181,9.284975436347583
2010-01-29,18.900294596903287,71.05825946024504,1.554763737504229,2.0938229995560653,23.167157661505478
2010-01-30,10.560963820943936,70.0573376765172,1.886022064864044,2.790949747724866,9.26827303490656
2010-01-31,14.907906395717099,97.54503807818656,1.647146558886929,2.285931450802554,16.513177326195166
2010-02-01,11.737172449941927,86.26575817081168,2.442889294234564,2.3597412168902596,11.228620749903211
2010-02-02,13.807584960221023,84.13450392769356,1.9365401061650809,2.8805509192681513,14.679308267035037
2010-02-03,14.986287230910442,84.33689020422379,1.9686941896365935,2.6337693825772455,16.6438120515174
2010-02-04,14.964071646350819,84.93102989502928,2.1397198597989537,2.9318547540255206,16.606786077251364
2010-02-05,15.265762262705854,89.52386847791455,1.9061329030127034,2.662658930614157,17.109603771176424
2010-02-06,18.841133807175943,82.37555350131889,2.115758607885608,2.441978648228932,23.068556345293235
2010-02-07,15.36060290454194,81.3931870578928,2.3961892798977376,2.6229348049048067,17.2676715075699
2010-02-08,13.267530094128054,70.35699518322168,1.7131463171555001,2.584488863909261,13.779216823546756
2010-02-09,16.892261504865072,74.18073215549826,1.9817982955589666,2.7065802264301406,19.820435841441785
2010-02-10,17.568411466773924,83.21157762587411,2.1681566944259862,2.5240840999812466,20.947352444623203
2010-02-11,10.317176554589022,69.30460865797994,1.488875221291286,2.634414752640839,8.861960924315039
2010-02-12,15.792200209549573,86.66699859513747,2.5351240010642444,2.3752381232461337,17.98700034924929
2010-02-13,16.103518226932696,79.72034029634489,1.896159721111702,2.745734331204027,18.50586371155449
2010-02-14,13.107309489920024,77.23822322506157,1.7105263061815028,2.543875969179563,13.512182483200041
2010-02-15,18.127120439934856,93.06987423752122,1.9710327631241003,2.442379701495266,21.878534066558096
2010-02-16,13.54983323890242,72.9139320749193,2.1150567620776197,2.5675371420183444,14.249722064837366
2010-02-17,14.376729360414627,80.5093376097635,2.0885845046785865,2.5079429000327407,15.62788226735771
2010-02-18,13.48078452714839,76.93702676295216,2.201258407476643,2.9482643585023856,14.134640878580653
2010-02-19,14.046737142744403,93.55293632048824,1.8567949118763534,2.4669103966345185,15.077895237907338
2010-02-20,10.711174739314394,73.93891524128064,2.253750742184678,2.5649178493201106,9.518624565523991
2010-02-21,9.679847352217116,79.81615091608387,2.237975787188096,2.113025573338278,7.799745587028529
2010-02-22,18.783515189674915,75.55042184745334,1.840631547399173,2.518427599652716,22.97252531612486
2010-02-23,11.459115955045016,84.20810018752849,2.313605471289796,2.327364098935438,10.765193258408361
2010-02-24,11.025822951631078,86.64781335670791,2.0076931545482806,2.370008921962535,10.043038252718464
2010-02-25,9.0,68.47532803263454,2.401308846122385,2.664208730050056,5.0
2010-02-26,12.083114756931494,76.73769561763109,1.587160266365657,2.23323742176477,11.805191261552489
2010-02-27,10.030730619777504,81.937763125364,2.338179019602455,2.751753151314018,8.38455103296251
2010-02-28,18.92604548040911,84.21439398054748,2.266987112277949,2.7384207337190594,23.210075800681846
2010-03-01,17.029451268027902,77.23561309151302,2.230858665691102,2.51807389496269,20.04908544671317
2010-03-02,11.935548964466829,80.16821305807221,2.378326999718162,2.686687056413991,11.559248274111381
2010-03-03,20.757307416032926,86.59169707675566,2.176421246353356,2.393106956438072,26.262179026721544
2010-03-04,16.94529646097478,87.66616848403285,2.5835333823390036,2.9820188528024323,19.90882743495797
2010-03-05,13.025505849474133,62.135978153085176,1.8627118167414887,2.380952533043442,13.375843082456887
2010-03-06,9.0,79.03925012462092,1.972250709531371,2.7908640024006384,5.0
2010-03-07,20.872827717772225,76.16923523916131,1.786539154073609,2.653384589384728,26.45471286295371
2010-03-08,9.831282599709212,81.62230495994416,1.9741149642100262,2.6882524947131956,8.05213766618202
2010-03-09,9.063803759129325,85.13500373780978,2.045194291935018,2.328821826371438,6.773006265215541
2010-03-10,17.06771129602892,73.80610227526456,1.8532492023240783,2.725121188759193,20.112852160048202
2010-03-11,21.319257219017818,77.66672738928686,2.380056965744081,2.5861824618224314,27.198762031696365
2010-03-12,18.152818455531555,81.03354815031548,1.7251500341190245,2.5722711072942452,21.92136409255259
2010-03-13,15.69172736015708,84.56717484571702,1.7337018490621572,2.5368699046917778,17.819545600261797
2010-03-14,15.784263024995859,74.15523527417537,2.3834627426855177,2.5386425233833716,17.97377170832643
2010-03-15,16.560246676340924,79.69135605539977,1.9116518384537204,2.544246486551288,19.26707779390154
2010-03-16,16.276785769360295,70.57534295149328,2.1759280396600946,2.4825856592941173,18.794642948933827
2010-03-17,14.843574271908128,79.95488055785385,1.9925222816343497,2.5380488673423383,16.405957119846878
2010-03-18,14.312603311855629,80.5894932430106,2.411935581658077,2.457744558784056,15.521005519759381
2010-03-19,13.812220616301433,70.27599305299366,2.1458612482432673,2.085818218233473,14.687034360502388
2010-03-20,11.738106233399972,88.23323710364812,1.6825485879300552,2.533812274442293,11.23017705566662
2010-03-21,13.157974769399678,84.90670251561983,1.4178969723539063,2.598413622531776,13.59662461566613
2010-03-22,9.0,72.66257454032467,1.8934556199319492,2.5625685219909164,6.535215929023073
2010-03-23,13.70498111961575,82.1010809295131,1.8417888727685174,2.2748628606937955,14.508301866026251
2010-03-24,11.034226678547247,82.08439827053986,1.8714397058195642,2.574175718297784,10.057044464245413
2010-03-25,10.689232048352688,65.49626370884101,1.2962764848402974,2.6326042133897043,9.482053413921145
2010-03-26,14.539682453460436,76.41167719265398,2.6807080969679427,2.7964186042770933,15.899470755767393
2010-03-27,18.176006859033798,82.27944242036713,2.4202607565811523,2.43718673856079,21.960011431722997
2010-03-28,16.75494981800694,67.89443822025441,2.1986982411376883,2.3966077800583547,19.591583030011563
2010-03-29,9.288498189130468,75.87245424490413,2.0911626628157567,2.21991002452843,7.147496981884115
2010-03-30,11.031115590288987,84.656488764491,2.0364756207600476,2.3091168047872963,10.051859317148313
2010-03-31,16.82231356396465,83.22581799148054,2.0828031166520065,2.8332815722203764,19.70385593994108
2010-04-01,11.052537819385071,69.49226884928952,1.6272124304001914,2.4339222902192588,10.087563032308452
2010-04-02,13.326100550008926,88.81009586083819,1.263600389647916,2.2569379916518133,13.876834250014877
2010-04-03,15.650156297073655,84.3133702500771,2.0853504192882086,2.705871985847306,17.75026049512276
2010-04-04,11.094966635409094,84.81691915058266,2.186853546336555,2.3745014037780896,10.158277725681824
2010-04-05,14.31612651843788,98.36966033144068,2.004792148197958,2.200413292534523,15.526877530729799
2010-04-06,9.997923515245386,78.41145555619167,2.284501953567054,2.317149046436004,8.329872525408977
2010-04-07,12.195897068146358,87.86022132864758,2.167219034791451,2.76729398480847,11.99316178024393
2010-04-08,14.959345802427611,67.90089710865628,1.883399621665632,2.4079924721971397,16.598909670712686
2010-04-09,9.221018799404991,84.86938079576255,1.5490126296073818,2.5367833114762455,7.035031332341654
2010-04-10,15.321424213881198,98.92790561272842,1.6146983292518775,2.5463176384249726,17.202373689801995
2010-04-11,13.941086603219956,86.12763788372071,1.7747093402817364,2.741078815899553,14.901811005366595
2010-04-12,15.657469863251443,77.0376822590483,1.9645424543344852,2.634294055332854,17.762449772085738
2010-04-13,14.671742402193985,67.38418679790959,2.0505287772908574,2.731668689440186,16.119570670323306
2010-04-14,18.092421289921532,76.33949393984108,1.7964560332365516,2.2032546404448143,21.82070214986922
2010-04-15,14.375673507943722,83.32648747944535,2.366998826951457,2.79834672165676,15.626122513239537
2010-04-16,12.711783376624242,64.28063401638197,2.5232546671247107,2.7406953987376257,12.852972294373735
2010-04-17,14.366892509096852,81.76712537985836,1.9607266216219057,2.7422463500716394,15.61148751516142
2010-04-18,15.629894087109165,75.98239742302104,2.026081679277893,2.389269046882354,17.71649014518194
2010-04-19,14.146580210977113,73.31953233171882,1.6514198120602464,2.4833173523982106,15.244300351628521
2010-04-20,14.121775073611648,82.6097666585839,2.404621348927523,2.527431800278201,15.202958456019411
2010-04-21,11.894024936579733,75.45036009925533,2.5385366288202613,2.2880564120690887,11.490041560966223
2010-04-22,12.011297247347155,75.24956838249904,2.0312534728429066,2.251009407748187,11.68549541224526
2010-04-23,9.79218418460092,75.8091705059994,1.545871412290242,2.0873461267446003,7.986973641001533
2010-04-24,19.24873022956082,71.4550946977268,2.06640957520544,2.3714235131064103,23.747883715934698
2010-04-25,10.268410293826145,82.54489887392333,2.0105942202804044,2.987500454605735,8.780683823043574
2010-04-26,11.921284406612278,65.58041431647472,2.101101011832758,2.1448665624489562,11.535474011020463
2010-04-27,11.844778203292407,81.44234458446259,2.0464209673548095,2.863625641072515,11.407963672154013
2010-04-28,16.684773130833324,84.72945873341959,1.7397104234427918,2.6389147320163557,19.474621884722207
2010-04-29,13.115150965123917,87.89125134724343,1.8436294890075149,2.11317264345461,13.525251608539861
2010-04-30,17.743226218021203,83.40363320409551,1.8098074713262355,2.6942721374973386,21.238710363368668
2010-05-01,41.326226584934915,89.93973831151067,1.715103634627664,2.465695050863815,11.632546878780659
2010-05-02,40.63584597838751,70.01100407566057,1.907491588391346,2.2421186670906197,16.39497081111901
2010-05-03,49.17610990787793,77.37258118751976,2.1762318818271966,2.801540222226802,10.823264733701214
2010-05-04,49.63502297140646,73.61552476271517,1.6052058006206797,2.276120261217001,25.72574563886694
2010-05-05,42.462899278413204,65.3240815733592,1.9827965822824165,2.356741106149114,9.062007904852436
2010-05-06,47.67141285521045,83.83333064432728,2.0727960267856056,2.5300683096437124,16.549103551135136
2010-05-07,47.31451433730501,86.34541316177308,1.8586626535008104,2.722241578584823,18.168884404660492
2010-05-08,42.340896759260126,79.56489825489504,1.8211002349006515,2.8571819845472435,17.068995487257492
2010-05-09,38.71337539050539,89.3035169099548,2.3074016258243706,2.501700335455095,14.073561705611459
2010-05-10,42.22977131874249,78.25662831935429,2.0966416674144956,2.6098573978860435,14.350896501332869
2010-05-11,40.814796308891005,76.63070092015914,1.730766666295021,2.42584276132754,15.219057359895547
2010-05-12,39.092706509088146,84.33447354026839,2.031240012821355,2.1945736140072922,14.264989991857558
2010-05-13,40.79361727116012,82.80661980839689,2.1080386368336463,2.5210609116461744,19.819395583974547
2010-05-14,36.28114451231654,87.56739057096304,1.9426843997633367,2.4467262953457545,26.052615007956756
2010-05-15,34.144007357262566,74.5482195709481,2.2389607013259414,2.391002411464183,12.212541074960832
2010-05-16,36.993915577716166,68.2923127741656,2.1366941580966237,2.610788486781619,8.150985102104611
2010-05-17,36.89124361103996,72.73259721892883,2.1050106373958757,2.353774260650469,14.558589758243725
2010-05-18,31.270065168299837,71.78662524997078,1.7627338036186622,2.2998298116445737,27.898546688271594
2010-05-19,36.65093849963991,82.88723906266267,2.4723737513584885,2.38431435130047,10.981627160151346
2010-05-20,27.621889920005103,86.01127337876021,1.8715823175296884,2.104792170540637,23.195584027220338
2010-05-21,30.265659623853068,88.00452871774672,1.8218190641948013,2.5526319670241566,23.388504070382204
2010-05-22,30.29264105807384,73.50728401285167,2.339171939887346,2.7259656187452372,12.232058791460027
2010-05-23,28.224662195377544,76.91745002411538,2.00235977506499,2.3571698640191836,17.844915395926378
2010-05-24,27.504818579346427,74.37032389334902,1.5650057348377207,2.499443190922667,23.141983115642688
2010-05-25,33.87989011359101,83.08756459044989,2.212030509088725,2.933401597590658,13.104361295062564
2010-05-26,24.78068106621664,81.5849976324713,1.725215759770749,2.5451982842380123,13.982098199488192
2010-05-27,33.723665167415746,82.73141401316322,1.7398106408992533,2.413248780830203,12.091595430256781
2010-05-28,26.778047005859825,73.53903956427405,2.018818444459213,2.476766934544729,9.926216346535666
2010-05-29,24.80949874526931,71.67420281469134,2.0210971314335264,2.6630503574777187,11.753612274669965
2010-05-30,25.028721060162994,77.9755546108477,2.140655424091157,2.7439567673988847,8.880298666188718
2010-05-31,30.25644991442252,71.39164357852573,1.7886199269158976,2.438504731850269,15.17041734129613
2010-06-01,18.75255432153899,92.59353584575773,1.8669907585317418,2.2888738340259116,11.15013384470679
2010-06-02,17.438746243190835,83.73153613859334,2.0298579868968076,1.9577421757239328,16.16892955895374
2010-06-03,17.602068076950903,70.1670755313098,2.2060728549182413,2.397115455933845,7.220521768981864
2010-06-04,19.029762774227017,88.96008061842245,1.963166270861469,2.320343616923896,16.654401161072286
2010-06-05,12.82268662556228,77.96507966390026,2.36785458382261,2.224130911023849,19.167644808044624
2010-06-06,18.067017717955824,80.60452059477558,1.850695768568749,2.636590215610358,5.031321787142723
2010-06-07,23.080641400241017,87.95359639419341,2.1959656676332373,2.5226068669551336,16.87028284923786
2010-06-08,18.45422217187433,83.44549360908891,2.0769161026597427,2.502765021540413,21.13834496236646
2010-06-09,17.12194362307417,76.01176553119542,2.084096508776348,2.4122363441551533,8.951794906543974
2010-06-10,16.145518653949118,83.45028955965913,2.222974786130551,2.8708843774961403,23.362861934188516
2010-06-11,20.695535113654692,67.7131487667606,2.3518597476231173,2.661057902748313,17.095095046830227
2010-06-12,15.522501680285856,69.25359759739251,2.191294572043126,2.284461639861296,11.474940721207956
2010-06-13,23.539187761797745,84.60473929908225,1.8226792597389834,2.6894552539880348,14.72115461171147
2010-06-14,23.80007924314307,79.3399961439089,1.7381332751171485,2.2761641871723124,17.79163456260861
2010-06-15,18.770252395985363,72.29670759271679,1.4724953640101381,2.436798414580781,15.380026957062057
2010-06-16,17.965454735770066,80.79810514175419,2.026588294497439,2.4973003258020756,17.693779962231847
2010-06-17,21.091979424724677,83.50572334784245,1.6608011745990332,2.1877299338747815,10.396632034603169
2010-06-18,21.284395506681975,71.79112529821386,1.7351894331187177,2.264817917424582,15.84680412018039
2010-06-19,15.582024806821753,87.85948101250777,2.443076359269277,2.784638287277474,7.931427515475099
2010-06-20,16.420334600589893,88.90989640488796,1.8395457964195217,2.5872594078088453,14.443869693256499
2010-06-21,11.288277075605631,84.47942487955588,1.5633583437246423,2.7229354384070867,10.480461792676051
2010-06-22,11.7934101722307,70.62175611462771,2.1381272169717698,2.2955197153943527,11.322350287051167
2010-06-23,17.708279525631312,81.58866838004597,2.0818819722566997,2.2041234642523864,21.18046587605219
2010-06-24,17.273930361782806,88.06525468577703,1.9378512949738056,2.3276016604958025,20.456550602971344
2010-06-25,15.82741436272153,74.66355043187309,1.7542902728935337,2.8871207495891307,18.045690604535885
2010-06-26,10.723061705982264,73.71531494353336,1.8609846631051057,2.634765224288098,9.538436176637106
2010-06-27,13.050774650915594,71.66144716587462,1.841375132927757,2.819153248713483,13.417957751525991
2010-06-28,17.63929309993755,72.98638628191148,1.9679438198562147,2.3132543007021265,21.065488499895917
2010-06-29,14.425150740919713,75.2318384614629,1.8762724725096795,2.1760849091011876,15.708584568199523
2010-06-30,20.957988619945084,84.50665255227281,1.8792900853049452,2.4573769840732202,26.596647699908473
2010-07-01,15.179953518183115,88.49274530259447,2.236852138119498,2.6521649547791566,16.96658919697186
2010-07-02,14.576147349470094,69.31340009626581,1.9665373324735487,2.146734993943981,15.960245582450158
2010-07-03,13.072650607392497,84.31786275036451,1.8100800996427144,2.238023458290701,13.454417678987493
2010-07-04,14.400622714346847,85.56641901304667,1.9206097377839393,2.097654959495007,15.66770452391141
2010-07-05,13.542590490858368,85.41985186758258,1.8635675220018977,2.763324178688105,14.237650818097281
2010-07-06,16.12432603006577,88.46019773600044,1.3413786591861099,2.4757771034986638,18.54054338344295
2010-07-07,16.87010695038375,70.35294597873656,1.916676563800318,2.462359038129114,19.78351158397292
2010-07-08,11.642031618476151,71.59323076776502,2.323198062486383,2.2449659642047477,11.070052697460252
2010-07-09,10.006301139326666,87.94029170225302,1.882984398176235,2.594086299761019,8.34383523221111
2010-07-10,9.0,88.16238696480752,1.6254636779592442,2.817658160020513,5.818973134483517
2010-07-11,15.523973980737631,66.43271881992762,1.9074624135860734,2.361735280136395,17.539956634562717
2010-07-12,10.689900181478379,73.0947335968228,1.8678867906006134,2.4895569533796635,9.483166969130632
2010-07-13,9.0,86.85701742546846,2.285832743706334,2.6711310641861417,5.0
2010-07-14,15.165735813592892,79.88172096862836,1.8602751556750405,2.7481177371951735,16.942893022654822
2010-07-15,21.47899855229837,86.55641013554188,1.8228975149184696,2.6096473355491026,27.464997587163953
2010-07-16,13.98178726538032,80.79477877081939,2.222495111049585,2.7403795303625667,14.969645442300534
2010-07-17,16.515472323354928,85.21642932488515,1.746830281425689,2.625870391006819,19.19245387225821
2010-07-18,14.245488075642696,71.11176321991334,1.7089265812362202,2.6500277453331518,15.409146792737825
2010-07-19,13.703331040426573,74.04351532615829,1.8427212995612547,2.385171358170021,14.505551734044287
2010-07-20,16.757229448963304,74.74282853148614,2.1923079177460627,2.9132180284061793,19.595382414938843
2010-07-21,13.129176367434045,82.94561917090218,1.890924800843402,2.7471176907112587,13.548627279056744
2010-07-22,14.80217694221571,85.25406791678242,1.9861392854558488,2.476129793567402,16.336961570359513
2010-07-23,14.96509341858804,81.99684015515098,1.9566332812506138,2.4666007106165106,16.608489030980067
2010-07-24,11.995728639070855,76.66923504366629,1.8640246218230017,2.082352667498769,11.659547731784755
2010-07-25,16.97612704860957,80.15923474039396,1.9444602133263615,2.7740358494223814,19.960211747682614
2010-07-26,13.475120729913774,78.31631578980024,2.2311330299136833,2.7377380800641262,14.125201216522957
2010-07-27,11.732764521521466,80.36593349442971,2.126804355334015,2.191365729726958,11.221274202535776
2010-07-28,15.60952953071121,82.93228646190472,1.5978099581037277,2.1428653504410886,17.682549217852017
2010-07-29,11.304596054626888,81.79990636949361,2.1717856183464286,2.593520922515879,10.507660091044814
2010-07-30,14.084543472107384,79.26185447130345,2.298917465596191,2.692402305802054,15.140905786845641
2010-07-31,13.97264301006739,69.54419439121308,1.8080227347844946,2.433539741985632,14.954405016778983
2010-08-01,17.257686697494734,72.77693890427634,2.1345519073645325,2.357095242912121,20.42947782915789
2010-08-02,15.424094698639859,77.47805860868971,1.2769054705191571,2.6684920773708867,17.373491164399763
2010-08-03,13.924919123764568,67.89930720983968,2.0145591917879595,2.357926260633215,14.874865206274281
2010-08-04,16.45329889760086,88.17257668181055,1.758481351820892,2.5443691564314204,19.088831496001436
2010-08-05,18.17062264705194,82.05491036015859,1.9565366298518831,2.6458273108835275,21.951037745086566
2010-08-06,15.673430919055587,94.29590723369927,2.1858457818251518,2.4510885563602525,17.789051531759313
2010-08-07,14.031057859530142,87.37548559813013,1.7627275997245473,2.318361532081525,15.051763099216902
2010-08-08,10.064491302949522,82.44188454726711,1.8220779302158434,2.4906609338961214,8.440818838249202
2010-08-09,10.804659010773882,85.35130533376729,2.0971773443373722,2.5379323380482184,9.674431684623137
2010-08-10,13.084325886935996,90.39417898230761,2.169949244223292,2.4616219270956883,13.473876478226662
2010-08-11,12.171463393522151,76.56726997521523,2.3217606448531147,2.946956215907713,11.952438989203584
2010-08-12,13.439086091043663,82.35912962446208,2.693467701906843,2.841773673535062,14.06514348507277
2010-08-13,14.169949774691322,79.59989056624853,1.4433855569981318,2.4082421515312573,15.283249624485535
2010-08-14,15.589078263070192,81.4054542134588,2.469695732850412,2.517946961045506,17.648463771783653
2010-08-15,13.788503665822727,81.87586146138092,2.3708937795992657,2.4022701762865544,14.647506109704544
2010-08-16,15.459504931478605,82.52916261051911,2.0117409202806407,2.1425559068939335,17.43250821913101
2010-08-17,14.193423244430361,87.51371812332546,1.7848484103831046,2.493579586824065,15.322372074050602
2010-08-18,9.0,94.02248624623297,2.296942409456001,2.354285911753124,5.1226671682306435
2010-08-19,11.181993818543738,77.68986149140977,2.3387622334145695,2.424664356744079,10.303323030906228
2010-08-20,13.567737332835154,72.53731350636495,1.9204235557929814,2.560495586616315,14.279562221391922
2010-08-21,10.370915771476678,76.56733083986761,2.943961706356008,2.795181257382222,8.951526285794461
2010-08-22,15.799786189988613,87.27373024928048,1.7054179732146904,2.620998634414826,17.999643649981024
2010-08-23,18.59225249703109,79.30102184939,1.6349810230185442,2.423543773788446,22.65375416171849
2010-08-24,17.656285555091948,69.14508760895716,1.4329425344938436,2.7553519005797784,21.093809258486584
2010-08-25,13.359671387209376,83.72989669763321,1.8392804845895507,2.5522125278468724,13.932785645348961
2010-08-26,18.472178410549855,77.29474481501268,2.039417986245522,2.238067987090277,22.45363068424976
2010-08-27,14.446002371606335,76.5340876579731,2.623432894377554,2.257029393722463,15.743337286010558
2010-08-28,12.988742086645882,78.25452225232588,1.925302574872637,2.305205712705506,13.314570144409803
2010-08-29,12.159792009377181,73.44793007690095,1.9123956936741333,2.3000307997112235,11.9329866822953
2010-08-30,13.092590940535615,77.78295930483443,1.738441676325901,2.541544286273736,13.487651567559357
2010-08-31,12.835469544376313,85.12817636944546,1.6925521259853809,2.3703988430548852,13.059115907293856
2010-09-01,14.511248667126463,96.08189237481918,2.193986776340833,2.583870970163227,15.852081111877439
2010-09-02,14.481721943149594,93.52929002337163,1.8100667346041093,2.510284433984735,15.802869905249324
2010-09-03,14.009138060460243,67.28152702059323,1.9825529114240634,2.229456304197238,15.015230100767072
2010-09-04,15.31081450923905,79.99338168170365,2.066441899923714,2.8030115278717536,17.184690848731748
2010-09-05,17.571938824359023,86.9065614540869,2.1498419996191367,2.790058446760466,20.953231373931708
2010-09-06,16.84866240632397,87.72638742680924,2.048525860607792,2.544718194474959,19.747770677206617
2010-09-07,9.54530609465029,77.06994192661514,1.8796507450408815,2.247128806074583,7.575510157750482
2010-09-08,9.0,75.47583171683803,2.286868849167452,2.627616013282378,5.0
2010-09-09,16.80295973371782,91.45150977239979,2.166463822417133,2.5067304883405575,19.67159955619637
2010-09-10,9.899363904753738,89.53093965639759,2.5198447647638127,2.306483523703806,8.165606507922895
2010-09-11,13.32570379432195,74.7020765024548,1.5530848282310505,2.4376757609286455,13.876172990536583
2010-09-12,10.489660921821923,83.93784865419434,1.383568378820379,2.329456718958074,9.149434869703203
2010-09-13,9.0,82.20353931318955,2.0720115010628537,2.595576983448429,5.990097812099901
2010-09-14,15.624388184614364,79.59705265819848,1.7495000046084117,2.4454705648877173,17.70731364102394
2010-09-15,16.277465480907942,86.57501940553611,1.645704628621485,2.138002047141018,18.795775801513233
2010-09-16,12.270468797819841,83.34486914081289,1.636181119657226,2.1898025455317445,12.117447996366403
2010-09-17,9.0,71.12070835784365,1.645948093001151,2.3785462373117765,5.0
2010-09-18,12.361266655242552,68.19875494115912,1.9993956793984609,2.0413549184032,12.268777758737587
2010-09-19,15.17541201620764,88.05946266187047,2.2768394862842976,2.437279540291688,16.959020027012734
2010-09-20,9.563265293677613,75.5830444181711,2.34766187053134,2.5735802855025742,7.605442156129357
2010-09-21,14.550079759337468,85.18223660204028,1.724434107990468,2.1884365020588223,15.916799598895778
2010-09-22,13.954070452481014,82.2748010633818,2.097458000500805,2.237100850668589,14.923450754135022
2010-09-23,15.737874498803265,98.62992534279228,1.9709607823763655,2.3248856641448143,17.896457498005443
2010-09-24,14.35874110524246,77.44145626878462,1.633375332692474,2.54646594103591,15.597901842070765
2010-09-25,11.080793177355334,84.61747386673696,1.9009788749903196,2.5542822573016974,10.134655295592221
2010-09-26,17.589714504993474,86.11413865153219,2.405132214132205,2.6583648329812695,20.982857508322457
2010-09-27,13.52441128091909,79.25752203552653,1.9194020096751623,2.0923063814284633,14.20735213486515
2010-09-28,13.918086381470204,81.82202253318502,1.914064068128781,2.5625852282872543,14.86347730245034
2010-09-29,11.200196122780412,77.03426954530043,2.6249482083520026,2.6663012534094968,10.33366020463402
2010-09-30,12.67015324642547,77.65671490953422,2.444634099045935,2.043614820685533,12.783588744042449
2010-10-01,11.345591857919297,79.44352113241436,2.4269455713579555,2.791804087028786,10.575986429865495
2010-10-02,13.481161820229731,84.17861752584052,2.030343266761128,2.4848178001947674,14.135269700382885
2010-10-03,19.135125440427032,88.0527669899386,2.248517416048461,2.4781986667400284,23.558542400711715
2010-10-04,9.884296571205931,70.16719216447213,2.2029764182195217,2.817971766685235,8.140494285343218
2010-10-05,9.159315806369776,87.34358179653415,2.2221297171223777,2.537923516227496,6.932193010616295
2010-10-06,18.413510982480826,83.99340701195717,2.289474339417087,2.7895272978670427,22.355851637468042
2010-10-07,13.372028968544402,87.47195791242846,2.031211352960932,2.620074166436742,13.95338161424067
2010-10-08,11.99278178402025,72.74500307659356,1.5111024395419825,2.579937422845559,11.654636306700418
2010-10-09,17.11971406218823,71.54049330590937,2.3951911567230213,2.7309673014713853,20.19952343698038
2010-10-10,12.183153380789408,79.1540817136416,2.522077356602943,2.4153690265757137,11.97192230131568
2010-10-11,19.478029140640807,73.77710568456087,2.0978716349341773,2.7214519529446646,24.130048567734683
2010-10-12,16.033777614017808,77.38138858880798,2.750940217330463,2.3129979075620066,18.389629356696346
2010-10-13,12.536265775562892,78.98562417397785,2.2397913960896116,2.846386893646333,12.560442959271487
2010-10-14,20.471924639796512,92.99158305068116,1.8393802005012088,2.6284138417697656,25.786541066327516
2010-10-15,12.182855230989984,87.11011951844291,1.6760293277100313,2.648781466880599,11.971425384983307
2010-10-16,16.22628611602792,82.93782002079743,2.2167435293633027,2.326559640063828,18.710476860046533
2010-10-17,14.897877741219476,67.32985449752374,1.9511358480487162,2.7155381013897997,16.49646290203246
2010-10-18,17.905223868196394,94.62349571136934,2.251897415379803,2.4482770601080666,21.50870644699399
2010-10-19,18.684533590180557,64.04694589015917,2.2595618071137404,2.430042171416304,22.807555983634263
2010-10-20,14.0960124471973,75.9973034230099,2.134255500194274,2.535142492579322,15.160020745328833
2010-10-21,11.73974638896145,85.43599446826393,2.2218321438996482,2.6351325619438732,11.232910648269083
2010-10-22,15.37991642881735,98.89358703445282,2.4022291307019503,2.206080620640486,17.299860714695583
2010-10-23,11.966853890743682,84.99421593296624,1.8329681042577608,2.8732337518328643,11.61142315123947
2010-10-24,20.04016174257987,76.78550861314629,1.8650607124382697,2.4733400688142413,25.066936237633115
2010-10-25,14.409605993248212,72.00261593277912,1.756900104270772,2.610444470389545,15.682676655413687
2010-10-26,12.904035346063674,93.90301153665516,2.2511980691642357,2.7340910643494425,13.173392243439457
2010-10-27,14.554040917594726,76.31115495051934,1.3488435748253402,2.7478762610269807,15.923401529324542
2010-10-28,9.958621131410911,95.1316153027509,1.982015867331767,2.526152260706934,8.264368552351517
2010-10-29,11.085157884468046,85.99745511559438,2.2025213806344697,2.6826537804071933,10.141929807446743
2010-10-30,17.601241723833276,81.85682373373199,1.74526573979491,3.028513708958431,21.00206953972213
2010-10-31,12.029317163085812,85.20516803149025,2.0240825023694136,2.5828343075635347,11.715528605143021
2010-11-01,10.85926705195418,89.40443085663226,1.356259612131804,2.408024363644459,9.7654450865903
2010-11-02,15.609958257581859,85.40405773207337,1.731815574505644,2.8348361119470082,17.68326376263643
2010-11-03,17.55711246398899,65.58174448699022,2.0571513471989378,2.197475536351066,20.928520773314986
2010-11-04,16.1568599319952,88.79182316173333,2.480061316795346,2.5829691666648125,18.594766553325336
2010-11-05,16.98814305741745,61.37657392940629,1.6613814523961077,2.427414920846797,19.980238429029082
2010-11-06,11.729614734291617,81.36233228667263,1.8833734846925845,2.3257136442549795,11.216024557152696
2010-11-07,9.73456799977447,72.5947470988531,1.7832526554452832,2.4072380135558267,7.890946666290781
2010-11-08,18.50400095586646,74.84203985612179,1.7581961364948218,2.542093023841969,22.506668259777435
2010-11-09,13.031960483473593,74.44953840467389,1.9037578032980096,2.719584919154012,13.386600805789321
2010-11-10,13.247500950634858,76.16999089798199,1.9769352363756971,2.5682432380902385,13.745834917724764
2010-11-11,17.984582425547174,81.3121478627455,1.9408574819915079,2.409441560594511,21.640970709245288
2010-11-12,15.66869002820198,75.5045012514336,1.7719358618668923,2.508541204650849,17.7811500470033
2010-11-13,15.367663316244823,83.93977124360732,2.0032961349264284,2.7059585745843164,17.27943886040804
2010-11-14,20.495007034703253,76.0937994404821,1.6948622587466322,2.5934547681400506,25.82501172450542
2010-11-15,12.06944530885957,57.30027269644826,2.2672789543380865,2.320988368093645,11.782408848099285
2010-11-16,16.78352038424371,67.8155913966313,2.1686367619362246,2.310993735820716,19.639200640406187
2010-11-17,14.171039374691254,73.3099671539733,2.1333580288633627,2.350076532736455,15.285065624485423
2010-11-18,14.805776836589772,74.23256416044384,2.009275231610426,2.718891240456399,16.342961394316283
2010-11-19,18.585405279237595,72.36041775986465,2.110685738288879,2.5302979098638576,22.64234213206266
2010-11-20,15.52350726886887,75.2261502649874,2.636998289751043,2.458136539603734,17.53917878144812
2010-11-21,15.614888237148898,83.18838762264447,1.399315457706373,2.588978443034448,17.691480395248163
2010-11-22,17.217522011929407,79.44732325339601,1.7782596240650326,2.3230217512849247,20.36253668654901
2010-11-23,12.905141811371344,89.26167408202859,2.100614622635895,2.5314076024210737,13.175236352285573
2010-11-24,11.482370997982981,77.40980563795414,2.1474998168008383,2.393816232989073,10.803951663304968
2010-11-25,10.8655724179369,70.79887076768225,2.1543265078729426,2.5493046614231325,9.775954029894832
2010-11-26,9.0,80.32253635884689,2.1696276104825425,2.420064303410934,5.1682170531199905
2010-11-27,20.168621389820967,79.84013662821977,2.161894399864159,2.5439737886579574,25.28103564970161
2010-11-28,10.69037490283495,87.27329670978398,1.6669648072688998,2.2865182481636817,9.483958171391585
2010-11-29,13.336239129242685,76.37511274250265,1.3849053848070039,2.664198998127964,13.89373188207114
2010-11-30,13.169560100333237,88.94401104812509,2.1781395238686914,2.5427900275776896,13.615933500555396
2010-12-01,14.922220093427303,69.10919869937847,2.4467983384900824,2.3922696791882925,16.537033489045506
2010-12-02,16.44721163761789,76.9270523011931,1.8365294799458471,2.51656235981906,19.078686062696484
2010-12-03,16.581420465079237,80.90250241488266,1.9492999935582738,2.747118231188106,19.302367441798726
2010-12-04,12.250767684293184,99.44162425479429,1.8925628402895174,2.247805361618334,12.084612807155308
2010-12-05,13.498634858640765,86.481003121817,1.669768122373991,2.3365876569368504,14.164391431067942
2010-12-06,14.8477398514649,68.44386278924311,1.5349602065146475,2.552301367829273,16.412899752441497
2010-12-07,13.25392662144936,85.09049979172357,1.9205978253390712,2.187097029778248,13.756544369082265
2010-12-08,18.822036728059977,93.13000264502239,2.1874189510874387,2.480837206992521,23.036727880099964
2010-12-09,15.472924854914755,75.8589705475314,1.8839078798517201,2.6794595917397155,17.454874758191256
2010-12-10,16.20463335814945,82.87713198580802,2.3329027416638355,2.5659050227255586,18.674388930249087
2010-12-11,15.988643806002237,98.22601932642652,1.8654010279372883,2.593520724928652,18.314406343337062
2010-12-12,17.520421572455973,95.02277139692757,2.32112310771437,2.46337434588651,20.867369287426627
2010-12-13,14.54306467611112,74.72572195660908,1.951275555672177,2.1850460252808626,15.905107793518535
2010-12-14,10.10950415613246,75.17230288887096,2.1688510139287014,2.3993181797924694,8.515840260220767
2010-12-15,15.199063855257926,92.27996770378476,1.7364041431094093,2.6034444607828577,16.998439758763208
2010-12-16,12.045929318624513,89.72080674155472,1.2762623157088644,2.3231556514365197,11.743215531040855
2010-12-17,12.41414995475073,70.60518689495026,2.3477063693146736,2.223561195547081,12.356916591251217
2010-12-18,15.75909205626528,85.43526098189709,1.9006491311931373,2.5303459185741066,17.931820093775467
2010-12-19,17.714849214300905,93.13887942718095,2.533407416826393,2.2665973200807104,21.19141535716818
2010-12-20,14.063814730208184,101.5576136935848,2.366832076311816,2.521005043179324,15.106357883680309
2010-12-21,14.92649903779689,72.84075061837304,1.5318853912919106,2.793928481149775,16.544165062994818
2010-12-22,19.106644833905712,74.84967009195606,2.5726785166133928,2.51974829227138,23.51107472317619
2010-12-23,14.722259538465705,94.1039339908119,1.671801342866417,2.5072710103384814,16.203765897442842
2010-12-24,21.805049342541185,71.8330896725521,2.406859529214667,2.6809271022196173,28.008415570901974
2010-12-25,15.696528936894632,79.4820609424309,2.193476980710405,2.501589986878382,17.82754822815772
2010-12-26,9.0,79.10078023956414,2.0099397981020557,2.5744047330963604,6.196186204220911
2010-12-27,16.260024863313596,74.70681544076503,2.220612408519689,2.4553549131330463,18.766708105522664
2010-12-28,15.143475154648334,74.1106849507827,1.766266219028735,2.450741641209659,16.90579192441389
2010-12-29,17.869258262248238,72.56258171789426,2.161901494136469,2.3679032873760524,21.448763770413727
2010-12-30,16.019544053809874,77.914815133193,1.6932187830757133,2.8777710577245634,18.36590675634979
2010-12-31,13.584632048048679,76.32062998008789,2.289481461957564,2.3408733683969625,14.30772008008113
2011-01-01,10.327105291131904,74.35890187745385,2.084621438965734,2.4167675621782356,8.878508818553172
2011-01-02,13.372930228141925,67.6987210334781,2.196346977624612,2.4492721908726622,13.954883713569874
2011-01-03,11.4484386373721,93.90797360194566,1.4467505635087583,2.639285138315027,10.7473977289535
2011-01-04,12.258429650585832,84.4860725580068,1.6343851001670266,2.5222895133448016,12.097382750976386
2011-01-05,15.765735213261829,82.63508254493986,1.8708814290312779,2.3390014724473494,17.94289202210305
2011-01-06,19.00971351305422,87.78299151173988,1.8086046018359445,2.5228081226398253,23.34952252175703
2011-01-07,15.184014589468944,72.42393623621825,1.4308352235977937,2.744281831294943,16.973357649114906
2011-01-08,10.412350813894447,80.39673110982899,1.9975559358628305,2.4416734845328,9.020584689824078
2011-01-09,15.333808004660423,92.31860222709533,1.6918219751618526,2.5907343340347655,17.223013341100703
2011-01-10,17.589894459936954,91.78202040204613,2.1067458830163512,2.44286221595076,20.983157433228257
2011-01-11,12.170651287041853,78.26820528763503,2.0103811511035605,2.7299545384177404,11.951085478403089
2011-01-12,13.597948499981246,87.10711275747984,2.7049299063244967,2.6670055190478945,14.329914166635412
2011-01-13,14.044064584187591,79.70779227802122,2.0644434278153803,2.524064196072713,15.073440973645985
2011-01-14,11.64530506075328,84.57216523862171,1.591258926955485,2.396906542943503,11.0755084345888
2011-01-15,15.944841301531577,81.46323326331394,2.378338605570009,2.4147661832862735,18.241402169219295
2011-01-16,13.637155554176655,60.983287723502215,2.2968419820755024,2.5020369791635857,14.395259256961092
2011-01-17,15.258597331721083,93.71419281467726,1.5532722870321214,2.7090679035516922,17.097662219535138
2011-01-18,11.3375234665937,85.41776094660645,2.329098640119596,2.5973200729302404,10.5625391109895
2011-01-19,12.687625099029768,74.42194041348925,2.116783381389159,2.823870408574498,12.812708498382948
2011-01-20,16.167144073483314,78.14401937457575,1.8376881848003805,2.6473624998598284,18.611906789138857
2011-01-21,12.881500543724698,79.51769920639266,2.2131500222389393,2.366960445032424,13.135834239541165
2011-01-22,19.180891553700214,87.43316230407778,1.9906457777348774,2.5188702205079867,23.634819256167027
2011-01-23,12.801091443156192,89.72820441769287,1.9458397362426483,2.3002543001673414,13.001819071926988
2011-01-24,14.674054177255657,89.18947380821392,2.5343523334820817,2.632458861872642,16.12342362875943
2011-01-25,16.79777249561927,86.8061811192141,2.298926020183888,2.8225555071158785,19.662954159365448
2011-01-26,9.744902801200904,71.32071592719028,1.7002700985681276,2.5653460743037457,7.908171335334842
2011-01-27,9.0,86.08264959429181,2.2289752816348245,2.351483737654202,6.19595594009612
2011-01-28,9.423031056289716,83.77648899500215,2.119196980396753,2.785274982937953,7.371718427149526
2011-01-29,17.787752310281547,79.19183328691749,2.6661682979258763,2.563530605276511,21.31292051713591
2011-01-30,12.344425562322659,79.30044439756081,1.63831989344928,2.574486181709087,12.240709270537767
2011-01-31,21.674597857004755,87.49628815768959,2.071123859927537,2.4860036185385392,27.79099642834126
2011-02-01,12.307257204027835,86.45462008595183,1.9091857599375588,2.6510267810601866,12.178762006713058
2011-02-02,14.55365390959111,80.17259204023665,2.023169412927925,2.7739662954030404,15.922756515985185
2011-02-03,18.626329857703627,64.7536972978053,2.208952443778739,2.835503693761538,22.710549762839378
2011-02-04,20.018278664477368,66.29017973572495,1.9084262219086967,2.6290658504583195,25.030464440795615
2011-02-05,20.184510729909192,68.21342319565751,2.1478829916058797,2.305093416781218,25.307517883181987
2011-02-06,17.625098691779428,79.75206830451035,1.7341781030062364,2.1163529886871806,21.041831152965713
2011-02-07,17.072187577434388,83.56112279491305,1.7247096825303982,2.5056866626738006,20.120312629057313
2011-02-08,15.777580847603549,85.89804130204129,2.477881845811263,2.54291819888864,17.962634746005914
2011-02-09,16.33508322849991,91.89065931430152,1.8524985022574867,2.6730767704146303,18.89180538083319
2011-02-10,12.3464428510144,83.84985988460518,2.095794886541786,2.5283709417512363,12.244071418357333
2011-02-11,11.545403349733078,67.49901662323573,2.353236916465981,2.5643690639125523,10.909005582888465
2011-02-12,13.989876627767144,91.59209992366469,2.262229974521925,2.4607295680511156,14.98312771294524
2011-02-13,13.489446132425215,97.49818762429436,1.9925830942431857,2.2757277021232145,14.149076887375358
2011-02-14,12.640315852018174,88.98643278038524,2.2979782669461173,2.4512245435809286,12.733859753363625
2011-02-15,16.089162342370145,85.63395674386618,2.637035741023954,2.5306839087669455,18.481937237283578
2011-02-16,16.865915625711533,93.47490759654934,1.6283376980751172,2.6121579615582626,19.776526042852552
2011-02-17,14.265220658875542,75.92414381019677,1.843781608062326,2.8538022800085994,15.442034431459236
2011-02-18,18.432590243165784,88.04831868690724,2.0334779107459022,2.594146389739976,22.38765040527631
2011-02-19,10.574932657599485,82.37505246209591,1.6852406096021104,2.527696633410404,9.291554429332475
2011-02-20,13.419021622160846,78.93295216762041,1.9918860159431615,2.4495864677279293,14.03170270360141
2011-02-21,11.849533038191584,59.54673988658111,2.0403372497784122,2.301388471224187,11.415888396985975
2011-02-22,9.0,70.43874709801051,2.4744617780847844,2.141749693403282,5.6673169146347
2011-02-23,13.751957942471902,84.07124285444016,1.8100161309432978,2.76453185672581,14.586596570786504
2011-02-24,13.634757474850149,87.50945826292482,2.0572096257305863,2.6013232461773708,14.391262458083583
2011-02-25,18.540349229726395,78.3348071034037,2.3021147070368766,2.5711278852541493,22.567248716210656
2011-02-26,15.892435053664332,85.18724647865173,1.750972170799821,2.320187582607994,18.154058422773886
2011-02-27,10.927439527012385,77.69041306667356,1.976319466440885,2.664522716410486,9.879065878353975
2011-02-28,19.562277699002564,78.46840381138823,2.521403893496701,2.39282573685043,24.27046283167094
2011-03-01,17.66310108657606,74.55684487690058,1.3150011892977902,2.556379133062816,21.105168477626766
2011-03-02,15.746293110405848,79.45336406212431,2.0990954591152424,2.1933760669301243,17.91048851734308
2011-03-03,13.320547703450504,84.87372571829104,1.802359501247498,2.9140120038920942,13.86757950575084
2011-03-04,11.121682289829561,85.76988748614761,2.1489037340953665,2.307711705399429,10.202803816382602
2011-03-05,12.883379671786841,84.64779907593586,1.6418942406995882,2.3925786498031054,13.138966119644735
2011-03-06,17.26624585911256,76.19846851240692,1.999743553376459,2.740200927401925,20.44374309852093
2011-03-07,19.653758917803827,76.47075638389855,1.9795269931242034,2.507424448786432,24.422931529673043
2011-03-08,18.629730584816567,79.69823671809674,2.0482414842698615,2.279451601709841,22.716217641360945
2011-03-09,12.533451734641178,74.62400234153426,2.1472627524460632,2.4584312291144723,12.555752891068629
2011-03-10,10.641147700132967,75.60912796485147,2.2504553099865316,2.5892282258237374,9.401912833554944
2011-03-11,14.422658740733612,82.09990124389654,2.152573980617252,2.767613388471366,15.70443123455602
2011-03-12,9.0,75.83425050526253,2.11759806653341,2.4908196915209535,6.1578031721857425
2011-03-13,14.969503142554345,78.75481243898176,2.4017200288873357,2.1076813218062527,16.615838570923906
2011-03-14,13.557192241103994,72.550062639768,1.8214601343785373,2.4163888475527444,14.261987068506656
2011-03-15,12.601890494395274,84.0222647501448,2.3181573539402303,2.660021253991442,12.669817490658788
2011-03-16,9.215890798199613,81.82131116261164,2.0653963296556452,2.46118083645637,7.0264846636660225
2011-03-17,15.540800319709149,83.30421023718871,2.175606511980238,2.772638138367218,17.568000532848583
2011-03-18,12.401897481014267,75.56933748559013,1.8205720404636658,2.4203539642273983,12.336495801690443
2011-03-19,10.490249492869136,89.38436686364324,1.623417632208225,2.493006672794403,9.15041582144856
2011-03-20,9.0,82.57108159092616,1.8337973937015628,2.168490144098036,5.0
2011-03-21,13.91745528484809,82.53116808209955,2.1808584346151685,2.822419563772927,14.862425474746818
2011-03-22,19.316754790009234,86.27688956553409,1.8738202203605097,2.5544695654694247,23.86125798334872
2011-03-23,18.98377764364361,97.12000811924014,1.6086869523153726,2.6561053579566534,23.30629607273935
2011-03-24,12.628711230241183,64.22981114729842,2.746051928879181,2.759188242569635,12.714518717068641
2011-03-25,12.193363818914658,81.98443288294673,2.055596796285071,3.2099333666910157,11.988939698191096
2011-03-26,15.40632276822507,77.03608905428455,1.445120257207941,2.320460678169036,17.34387128037512
2011-03-27,11.004843682435126,73.01284623243876,2.2682105254630907,2.6664156347619707,10.008072804058543
2011-03-28,14.905375699458398,67.01810324326925,2.4331967712374154,2.5474644168328,16.50895949909733
2011-03-29,16.298240835154072,97.18505702900856,1.8866696771126683,2.7395243342672275,18.830401391923452
2011-03-30,17.680799671652924,80.45407605353145,1.6485189200823414,2.463128437648635,21.13466611942154
2011-03-31,13.699537770560141,91.44740364210195,2.32091122674243,2.636468351668443,14.499229617600236
2011-04-01,13.388978749469102,86.72795793654753,2.235729996244044,2.751749842315884,13.981631249115171
2011-04-02,11.366052239730317,72.49299493513554,2.221891398687731,2.5788117708079925,10.610087066217194
2011-04-03,11.519358937880419,82.26466749728118,1.3884369834200667,2.4831718602139996,10.8655982298007
2011-04-04,13.32056332429542,83.67921071484123,2.330744184924308,2.5905093887196227,13.867605540492367
2011-04-05,15.102096520448534,83.49418777814658,2.581755806388478,2.385640512148874,16.83682753408089
2011-04-06,16.74075387869975,86.10064153877336,1.5933842989534222,2.637578270059263,19.567923131166246
2011-04-07,11.590463147958966,68.7963640014029,2.0153569637896216,2.712945014750832,10.984105246598276
2011-04-08,18.478065706878567,88.67007763550717,2.149163566958977,2.3206208505966166,22.46344284479761
2011-04-09,13.186629196872294,85.29646085946466,2.077036969874154,2.557626248633,13.644381994787157
2011-04-10,13.935898116954691,78.95219584573316,1.8153698302169419,2.4988821702203614,14.89316352825782
2011-04-11,11.75836496255653,90.87124691827321,2.063225908771235,2.6021352879961337,11.263941604260882
2011-04-12,9.0,86.48647306529247,2.39943132376163,2.468420459250559,5.0
2011-04-13,16.652136189083148,80.88023833104722,2.007278865403575,2.2039457639430493,19.42022698180525
2011-04-14,16.2105316912773,89.91100735491874,1.781737124440468,2.827468156567214,18.684219485462165
2011-04-15,13.15601732864536,81.08300730097866,1.940573669180969,2.568907479460607,13.593362214408932
2011-04-16,14.200972151674616,88.09651014910514,1.9914217447762377,2.829725425730894,15.33495358612436
2011-04-17,15.547817653112299,87.37497666717734,2.06709136127956,2.624531642120001,17.579696088520496
2011-04-18,9.312362429340372,65.97317253608016,2.01513942649294,2.6422788634820646,7.187270715567287
2011-04-19,12.412841967961116,94.84340153878338,2.5909068298300757,2.1471955818199446,12.354736613268527
2011-04-20,16.38279403886548,87.71795441980873,2.4067589647981786,2.821509025080351,18.971323398109135
2011-04-21,10.237131730492251,86.3944827741705,1.4838861908552334,2.86612402613373,8.728552884153753
2011-04-22,14.880673796499888,76.65291221135199,1.9665059362073654,2.4983488572229664,16.467789660833148
2011-04-23,9.930254586129784,88.43540144527499,1.8141417062100202,2.3150499237039623,8.217090976882975
2011-04-24,15.399289947300579,62.41876655150163,1.9558457403694667,2.585605081618435,17.332149912167633
2011-04-25,13.893075553107549,78.95541308882468,2.165071744153251,2.1441478395927263,14.821792588512583
2011-04-26,9.154604552283471,78.69930365105786,1.9021590799583177,2.279852658334926,6.924340920472453
2011-04-27,17.494218063371513,86.70183262296119,2.0696290960471653,2.4859811386407844,20.823696772285857
2011-04-28,11.796225269605852,70.48316620465903,1.8527561457164674,2.47758509525926,11.327042116009753
2011-04-29,11.569242688956857,80.52056676703606,2.567851257824727,2.5521431070996363,10.948737814928094
2011-04-30,14.60170759169283,80.01986495538772,1.8014760140792394,2.419736596623683,16.002845986154714
2011-05-01,17.445912048286147,77.2696390793047,2.095233613367389,2.601391166719509,20.743186747143575
2011-05-02,10.95253454306481,73.23601610020846,2.3066671713331375,2.4354148483518316,9.920890905108015
2011-05-03,14.185039549543914,81.70774166739936,2.182888277167621,2.2837515139146074,15.308399249239859
2011-05-04,15.286449500991719,71.34918432270287,1.5456478734275454,2.627080330387177,17.144082501652864
2011-05-05,16.079316821789433,77.83859808750344,1.9177899473899014,2.321474892339544,18.46552803631572
2011-05-06,14.529324665831675,64.77143929311926,2.1946093595734597,2.412592641527627,15.882207776386126
2011-05-07,12.898916482750034,70.7554011015657,1.6039292772090663,2.087719037671115,13.164860804583387
2011-05-08,11.517229338053841,74.42783421552934,1.771676613795009,2.5240181797129173,10.862048896756402
2011-05-09,14.258431649139125,85.95759290817574,2.085864187633816,2.566795578381129,15.430719415231874
2011-05-10,10.78358296404318,74.01915727533242,2.1564799850886778,1.9556253518665123,9.639304940071966
2011-05-11,9.0,72.14993893091916,1.528082538540142,2.5010077730943006,5.0
2011-05-12,15.309679412473002,77.14581234275295,1.6570942678903116,2.651506485081978,17.182799020788337
2011-05-13,16.711804523258586,87.16684205479243,2.0139216993408455,2.532986829174999,19.519674205430977
2011-05-14,9.0,93.55259961657057,1.6737866529655616,2.4799742582578936,5.0
2011-05-15,10.970807885870187,82.05727211605219,2.550875656225955,2.5187658496877425,9.951346476450311
2011-05-16,15.857462783015594,69.37854914620554,2.2649057266196366,2.3418994211328314,18.095771305025988
2011-05-17,20.172486409135097,68.81509745623133,2.282320404004332,2.6505057263241585,25.287477348558493
2011-05-18,14.062381123026224,77.89852701925203,1.9379060811761761,2.286207245570526,15.103968538377039
2011-05-19,11.815991176312597,64.28723247962552,1.7977440691669426,3.0313508194998047,11.359985293854328
2011-05-20,13.45131067668548,81.59661896801283,1.2852401701573317,2.461845534605004,14.085517794475798
2011-05-21,18.124629257444553,84.86886528049237,2.0661605350070262,2.417701450169228,21.874382095740923
2011-05-22,12.062107462626393,64.65636641891128,1.894191618904605,2.450884190098774,11.770179104377323
2011-05-23,11.602423980049238,76.40012299263105,1.672347493624508,2.250309401793043,11.004039966748731
2011-05-24,12.551769433453902,79.59196190060635,2.076839783737255,2.4227042370810166,12.586282389089838
2011-05-25,11.140014175223863,86.99515736221316,1.837956805021498,2.701622544114268,10.233356958706437
2011-05-26,14.368010947984386,84.48461232573185,1.8189973495280056,2.5478690644446678,15.613351579973978
2011-05-27,18.87403537540868,72.08952561786938,1.926915537154346,2.646340550908409,23.123392292347802
2011-05-28,14.969237819348088,92.76739840844014,2.1304970593299446,2.350812515931874,16.615396365580146
2011-05-29,13.242939493621137,71.96925158947991,1.9060990825763302,2.914445824866287,13.738232489368562
2011-05-30,13.124566193253369,82.79084648958546,1.5854445200863714,2.8273525184907333,13.540943655422279
2011-05-31,9.31042757391003,80.44987066793422,1.5724993174061683,2.768983421172595,7.184045956516715
2011-06-01,16.64932933144148,84.59674046062979,2.3394610942464085,2.6931928618805316,19.415548885735795
2011-06-02,13.766488408961594,82.48689783268082,2.0696759058196803,2.7280705558050604,14.61081401493599
2011-06-03,13.458560259228124,91.43586911764706,2.4974652796255667,2.8242876655609597,14.097600432046871
2011-06-04,23.579322703534583,76.23084970549183,1.8840264647339944,2.8168341877764878,30.965537839224304
2011-06-05,14.89625872509706,71.42612163107644,2.021057131050981,2.723809492304991,16.49376454182843
2011-06-06,11.744626849714447,94.30291071940238,1.934391131282301,2.640435813972016,11.241044749524079
2011-06-07,12.72092721138337,85.38842544283537,1.7143982015683012,2.430887477810643,12.868212018972283
2011-06-08,17.445337127590264,70.52920109346036,1.5190580238501334,2.7477903807259274,20.742228545983775
2011-06-09,14.339811231613293,64.07930269790569,2.4692399078046994,2.6652699036887286,15.566352052688822
2011-06-10,9.6851660650479,86.62978658010822,1.7372567662038954,2.1963727196055123,7.808610108413166
2011-06-11,16.757686803725612,75.21559551680193,1.5842393646693682,2.3139118292643257,19.59614467287602
2011-06-12,11.995567743383019,98.38238928898366,2.107525436584482,2.608463890171673,11.65927957230503
2011-06-13,19.619893328652637,85.25744283828061,2.0568662033436214,2.5610525615997317,24.366488881087726
2011-06-14,17.240144197143945,81.99806196530268,2.404963973913836,2.548570357666777,20.400240328573243
2011-06-15,12.658034313023746,88.11916625672066,2.098173367158616,2.3832986419832194,12.763390521706244
2011-06-16,17.843049085205337,93.59380113569685,1.705486847250703,2.35873715464641,21.405081808675565
2011-06-17,14.20356653158221,70.13241274763514,1.4862909499079695,2.350471808584848,15.339277552637016
2011-06-18,16.55832102536666,71.43267525663963,1.850013276109303,2.4881581282487333,19.263868375611096
2011-06-19,15.454198451883425,75.69146887083483,2.4514559450951876,2.1742800920655765,17.423664086472375
2011-06-20,11.46093003502738,85.33389830744221,1.238760692864218,2.7039566051044783,10.768216725045633
2011-06-21,12.069350503047614,70.49811225057834,1.69027477476389,2.4545708175653043,11.78225083841269
2011-06-22,17.089882452743485,80.28295490920905,1.736640140318876,2.0906857496040003,20.149804087905807
2011-06-23,12.995674003680378,64.43386425260252,1.8824834119033942,2.62780028192286,13.326123339467296
2011-06-24,12.78905461027401,81.72265617133255,1.8222890646591365,2.4902516747107324,12.981757683790017
2011-06-25,11.134632261951941,83.16575373791245,2.6225588982882244,2.426887216201928,10.224387103253235
2011-06-26,15.270797196780382,73.27890525814124,1.9316246919484645,2.161388004957867,17.117995327967307
2011-06-27,20.187574757729436,79.78584434103492,1.7148699045542162,2.59106151341629,25.312624596215727
2011-06-28,10.797401257237182,85.72932530523788,2.0666018213631765,2.2442984431074873,9.662335428728635
2011-06-29,14.072658370018274,72.67568448388634,1.890096065000437,2.587786879116017,15.12109728336379
2011-06-30,18.236661666246288,84.67097250454097,1.7811489832598268,2.41525543034693,22.061102777077146
2011-07-01,13.761075826262855,91.41981510148118,1.5075245687090904,2.4586663437147847,14.601793043771425
2011-07-02,15.357115388749202,91.08139982529337,1.9837570268799427,2.176270882984268,17.26185898124867
2011-07-03,10.81281941555936,71.21465167152314,1.8611977857829445,2.2929220448928036,9.688032359265602
2011-07-04,15.284921291622945,80.46762763240369,2.0388639462430787,2.583199387598025,17.141535486038244
2011-07-05,13.438567204986354,76.57909952205614,2.6908870923891497,2.286170100939115,14.064278674977256
2011-07-06,16.957189987039587,79.31669324806779,1.675000877157601,2.3693213257456405,19.928649978399314
2011-07-07,17.562158154694252,87.42286050697878,1.5032071363712816,2.323889537465106,20.936930257823754
2011-07-08,21.76869092605584,54.602119329708174,1.6435423174076178,2.5445861738433377,27.947818210093068
2011-07-09,15.738899519640727,73.78064631369345,1.736667548311912,2.581871995064268,17.898165866067878
2011-07-10,14.9773889497465,75.37350807333002,1.8616424369802016,2.705585712055049,16.628981582910832
2011-07-11,14.583152904732009,85.79339533529568,2.1705978392160565,2.7338210755069903,15.97192150788668
2011-07-12,12.940501121567936,96.68028726320924,1.958442747478546,2.2008899232777654,13.234168535946559
2011-07-13,15.015451530385073,84.35928042980203,1.362985133325476,2.5873417028601713,16.692419217308455
2011-07-14,13.11379576958291,88.94703966343643,2.0656557203021713,2.4324200368383058,13.522992949304854
2011-07-15,14.505382928808842,84.77486146966665,1.9951505194242116,2.3573064317287726,15.842304881348072
2011-07-16,17.952792606823877,89.64825920931568,1.9488393571052187,2.556441161513669,21.5879876780398
2011-07-17,10.980372304161076,79.53437282009598,2.2176227425937864,2.5827867501898063,9.967287173601793
2011-07-18,17.419635683387135,82.29832817827103,1.7533956242285649,2.1441176209742134,20.699392805645225
2011-07-19,17.951345202019596,92.8504017088814,1.8027193923260358,2.031105813455169,21.58557533669933
2011-07-20,13.645794419026764,91.05330039356987,1.6426901268114642,2.7792548398813546,14.409657365044605
2011-07-21,9.0,93.96451611708626,2.3308918905752236,2.4809929494933636,5.0
2011-07-22,12.176534038716703,78.41232110050629,1.839362216714788,2.63463259913631,11.960890064527838
2011-07-23,17.890983639683327,75.21703343534477,1.998555413920381,2.6321667887769644,21.484972732805545
2011-07-24,13.931395813103354,82.44025730877625,1.983131274926882,2.495855944132165,14.885659688505589
2011-07-25,11.002093303115267,67.43739677964165,2.537845834481071,2.4949129945716546,10.003488838525445
2011-07-26,12.485675236315348,62.55469420138996,2.059651275211005,2.5538703453805613,12.476125393858913
2011-07-27,16.521860079513658,84.17940406103676,2.112313857853293,2.8473571457362974,19.203100132522763
2011-07-28,15.640200704604137,86.22446637585486,2.015046853911037,2.081049373638192,17.7336678410069
2011-07-29,30.71061026126682,78.24296259122073,2.0738539086216567,2.156498692432157,13.805339504151528
2011-07-30,38.23625975333623,66.04387636647506,2.0989195895812034,2.3115358481923973,13.165877940926562
2011-07-31,39.86651153382756,94.34024770924819,2.191585736508312,2.1819314780478463,13.04120925478089
2011-08-01,32.40029744855491,70.50237530039772,2.4876202320718113,2.8414061291357253,10.387949077507487
2011-08-02,36.57920438073536,88.62137664472905,1.8793640419018411,2.4583896127149227,23.07687844734721
2011-08-03,33.6109843296746,80.66566147272974,1.678649053936895,2.357809647254067,13.3883976539433
2011-08-04,36.00480075902465,79.1869972016897,2.134388556794987,2.5302681359692274,21.085792604127484
2011-08-05,42.404068240905204,90.65084023921105,2.3876208724423083,2.4864707540278035,22.606580259612258
2011-08-06,37.86607173328688,82.28989116016366,2.6994345918997245,2.4989709815207313,19.9915544907398
2011-08-07,40.19669617587081,95.55398510007953,1.472967364908383,3.0105824584059784,12.841898436409759
2011-08-08,35.49075308821074,62.55973067490413,1.6441286853805155,2.811207355030927,17.018650451683047
2011-08-09,43.34796083889866,79.36323749313573,1.872419286645936,2.639675282738528,14.87902196804542
2011-08-10,43.02290672062141,82.4096222289294,1.8086782684852034,2.374309756052237,10.48149069634936
2011-08-11,40.88416299986735,79.83077515365981,2.1378924512978363,2.4387933962352366,16.621796408608017
2011-08-12,43.6439428092701,92.63058359104093,2.186610691558594,2.1762779158204646,9.104801044200988
2011-08-13,45.72117952201378,89.33155078702073,2.0362117509119697,2.472027873024227,20.93839694230782
2011-08-14,42.340527404362625,81.59319584461599,2.1020505441536437,2.458656499530749,12.676913513508035
2011-08-15,40.29494982399289,71.35983901524074,1.748320350466672,2.6333741823234575,16.005798279364196
2011-08-16,54.022297730747255,85.14293424181774,1.4840463084305338,2.4502111907665696,16.41643935773071
2011-08-17,44.86690918115891,79.99721551033136,2.0553258135580217,2.5639410851163493,13.705475131479613
2011-08-18,47.61295958725244,69.93045247484541,1.766204744256049,2.483294439777389,17.933469007376374
2011-08-19,51.443358940081254,69.79252259130796,2.4693945925398677,2.4375545128759826,12.625481716887379
2011-08-20,60.91622075028194,86.75720066782088,2.171107750769967,2.3986766887900726,19.35648648728622
2011-08-21,41.22205420044454,73.20379242494813,2.085643837764467,2.5978309169168434,8.270101598766257
2011-08-22,47.39930885490604,89.17552981700521,1.7926423337040258,2.5536458049838666,15.63189789773206
2011-08-23,42.169790858823575,82.48331955381266,2.204989260996834,2.6238142830901348,24.694644995291423
2011-08-24,42.244838781693154,74.65984430993468,1.9137958792939522,2.4340379527391494,9.998343376972127
2011-08-25,40.91915191597284,77.03506580566106,2.0429195891751606,2.3897100383759984,11.611275147375743
2011-08-26,38.69738012879766,91.8856947005261,1.2904979959792446,2.362343530709709,17.569539248294575
2011-08-27,42.43483455286135,59.39492537979307,2.0618539182032007,2.615248929168744,15.897908909697989
2011-08-28,36.101989251807055,81.65079872705834,2.4333702568780264,2.7596522545706286,16.753150496367795
2011-08-29,45.187230266047486,82.11747910675754,2.008902532664118,2.5543009679892603,17.445935650738317
2011-08-30,41.0200117441335,95.08904308924167,1.9906219612124567,2.2619654867659644,18.17360734280885
2011-08-31,41.889739891605764,72.17525237452129,2.2972534957066584,2.7306941903154716,20.548499209781117
2011-09-01,37.735245552215105,84.01788734123588,2.1709316587243364,2.4768808556955717,17.049093284642563
2011-09-02,37.53118426315301,84.98281331524926,1.947791669144997,2.115732052570641,13.793711726907288
2011-09-03,39.55025562066931,72.52710615039696,2.2103131697195635,2.6617127388546273,18.362868506013655
2011-09-04,33.1437974703767,71.53848493600503,1.8582479469321698,2.393321705729081,24.499409674476077
2011-09-05,35.76803826234666,76.63073696546698,2.208231036425705,2.664119205602641,14.336831268087133
2011-09-06,33.161545944486186,87.23398784370983,2.2832522086582823,2.54348201203974,10.127353476646793
2011-09-07,32.43772475763594,80.93538711012428,1.7985808845576028,2.449073225995709,20.53540334643486
2011-09-08,26.960647037497438,78.34755185663234,1.8219801313620727,2.547069528152835,14.39809418023201
2011-09-09,40.15730635791999,82.94085581309825,2.071770543781189,2.5677061834285038,5.0
2011-09-10,31.453844987384926,85.78990334200239,2.0452937425976727,2.2057755916786546,19.23710838575211
2011-09-11,38.2535042206542,89.60072006632375,2.3378259075171366,2.562729898142587,12.323359070230387
2011-09-12,37.27516928557717,75.3585179446923,1.6136451330366994,2.580223168085858,14.547333588479196
2011-09-13,27.256001173934024,78.93602002409442,1.2533501757298473,2.712772167664954,16.659901652845072
2011-09-14,27.446355057308615,84.91669365453744,2.190462645626367,2.5424847062721763,15.952498398895331
2011-09-15,41.44201183742273,91.84182941665077,1.1145722841838546,2.223379645571542,18.5472590856952
2011-09-16,37.60370376770857,91.60852304769688,2.0295104839617792,2.6632312648084278,12.822568147150783
2011-09-17,29.873925946687585,101.96453230963286,1.7256602035690143,2.5220747917517343,17.565528990880413
2011-09-18,30.429492425669395,71.31834392063304,1.6731464759775616,3.0441631630053223,13.702266612080415
2011-09-19,26.276614388211243,86.25580981840713,2.182214975694522,2.4624899779831835,18.694052404437514
2011-09-20,29.929410856801358,65.8769692716956,1.909594950350679,2.296214015691527,18.076837420065267
2011-09-21,24.73127239711011,78.47768814673795,1.737595767200257,2.5704296948150707,10.322806489777022
2011-09-22,18.87058494280646,86.21887485074922,1.844435401110833,2.7561537429703566,20.42991058087516
2011-09-23,21.113776853955795,86.59576328850385,2.0627306221154287,2.6612232188916702,12.32018277442976
2011-09-24,25.88437099140235,73.6437592128414,1.4449162422236226,2.601052465856406,19.040288991405724
2011-09-25,20.675731057989648,76.84917608801632,2.335680126854899,3.0345952050438014,16.836436567006704
2011-09-26,24.330890140345865,78.57715680879934,2.4663857528681916,2.3833296661668055,24.190918383975614
2011-09-27,19.701355842268548,83.59244385548205,2.2031072835411294,2.2132458707739917,13.882670088140738
2011-09-28,20.270584309992028,70.32744616632141,2.1457500705229395,2.1898970719168855,13.253416019409013
2011-09-29,26.212661225652766,90.19834141146282,2.373769604390754,2.3438852680458706,14.902901970561336
2011-09-30,23.189922190560416,68.0224509532371,1.9645644488356377,2.3375971875222463,13.484101085828623
2011-10-01,21.561342314746614,75.530172353862,1.9571461311436738,2.5880158316905133,18.99970950971025
2011-10-02,24.515855892282605,83.65141526682841,2.6184408854246817,2.562392908449764,6.918446957817061
2011-10-03,22.322434373389388,81.1540066175615,2.136057777439596,2.1495818846726293,9.73158790426823
2011-10-04,25.58625316500547,69.43071061547464,2.2208609846984277,2.494462397051541,9.660985392104035
2011-10-05,17.360562950739443,86.97825379500992,1.9238260507675828,2.593579718039907,19.75153795986788
2011-10-06,16.881460085889966,95.81754756226928,2.3248403853575,2.5407512890577366,23.553066862909624
2011-10-07,12.795562934434619,104.7890726350817,2.1322177945420857,2.5871562143544007,14.477753907312643
2011-10-08,13.493534830429969,74.75883205880058,2.316147778099265,2.9422993907003923,14.155891384049946
2011-10-09,14.210156489339544,81.77778947690034,1.9301526446940507,2.4777568421352965,15.350260815565907
2011-10-10,17.485634907824572,88.00104628081161,1.9931586971606672,2.2444702590200296,20.809391513040953
2011-10-11,11.217940597428278,69.0276821295669,2.179876086477838,2.762969257877285,10.36323432904713
2011-10-12,14.715106948204355,79.50993305751814,1.8997398822695546,2.6873421634860812,16.191844913673926
2011-10-13,16.92559288934729,94.18512499856294,2.735952196746547,2.701835316727714,19.87598814891215
2011-10-14,15.503282509819536,73.42714848244955,1.9841732139799566,2.448537491994695,17.505470849699226
2011-10-15,14.56874484979623,70.93891716133294,2.1400106630414006,2.3645247216426704,15.947908082993717
2011-10-16,17.003138277701424,83.81497087364028,2.27849596996411,2.536976402385836,20.005230462835705
2011-10-17,9.0,79.16478655563492,1.5432597076199517,2.5993816411601354,5.0
2011-10-18,16.033625958592722,72.70961792547664,1.721419904555784,2.696216494940592,18.38937659765454
2011-10-19,12.037772950617729,80.65263457172964,2.310405290569236,2.6074629473303905,11.729621584362881
2011-10-20,9.0,76.98140036244683,1.8128399919562064,2.3916716696155995,5.846835515717716
2011-10-21,15.533607798574941,63.39940583510031,1.5113192263115822,2.289162824094764,17.556012997624904
2011-10-22,18.120975635488875,69.304112762887,2.109513028229238,2.2322444686010288,21.86829272581479
2011-10-23,13.587654456116924,72.79920529100613,2.358513543828632,2.751341577913565,14.312757426861541
2011-10-24,16.858623641608816,87.25874183671405,2.2176755590448685,2.650921938709936,19.764372736014693
2011-10-25,18.836834773965936,76.73810311300592,1.7408818271629791,2.730131898710436,23.061391289943227
2011-10-26,17.944743360752142,87.73507714964127,2.058883037561889,2.4879157945471517,21.57457226792024
2011-10-27,18.919893588114178,79.31963160244631,2.110651166566565,2.458019613275117,23.199822646856965
2011-10-28,16.226382473215676,74.73635959767796,2.209138645715694,2.303473385460803,18.71063745535946
2011-10-29,14.226300916704778,80.09586966221107,1.6052700345100994,2.2158039115390817,15.377168194507965
2011-10-30,9.194102564308494,86.87707816540404,2.122056814972354,2.650185375401161,6.990170940514158
2011-10-31,13.261812535610154,77.67018958001584,2.1764605548816256,2.0911454690999953,13.769687559350256
2011-11-01,11.470260214051425,79.59378689333104,1.7079882506015633,2.7353215863313065,10.783767023419042
2011-11-02,20.51282815249344,72.26276472189161,2.0097269526682053,2.2392002099883292,25.85471358748907
2011-11-03,13.47234256270299,74.77117534483612,1.7061300410483677,2.864768699526458,14.120570937838316
2011-11-04,14.369614420353457,71.02115291223318,2.492801037198058,2.0505952876072753,15.616024033922429
2011-11-05,15.654456128121403,87.45807833319662,1.7597317417178462,2.303318504266686,17.75742688020234
2011-11-06,14.13080733911736,82.38214582621475,2.2831338971643227,2.547880677200109,15.218012231862268
2011-11-07,19.085153121292258,79.56485610441061,2.537085616201573,2.5913285904255203,23.475255202153765
2011-11-08,12.132051914796644,72.95147041139059,2.4986120178341027,2.548819826614404,11.88675319132774
2011-11-09,14.583822365711729,89.50670116321815,1.9506013561293107,2.374950200350053,15.973037276186213
2011-11-10,11.772588242905854,85.86070578172695,2.042249783169359,2.5108414751909023,11.28764707150976
2011-11-11,10.039932466337882,88.04116401543504,1.9078521741108614,2.278399688658916,8.399887443896471
2011-11-12,12.164692727284145,90.3555840437293,1.7930025329844443,2.5095974139856834,11.941154545473573
2011-11-13,13.888889608854765,72.46313105739661,2.272715200359759,2.485313952506746,14.81481601475794
2011-11-14,12.71209332644822,80.1771365079495,2.1151642057067845,2.728279226855481,12.8534888774137
2011-11-15,11.922737060378433,77.76108418431662,2.007428542702434,2.4378826082189486,11.53789510063072
2011-11-16,9.781047608984498,93.50847432012496,2.1807497291578035,2.6926900115159684,7.968412681640831
2011-11-17,13.750683282113915,76.39126027228738,2.2060863590444937,2.569851055980603,14.584472136856526
2011-11-18,9.485838877906993,81.96464023814572,1.8767148435239884,2.0517536476709517,7.476398129844989
2011-11-19,16.280167891068807,81.2446868180174,2.4076409843466715,2.4935589235408795,18.80027981844801
2011-11-20,14.24731925880351,68.63790048101876,2.2798416869288127,2.4297429633401144,15.412198764672516
2011-11-21,9.627345501605209,70.32080980871218,2.170190521070754,2.242758288852052,7.712242502675347
2011-11-22,13.07237276885041,74.64084737849777,2.1453601074787576,2.681888570492654,13.453954614750682
2011-11-23,11.74353078322825,73.09490981434739,2.1269793489065343,2.48569782589445,11.239217972047085
2011-11-24,14.957523531257541,87.65977638862815,2.127565717929961,2.847949721117854,16.5958725520959
2011-11-25,18.021351338069433,70.29755861013741,2.009276086425021,2.4739954095309176,21.70225223011572
2011-11-26,9.0,84.14502655182886,2.0635723559452246,2.4010703181733066,5.624137651771278
2011-11-27,14.345078237442252,88.95765214368168,1.4500980898627036,2.2349676850819757,15.575130395737085
2011-11-28,13.519601613300079,74.9835579118429,1.7280643390830384,2.5809188254708983,14.199336022166799
2011-11-29,16.014020229351395,79.05833998313382,1.8737930058688876,2.5116321545398597,18.356700382252328
2011-11-30,14.639589884713068,95.0345298686235,2.0863830043885736,2.3869988563836917,16.065983141188447
2011-12-01,11.744092004783543,83.998719663027,1.832324615876705,2.008386490133284,11.240153341305906
2011-12-02,13.042838193000145,89.1327045625928,1.9125682272961213,2.6544723411697944,13.404730321666909
2011-12-03,11.611922429589534,75.11684982983684,1.6533932883919893,2.4681250137877977,11.019870715982556
2011-12-04,17.228021415795794,83.01272331579592,1.561610886653244,2.54382111417027,20.38003569299299
2011-12-05,14.063934946015827,80.7864969792552,2.311830988473728,2.697857452520823,15.10655824335971
2011-12-06,19.703572057259024,77.75645673576659,2.128701189990332,2.836281155123369,24.50595342876504
2011-12-07,13.818017558556138,71.04481304716116,2.5119792684057693,2.4843188308931743,14.696695930926897
2011-12-08,11.874779699268611,76.46996241418054,2.1283862995099985,2.6026898057408934,11.457966165447687
2011-12-09,9.458856822161518,82.41087092455828,2.083108973060923,2.526904677159892,7.4314280369358645
2011-12-10,9.0,86.16957732172231,1.9130064028179763,2.504308442348218,5.984301618720275
2011-12-11,9.24759217098353,81.9599381260921,1.4529905429327523,2.8287268572298405,7.079320284972551
2011-12-12,14.80137995303445,74.85627322457908,2.294616744931373,2.6759206695321747,16.335633255057417
2011-12-13,15.5261750696898,86.14803611522414,2.007609753586659,2.39461768216129,17.54362511614967
2011-12-14,9.256427893903599,77.34295692403089,2.0691096114110734,2.659429470109261,7.094046489839333
2011-12-15,16.685114942228346,89.36986590435207,2.1331942861286755,2.2366040265282034,19.475191570380577
2011-12-16,12.550816844949681,85.54980667256568,1.4222970272596376,2.4870919537142524,12.584694741582803
2011-12-17,14.440379035956648,81.8264944976888,2.2422323121729804,2.6953775451459805,15.733965059927748
2011-12-18,18.836661884766272,80.57348544502408,2.1526195193616924,2.7599465704703463,23.061103141277123
2011-12-19,16.690517947596597,81.80054166695021,1.8992200870633296,2.2315276420180266,19.48419657932766
2011-12-20,13.194408056282503,83.08827730903552,1.467007361013982,2.490748163312304,13.657346760470839
2011-12-21,11.326423323754138,82.51626583466316,2.402365347001619,2.314245186844785,10.544038872923563
2011-12-22,9.0,73.50607789023516,1.5803771282558012,2.053442342578284,5.0
2011-12-23,11.84254004227274,86.95225582643158,2.4055536264531963,2.4146168978145957,11.404233403787899
2011-12-24,13.366609283516917,83.16810712813647,1.2998653403481448,2.4176053274169536,13.944348805861528
2011-12-25,11.038461418546447,80.10564983568024,2.3997136937675334,2.19684297963544,10.06410236424408
2011-12-26,13.606229098723086,74.01199601459521,2.1085620991682577,2.90147700292165,14.343715164538477
2011-12-27,14.230555648876305,72.72950528070251,2.0827062099598006,2.396783291146423,15.38425941479384
2011-12-28,13.325432054575764,82.32024538260224,2.3933061262853643,2.445029450043791,13.875720090959607
2011-12-29,12.04999225752962,79.6324100802949,1.6998842361239965,2.5317649853939015,11.749987095882702
2011-12-30,14.505964015900183,72.8469991866005,1.7921342189025606,2.4075064925011134,15.843273359833638
2011-12-31,15.325821948708228,83.07719022708724,2.0572099636506174,2.734487004674565,17.209703247847045
2012-01-01,10.728802767671462,81.7110539714949,1.9359319832755473,2.4433916947737173,9.54800461278577
2012-01-02,18.232797139238812,88.38816546996486,2.018572117330943,2.5407235382893276,22.05466189873135
2012-01-03,13.704235603147215,72.92478364867942,1.9094148774284394,2.236999684950312,14.507059338578692
2012-01-04,14.056548868834543,85.49201203003551,2.188451087502538,2.6380643298518307,15.094248114724238
2012-01-05,16.12464326976967,74.33987713062936,1.4197435604468687,3.016274223729551,18.541072116282784
2012-01-06,14.699648393790504,92.38567845052738,1.4361462587522027,3.044851708459365,16.166080656317508
2012-01-07,16.859409901739735,87.39679624541579,1.941157577724162,2.333831323150374,19.765683169566223
2012-01-08,14.861372495605472,78.11612420032742,2.316390733975749,2.5556756868350896,16.43562082600912
2012-01-09,12.162687876078687,77.69326603910187,1.7328960321236115,2.3509597960620368,11.93781312679781
2012-01-10,15.084510575618305,73.54674768294169,1.9960606222251758,2.4123011670594856,16.80751762603051
2012-01-11,10.568821378038015,92.9638372276937,1.9331781054509904,2.155048657963256,9.281368963396691
2012-01-12,14.32567911732957,95.23965037389887,2.4471853622945834,2.358234823971779,15.542798528882615
2012-01-13,13.900310028066617,60.28859634057402,1.8300672414407295,2.249391745911943,14.833850046777696
2012-01-14,13.375649428182381,89.09285193638091,2.3370494029748583,2.3467294089011665,13.959415713637302
2012-01-15,13.614387465683208,73.33559399116172,1.6878849506352294,2.4746102457054953,14.357312442805346
2012-01-16,9.0,85.09359850115895,1.7425905225170881,2.535226628768267,5.590754772511804
2012-01-17,12.353825276777116,79.93419195627831,2.2565618562229752,2.491044549579614,12.256375461295193
2012-01-18,14.278534703423345,74.89830748156875,1.8483009489401385,2.054977647419758,15.464224505705573
2012-01-19,14.479569175992202,79.48815738874477,2.341558614944219,2.6482083509502443,15.799281959987002
2012-01-20,10.916974577222126,84.65001591818267,1.7857060440756167,2.3278233715633907,9.86162429537021
2012-01-21,17.797123522594102,83.96619855396847,2.212642338571159,2.6509616594021366,21.328539204323505
2012-01-22,11.401475455356497,84.33819783500084,2.351763071878202,2.5259610921095184,10.669125758927496
2012-01-23,16.90837160158021,65.76871662402465,1.8793613808446634,2.500502290326271,19.847286002633684
2012-01-24,15.281583085615054,92.2583813760194,1.2367603614767457,2.0289116835849152,17.135971809358423
2012-01-25,12.061318070468591,86.18949115339953,1.4265550250074233,2.569851538457517,11.768863450780984
2012-01-26,19.325932677828536,80.33612092506631,2.4161143496753663,2.1555927018913623,23.87655446304756
2012-01-27,10.419089504730561,78.68947778804223,1.9887883404149882,2.7867093924544206,9.0318158412176
2012-01-28,16.757462520830003,95.2762721343394,2.264106922489278,2.697548535448361,19.595770868050007
2012-01-29,17.001746954128933,75.31639084959932,1.633897696032328,2.524651315072762,20.002911590214893
2012-01-30,11.988139372770066,84.61156959216831,2.1687100447354943,2.602995409135258,11.646898954616775
2012-01-31,18.177395900192987,71.23401186058884,2.312800109983331,2.2927959882475646,21.962326500321645
2012-02-01,13.249860456203141,85.29592821276393,1.7816964338876662,2.4850995057676006,13.749767427005237
2012-02-02,14.866080887839571,64.99346697183347,1.8758531184150886,2.6477186799208514,16.443468146399287
2012-02-03,14.780965516313662,73.48346757611651,1.880177996805042,2.2868248624313616,16.301609193856102
2012-02-04,13.597073775588356,85.98804742261125,1.8054207069583355,2.3911043432982484,14.32845629264726
2012-02-05,16.432424819479348,84.03822569886978,2.070842450479776,2.62557417158983,19.05404136579891
2012-02-06,16.38046616165664,85.73631845077982,1.7163901555611463,2.0949063970910933,18.967443602761065
2012-02-07,9.0,87.12689539351278,2.482331512151638,2.7606182274151947,6.257340133809096
2012-02-08,17.913020728634457,72.2764148140252,1.8745683055265472,2.361485165083075,21.521701214390763
2012-02-09,9.012524035892977,84.75933579601536,2.3467132289913746,2.511461833118657,6.687540059821629
2012-02-10,17.097638613024973,90.19713682684863,1.652967912258775,2.470545883478786,20.162731021708286
2012-02-11,17.38011541048275,86.95843182403657,1.8561671320523705,2.502483318647636,20.633525684137915
2012-02-12,10.727100709354406,82.01983139462122,1.576116617808,2.3581076962193737,9.54516784892401
2012-02-13,12.767557136136245,72.52764497199983,1.9904198787956444,2.5735040514307075,12.945928560227076
2012-02-14,10.682885994542193,83.17642984581657,1.780131981326973,2.2427998186733475,9.47147665757032
2012-02-15,13.355236909133794,72.91145472394066,1.6692937597018265,2.312445736182452,13.925394848556323
2012-02-16,13.075897147442776,85.73656682630407,1.743237926368996,2.7063071069450753,13.459828579071294
2012-02-17,16.33898159680802,70.52683853747568,1.9627473226901817,2.100795144415821,18.898302661346698
2012-02-18,17.930926238358825,73.51068417584194,1.9219537034345058,2.551874053715701,21.55154373059804
2012-02-19,18.18705143236987,76.45381777559582,2.002592668834478,2.231662485874063,21.97841905394978
2012-02-20,12.313495920265094,89.41159592574105,1.3589088730378807,2.6062176837390783,12.18915986710849
2012-02-21,13.372334378766416,68.68367122670769,2.394497184018749,2.3919922689356183,13.95389063127736
2012-02-22,9.0,70.78326135028183,2.178883170224514,2.6531752972196285,6.582809038895249
2012-02-23,11.582389800511434,78.02581922372418,1.727105553272637,2.914650272996715,10.970649667519055
2012-02-24,16.894554899292373,85.82930995188246,2.2872993299560243,2.293446857852677,19.824258165487286
2012-02-25,18.846748470644695,100.66721442764518,2.800172646704334,2.4879957892998767,23.07791411774116
2012-02-26,10.296953384360233,75.48527294028658,2.100098422628654,2.5010972465521477,8.82825564060039
2012-02-27,12.222607222541317,84.92392577283249,2.131706994460165,2.057047943117527,12.037678704235528
2012-02-28,13.92078272912322,73.25300660769233,1.7894765621440698,2.352283610838914,14.867971215205365
2012-02-29,14.84048347645882,62.10573717542472,2.1610219935489563,2.7624401180297213,16.400805794098034
2012-03-01,11.571189440235061,79.786141520748,1.7745169517522368,2.4097962191008726,10.95198240039177
2012-03-02,15.27218313339227,66.86541433982497,1.6907645293080162,2.487072106441717,17.120305222320447
2012-03-03,12.578481958787252,86.43769572168245,2.147023893592036,2.4806002005411947,12.630803264645419
2012-03-04,13.956643187365163,85.99525825593892,1.9243679335069912,2.2878632906111407,14.927738645608605
2012-03-05,15.638852744011098,76.15935956961165,1.2010236595442416,2.2652634620292194,17.7314212400185
2012-03-06,14.019266809432814,93.54382749822197,1.931354169317244,2.4150970446920237,15.03211134905469
2012-03-07,12.690842328420294,71.07275284086458,1.4240816055289602,2.735864986358222,12.818070547367157
2012-03-08,13.671170588222507,77.68370934067708,1.81712778554346,2.5121320410388255,14.451950980370846
2012-03-09,13.734911122383995,68.09853277300388,1.8790280583302128,2.4837748158235504,14.558185203973323
2012-03-10,12.889966910353618,78.81931219281765,2.176821346805128,2.512914499705111,13.149944850589362
2012-03-11,13.223611811998692,77.4032409866602,1.498289500987628,2.4058634595492325,13.706019686664488
2012-03-12,18.79594151151415,80.42685504595838,1.8506796638842722,2.717676430808639,22.993235852523583
2012-03-13,15.682758343823716,67.26555537922567,2.2735856870266593,2.4688868766496235,17.804597239706194
2012-03-14,13.113559045912519,91.32916647532662,1.5632169696165068,2.5133061172715028,13.522598409854199
2012-03-15,16.090863213532206,89.37275382876606,1.8718053773180918,2.6962095659032927,18.484772022553678
2012-03-16,12.99854153073197,81.70928470759732,2.459856258178776,2.4649216337713935,13.33090255121995
2012-03-17,17.519373912759924,73.86519909355319,1.6135999605298186,2.6521886354997593,20.865623187933206
2012-03-18,15.108926576594282,83.93552578568536,2.4417608277116134,2.4359411822161645,16.84821096099047
2012-03-19,13.678093567987313,74.142989474401,1.4896690834347384,2.2829742101161186,14.463489279978855
2012-03-20,15.343150777430832,87.13624346914902,2.0890963464875645,2.286485105385416,17.238584629051388
2012-03-21,9.287371543794503,64.24428094265622,2.144142757397015,2.7309677505671934,7.145619239657504
2012-03-22,10.619697593270583,80.4370929223533,1.3269837915041325,2.505224198163446,9.366162655450974
2012-03-23,10.418224980802833,77.72720368030781,1.6422044128305646,2.478081257084018,9.030374968004722
2012-03-24,14.42882928429112,83.68271560439678,1.827976329066219,2.4061037474392974,15.714715473818533
2012-03-25,19.197544998455275,76.31152072464555,1.9993366386025944,2.3898262621465403,23.66257499742546
2012-03-26,20.6939004385779,67.76506917971297,2.2199530425739544,2.1172560261372357,26.15650073096316
2012-03-27,15.914153304322271,67.11012466369448,1.7269218180378045,2.6153894350836815,18.190255507203787
2012-03-28,15.50253342483337,81.98755927040548,1.733210575047629,2.3648104755749566,17.504222374722286
2012-03-29,9.0,77.44144132964229,2.497365991687153,2.277501739735664,5.994711329236305
2012-03-30,12.371978600797934,85.05262328285964,1.6821045397138281,2.3273058197782084,12.28663100132989
2012-03-31,11.636648744275284,83.8806588090225,2.129627691821271,2.7015154547521565,11.061081240458805
2012-04-01,12.137457205246651,92.10438487700526,2.004537128424183,2.3868277225656285,11.89576200874442
2012-04-02,13.495568544245632,90.10167100044495,1.7500488577899476,2.6482139230642496,14.159280907076052
2012-04-03,12.583728266908619,80.98145602873151,1.97594616008271,2.538189768470158,12.639547111514364
2012-04-04,9.0,66.81198094337462,2.1529019224875405,2.460471825450013,5.103500948121061
2012-04-05,16.243730768352602,71.8553765702817,2.2645789002572068,2.3323922934793897,18.73955128058767
2012-04-06,10.78177092278058,88.72452071345934,2.174546949776389,2.510895975906553,9.636284871300967
2012-04-07,14.717740592333449,76.60179130454053,1.782915326651071,2.381329058468326,16.196234320555746
2012-04-08,20.22224800924992,70.98221631424482,1.2881411522129889,2.932414529951229,25.370413348749867
2012-04-09,11.24184622524073,74.82882281609626,1.4694207070944256,2.711629246198961,10.403077042067883
2012-04-10,9.0,76.44508780460718,2.186142725652311,2.452729593152639,5.0
2012-04-11,13.141987334359667,89.21188651613198,1.5610865002706682,2.2872196007810195,13.569978890599446
2012-04-12,17.302878904995712,83.15118691232595,2.262952672060307,2.3398921222635845,20.504798174992857
2012-04-13,19.87504236266178,69.51374622033376,1.8832486015333785,2.6737177534803633,24.791737271102967
2012-04-14,10.311351216642748,90.63094812925195,2.3763665962109433,2.368675227514532,8.852252027737915
2012-04-15,15.490097669709565,72.20477989797266,2.0605490100589305,2.4685052139335935,17.483496116182607
2012-04-16,12.60406862965984,84.3415144173905,2.4449155811188845,2.873681349763438,12.673447716099734
2012-04-17,13.682154937087592,79.42641412237508,2.159587633317194,2.4438510992039677,14.470258228479322
2012-04-18,21.933030041051104,83.98213678863449,1.9843561920660298,2.4155737158879673,28.221716735085174
2012-04-19,9.491089014814541,70.42086231175789,1.6997329848101892,2.330736050098212,7.485148358024234
2012-04-20,14.76121898448372,78.93332469597634,2.3257889361996438,2.251314478044293,16.268698307472867
2012-04-21,15.4030795152963,78.5378061982989,2.0164169719008447,2.3107430556427984,17.338465858827167
2012-04-22,17.25735897481804,83.33621305332161,1.9411466023918238,2.5074575682340448,20.428931624696737
2012-04-23,14.293949460412687,85.52340176416968,2.178943318321083,2.5822590349497676,15.489915767354477
2012-04-24,14.924151618512306,65.43570928748902,1.3321517508864393,2.3714600417789824,16.54025269752051
2012-04-25,12.825054297734626,76.1072690771944,2.395243059806676,2.4216664941710047,13.041757162891045
2012-04-26,14.807380823735322,83.29079654106874,2.229970187227446,2.9709370519444978,16.345634706225535
2012-04-27,12.970423173507768,68.83758032066211,1.8221895611594794,2.467650757122693,13.284038622512949
2012-04-28,15.864715669568152,73.03686998234717,1.7675217972036288,2.3066974276508945,18.107859449280255
2012-04-29,12.891168991869097,83.3617824114262,2.082287751243667,2.302297072084839,13.15194831978183
2012-04-30,15.13130118170656,84.15683159083203,2.13413711371184,2.2009149106921333,16.885501969510933
2012-05-01,13.912211558945065,80.57569549042624,1.9126629060959754,2.2956649471677966,14.853685931575109
2012-05-02,17.378150752316504,80.69672681020973,1.982884366950009,2.726488043497316,20.63025125386084
2012-05-03,13.845818829234542,82.42369617759863,2.125496222372327,2.785794399836932,14.743031382057568
2012-05-04,9.0,79.31393485550639,1.9993743191825084,1.9349549385090492,6.134837658965592
2012-05-05,17.785764502141976,80.44180518117956,2.0162015198727756,2.6293653838952915,21.309607503569957
2012-05-06,11.282803097412144,82.80716152562744,2.066300842427521,2.312093272097799,10.471338495686904
2012-05-07,12.038700984053541,77.5803789953602,2.436703387006962,2.344042400365639,11.731168306755901
2012-05-08,12.213016117869524,81.86835664191045,2.361918119644158,2.4146139904675414,12.021693529782539
2012-05-09,18.123314279512453,91.48764394198481,1.5282575103982534,2.1779478759732243,21.872190465854086
2012-05-10,9.0,63.248370702664744,1.3643097956951078,2.565180186734647,5.0
2012-05-11,23.41324560097998,86.2649555008491,2.2946546985167706,2.362364888612586,30.68874266829997
2012-05-12,17.168170427198156,65.92618663689271,2.690589068061784,2.3321795080030823,20.28028404533026
2012-05-13,14.669716742387479,70.86399818353556,1.660866871305605,2.362821803834565,16.1161945706458
2012-05-14,13.83531799815114,93.15165021355057,1.8889057346458196,2.653804886643621,14.725529996918569
2012-05-15,14.85666222457297,75.7356231423591,1.8652905924865297,2.392909382703647,16.427770374288286
2012-05-16,15.563367285138014,81.5932814661881,2.0696745786084563,2.960788358186282,17.605612141896692
2012-05-17,15.93564675785017,83.62654120409067,2.324314768058973,2.5289199858903704,18.226077929750286
2012-05-18,15.666813398010346,84.99102164245802,1.8038724693125436,2.437784101442278,17.778022330017244
2012-05-19,14.268742043765746,68.18585905257429,2.151039783182063,2.4767254945421997,15.447903406276245
2012-05-20,13.407984739078021,79.30991196649207,1.806117197787843,2.6533157164110577,14.013307898463369
2012-05-21,13.546180149039465,74.7133784588683,2.3691510947285583,2.6325865491026623,14.24363358173244
2012-05-22,13.415275158941958,83.56890352331968,1.9652059426794748,2.5398654930904847,14.025458598236595
2012-05-23,17.401310290601195,81.15069719020532,2.0143181365428493,2.644437081725171,20.668850484335323
2012-05-24,15.780670166842587,90.2680505444402,2.232036301374563,2.5113407049726124,17.967783611404307
2012-05-25,9.0,75.69793153454323,1.9685551088865099,2.733398724614137,5.0
2012-05-26,15.967702329589283,82.32363992411626,2.31995002211713,2.7960373943249293,18.279503882648804
2012-05-27,14.584208584156325,74.1951715967993,1.9866482883132184,2.5708871628211507,15.973680973593874
2012-05-28,13.943873730662308,83.98426151590049,2.188386647724285,2.538995046026897,14.906456217770513
2012-05-29,12.834444640733343,88.2151015604245,2.535290313713576,2.6652964280603606,13.057407734555571
2012-05-30,17.37233815995804,77.00046178435903,2.0654522252449006,2.502532772367854,20.620563599930065
2012-05-31,16.842579386368573,64.67473011321077,2.2518987881079675,2.4751309405820825,19.737632310614288
2012-06-01,11.681366996529173,81.94102521108152,2.188535590981836,2.1574432797556007,11.135611660881954
2012-06-02,15.221156861373606,63.95119440508282,1.0,2.5952700188375237,17.035261435622676
2012-06-03,11.085029796376142,81.69505078087113,2.248724043572576,2.452707808358754,10.141716327293569
2012-06-04,9.861145505633209,76.69150901835637,1.9442819731218144,2.1646030154566116,8.101909176055347
2012-06-05,12.119848326230105,82.38089168864552,2.1349770257919936,2.36714990271157,11.866413877050174
2012-06-06,16.587180417148275,87.91957533749815,1.1548373551270315,2.690995960463779,19.311967361913794
2012-06-07,16.85937513612826,72.4695998683467,1.8797129896318985,2.684168275472977,19.765625226880434
2012-06-08,15.539256260291879,66.02260207579177,2.961968861718133,2.7661008810765897,17.565427100486467
2012-06-09,16.17528736054399,80.86691657406243,2.2793003006421513,2.271773799776526,18.625478934239986
2012-06-10,15.548534861344875,95.10432929360071,2.1506243906201847,2.6592104719363405,17.58089143557479
2012-06-11,12.075555214331143,70.96854202349164,1.6953102923564058,2.7096188371334753,11.792592023885238
2012-06-12,15.295767634021821,69.07156067029011,1.888265796519142,2.390108472927851,17.159612723369705
2012-06-13,16.401228575683046,76.65102043477597,1.6905013373970135,2.8297997137945745,19.002047626138413
2012-06-14,16.262873989440724,72.97649564358925,2.3789825236133004,2.7737288495655803,18.771456649067872
2012-06-15,17.56674011442393,81.47394028825576,2.0156814930515456,2.550683547470782,20.944566857373214
2012-06-16,16.12491154160319,80.56225996474453,1.5927641715416332,2.0416061255023767,18.541519236005318
2012-06-17,15.054344622624749,69.87046744003659,2.81870515373316,2.3058296209394964,16.757241037707914
2012-06-18,17.210450714949282,95.75730105469307,2.0377860615775787,2.691482006654812,20.350751191582138
2012-06-19,13.92043622225282,71.38990980803248,1.8148351535887493,2.6846470928375727,14.867393703754699
2012-06-20,11.354376046316847,78.98030628320436,2.1582527815382666,2.824520713311049,10.59062674386141
2012-06-21,13.510799108168708,80.21974269122174,1.886151548634878,2.395216923830127,14.184665180281181
2012-06-22,11.765292065580653,84.30136389593164,1.7112851486652472,2.7864314909926082,11.275486775967755
2012-06-23,11.974465175076855,75.17822039492083,2.0480563272697396,2.1646037970622896,11.624108625128091
2012-06-24,13.566443987853447,75.54741440571503,2.1934491433833916,2.4343026192073807,14.277406646422412
2012-06-25,11.622740237000116,78.99460520170945,2.5250540225659677,2.486096975887502,11.037900395000193
2012-06-26,13.07611541108288,91.37854442184158,1.4551008294542398,2.4050941535513197,13.460192351804798
2012-06-27,9.0,79.13235136554214,2.095425007549415,2.167025680213962,5.531926665231072
2012-06-28,14.639881122118815,87.7902433012483,1.9790953135987164,2.7034656003861386,16.066468536864694
2012-06-29,14.003616426086673,72.3305326553965,1.9296605102626294,2.3750097015574005,15.00602737681112
2012-06-30,11.548734106795429,82.95778913080213,1.0,2.3298739151792107,10.914556844659046
2012-07-01,15.977737005297215,81.75126902936671,1.8712763857083736,2.3862650961432856,18.296228342162024
2012-07-02,16.812710412879674,82.40991826420215,1.8581690480333852,2.2913411614540165,19.68785068813279
2012-07-03,9.177320406893077,97.6093422978542,2.676506465412808,2.6990094063811636,6.9622006781551296
2012-07-04,11.711825664301358,85.4843952271443,2.303607412291756,2.167088808377613,11.186376107168929
2012-07-05,11.692572950638105,77.34588484335397,1.9489206064633984,2.7333168383633413,11.154288251063509
2012-07-06,11.180290696673406,68.75078913376542,2.1642440837635455,2.6309537468061412,10.300484494455677
2012-07-07,16.488424525795246,86.84736923347351,2.1872190970772394,2.6371713456798034,19.147374209658743
2012-07-08,13.418521583681589,87.78395315316737,1.5327540116616727,2.432887670816859,14.030869306135983
2012-07-09,13.206455476068168,75.7695007416059,1.3951645198277696,2.7400593963680633,13.677425793446947
2012-07-10,9.0,64.15872851915353,2.1332995433287874,2.2751672594118206,5.0
2012-07-11,15.90625409062768,88.47222507519027,1.9151700314561249,2.6010687780226345,18.17709015104613
2012-07-12,10.282224815439582,79.99421384311952,2.234046577519141,2.40363413847319,8.803708025732638
2012-07-13,14.179797890798985,82.54389148034112,1.8700216938752314,2.564991446938077,15.299663151331641
2012-07-14,14.832130813874574,70.09348000105639,2.2977061639454397,2.555130217594738,16.386884689790957
2012-07-15,18.08197578751595,81.14064122733629,1.6608151470118413,2.537902503460372,21.803292979193255
2012-07-16,10.073538802642663,80.16453395613826,2.6270736713262175,2.3623173950836076,8.455898004404439
2012-07-17,9.0,84.10470401281648,1.9663494138933095,2.414592165572151,5.0
2012-07-18,14.551548634261085,72.58334139243209,2.3173792547252656,2.42781243190176,15.919247723768475
2012-07-19,19.401533544532562,91.17393363576785,2.2210497205162127,2.1618412395678255,24.002555907554267
2012-07-20,17.716839058818312,72.99961584311652,2.006924608964963,2.31508468485105,21.19473176469719
2012-07-21,14.628978245823877,82.27474522757271,1.7395750720099437,2.6684496071954134,16.048297076373128
2012-07-22,12.525091443103857,75.06021393218025,1.2559310423710133,2.4322045219864528,12.541819071839763
2012-07-23,16.42136778991193,75.8200318187924,1.8977859996782016,2.604769013238247,19.035612983186553
2012-07-24,11.079361400886594,71.62415460408093,1.746229505539108,2.6038329373883338,10.132269001477656
2012-07-25,15.429073308068658,83.15092744773868,1.7986309420501831,2.716218714649262,17.381788846781095
2012-07-26,15.51641047749988,83.62726769856992,2.1450913369260545,2.5006865289362468,17.527350795833133
2012-07-27,17.18062972249664,80.35896375000841,1.6716460466721867,2.6819948826717965,20.3010495374944
2012-07-28,22.278980116733234,86.24555518139559,1.9439483146751748,2.5718162834524283,28.798300194555388
2012-07-29,15.177247901536301,84.34484309349453,2.1001139839138707,2.1868933160133164,16.962079835893835
2012-07-30,12.473109122877503,78.79453080873522,2.0090382097489496,2.3231587313115565,12.455181871462507
2012-07-31,13.923277063424017,89.07737818946065,1.8302073724823498,2.1425648968871798,14.872128439040027
2012-08-01,9.0,79.20090826848887,2.286086759657468,2.3245076728275142,6.15462047555441
2012-08-02,11.915860606732824,86.85432169544382,1.8330852406827545,2.6289834398008898,11.526434344554708
2012-08-03,12.772152685660688,77.91755655440441,2.0612852866558518,2.4315195691880933,12.953587809434481
2012-08-04,12.427734806196222,77.83169854569553,2.0501954044192767,2.3881932372869015,12.379558010327038
2012-08-05,14.457064616101166,90.16787537345301,2.1415176759354972,2.8258134010168967,15.76177436016861
2012-08-06,11.532740202853399,72.28823011448743,2.006238529257985,2.4567032174925894,10.887900338088997
2012-08-07,17.363092001973413,75.68417054041143,1.9974369348189351,2.1097930104444202,20.605153336622358
2012-08-08,14.000621194754592,64.42126477426098,1.59745487816956,2.3642074118978833,15.001035324590985
2012-08-09,13.972099036584156,73.41974526881354,1.9134667180886742,2.4288889564440197,14.953498394306928
2012-08-10,13.016315850461247,72.01078029300757,2.6032128555429352,2.784581070453587,13.36052641743541
2012-08-11,14.465572051576938,73.48068648128468,2.006965358576017,2.168454929191214,15.775953419294895
2012-08-12,16.475294794002906,78.60014434323078,1.7796502684540756,2.460191734503624,19.125491323338174
2012-08-13,11.398609352867298,75.9082650851614,2.1456058405092935,2.4815872211425334,10.664348921445498
2012-08-14,12.02565053277423,87.36151816377517,2.09864753308339,2.314557665921554,11.709417554623716
2012-08-15,13.088821913670007,97.59504002634237,2.1060072734056146,2.483703297334501,13.481369856116677
2012-08-16,9.962387229580354,74.31897119530664,2.4487468624665363,2.4654001403924934,8.270645382633926
2012-08-17,11.542226420835506,87.73869650632219,1.7766917750104196,2.5397696810503576,10.903710701392512
2012-08-18,12.571337379366023,81.49986017167326,1.9534162715674144,2.203530455044656,12.618895632276704
2012-08-19,16.623167542138184,74.72145297095778,1.9492819171597933,2.6650234723784716,19.37194590356364
2012-08-20,14.787683987005774,78.17022275030723,1.9502478113204487,2.1079304666022196,16.312806645009626
2012-08-21,14.580769734102633,73.75426873848046,2.115610366943458,3.0282930320221473,15.967949556837722
2012-08-22,16.552693886503917,75.25913520814102,1.452505086606326,2.349474089575926,19.25448981083986
2012-08-23,13.58788463480181,96.00917561923038,1.8010399564086699,2.6204205395486078,14.313141058003017
2012-08-24,15.171394549786669,84.82233445866707,2.329262127287419,2.483363231609211,16.952324249644448
2012-08-25,13.690334741202511,70.63627282827395,1.867158641571981,1.947574798355687,14.483891235337518
2012-08-26,14.796087048198885,75.46193930303268,1.7591855941905532,1.986685857009658,16.326811746998143
2012-08-27,12.251724027165254,82.47938245836876,1.8838740577040944,2.550521389741808,12.08620671194209
2012-08-28,9.0,70.41008375254346,2.1490892271046738,2.7134109126135555,5.0
2012-08-29,13.597162513441088,76.66887242135229,1.7523768939408626,2.229622916622681,14.328604189068479
2012-08-30,18.26824440829982,78.9960355645014,1.667314877766391,2.548924537846524,22.113740680499703
2012-08-31,16.778646206724776,87.47818866749553,1.9234401626057451,2.6072794964476103,19.631077011207964
2012-09-01,16.896192453773512,82.31807228512149,1.5801576265741974,2.3007582972046503,19.826987422955852
2012-09-02,17.708392165418655,95.98539950877789,2.4574330706005343,2.2883070441410345,21.18065360903109
2012-09-03,14.265972772884313,60.08828395176441,1.834891539975137,2.3295532867443374,15.443287954807188
2012-09-04,14.591947122216787,69.12920051472588,2.301744806827545,2.27014824401176,15.986578537027977
2012-09-05,12.147044313696949,78.23890251280993,2.179489518627045,2.744172567496877,11.91174052282825
2012-09-06,13.051781431918851,80.29898763477904,1.644294545657017,2.622971041035194,13.41963571986475
2012-09-07,15.847313449313425,72.50977599860678,2.0679492837531224,2.6584058927699576,18.07885574885571
2012-09-08,17.611653311506448,71.84697385897505,1.5047917018720365,2.2978164266197174,21.019422185844082
2012-09-09,13.581661172957002,85.30169308826645,2.312412150842393,2.511555828375792,14.302768621595002
2012-09-10,12.649432205445766,82.62908601589677,2.0980465599745513,2.5349122690005834,12.749053675742942
2012-09-11,14.001583876569791,86.57277286470597,1.8878855405700725,2.550220247273159,15.002639794282986
2012-09-12,15.803620246787345,90.47582045532978,1.6617059200052013,2.6888359933545596,18.006033744645574
2012-09-13,9.668435551599375,78.12998968814765,2.4758639847583224,2.6738620397522648,7.780725919332291
2012-09-14,9.0,73.21077842402322,1.5137919378233626,2.4356474753593957,5.0
2012-09-15,12.34838945152525,81.79673578430503,1.8192034478322465,2.468351611439761,12.247315752542082
2012-09-16,10.337862722257524,87.7685105228402,2.1007810895876724,2.534484752335659,8.896437870429207
2012-09-17,12.475579407058067,83.20250943017268,2.1538095399454193,2.7424074524893047,12.459299011763445
2012-09-18,13.556659043547585,67.08053746243749,1.7391683178001631,2.6210890404533043,14.261098405912643
2012-09-19,12.640254772930959,77.41124299961179,2.3047524485971835,2.6450534604554914,12.733757954884933
2012-09-20,18.357402603412236,75.6792356347454,2.1262808663576807,2.4008069324369896,22.262337672353727
2012-09-21,14.98023429380696,74.92263361024072,2.0132469467462806,2.118344444198821,16.6337238230116
2012-09-22,14.901423078832485,67.64488145657442,2.171892661608985,2.280008125580269,16.502371798054142
2012-09-23,15.866621432130206,82.3805769587507,2.1329882792361623,2.378418597135382,18.11103572021701
2012-09-24,10.583500646657694,89.20515579224242,1.5028349120216689,2.679376458561214,9.305834411096154
2012-09-25,17.117335362260807,81.95314257994792,2.026528506980219,2.6342908131030667,20.195558937101342
2012-09-26,13.77270714039362,72.71286153517468,1.8129364766763052,2.3803797166220377,14.621178567322701
2012-09-27,16.01144185172364,88.88236553537054,1.597659444313285,2.7947510997330536,18.352403086206063
2012-09-28,10.784428300879533,74.36756297385223,1.9020054399049222,2.502232041709682,9.640713834799222
2012-09-29,9.338723701951807,79.04825748298246,1.8346459825128052,2.1057087635237703,7.231206169919679
2012-09-30,16.453668974075086,86.03057306499917,2.161259331762618,2.1780558972450845,19.089448290125144
2012-10-01,15.12922857829255,80.42765203361282,2.030351290316529,2.9486386097284614,16.882047630487584
2012-10-02,11.293845336927468,77.91139347906503,1.4454878446888073,2.4914292521526624,10.489742228212448
2012-10-03,11.391010756175916,79.9177631696881,1.8328893052449386,2.2813590187107415,10.651684593626527
2012-10-04,17.376304353244308,79.17335241169468,1.5683368226261392,2.3777704743623707,20.627173922073847
2012-10-05,10.431764321398017,76.56619736860392,2.044663103708873,2.7636078948806704,9.05294053566336
2012-10-06,18.92801885976789,88.0186895843841,2.2733087803461816,2.517321587057898,23.213364766279817
2012-10-07,11.298137796056395,78.65424532060287,2.09743020491626,2.5945649509019852,10.496896326760655
2012-10-08,15.91517577682515,75.55719862485186,1.743490872534082,2.657093833036134,18.191959628041914
2012-10-09,13.014144572753047,78.08033780139439,2.2041100378284937,2.8668788782952728,13.356907621255077
2012-10-10,15.80956229324703,88.24274980238279,1.7487668971654242,2.4179892458914605,18.015937155411716
2012-10-11,12.367657993657422,75.18745219806422,1.7692143535817082,2.360344018575797,12.279429989429037
2012-10-12,13.511621281783118,82.05442629570999,1.6277113427315737,2.2680308115854078,14.18603546963853
2012-10-13,14.122757526187163,85.14492341888055,1.9400696887334312,2.618425320464683,15.204595876978606
2012-10-14,10.993437632655581,76.86561334789823,1.892448559591212,2.4140981363495886,9.989062721092637
2012-10-15,16.22247303626038,75.23901083633906,1.8943209613469183,2.375776652117881,18.704121727100627
2012-10-16,12.460359300585244,74.20463421127445,2.4293231164559645,2.4499026132169126,12.433932167642073
2012-10-17,13.314200253979944,78.13174731094327,2.27706716503898,2.4718021647334174,13.857000423299906
2012-10-18,11.016951876174463,80.38989619168855,1.7712956923694874,2.281774163052761,10.028253126957438
2012-10-19,9.0,89.48694897361945,2.4832379420962707,2.497935309642895,5.0
2012-10-20,13.426916712199493,79.68766814732173,2.2476523905014703,2.762678656441763,14.044861186999155
2012-10-21,21.237846264838748,87.6783380647011,1.6871508885367212,2.3530712387342407,27.06307710806458
2012-10-22,16.35381286369407,83.56074151538864,1.8853658104999609,2.60907502634447,18.92302143949012
2012-10-23,13.942218860796816,76.35986513567184,2.023952110470569,2.1320326711580524,14.903698101328027
2012-10-24,13.211327512375197,86.55785682786536,2.0570785386833363,2.297794810435589,13.685545853958661
2012-10-25,14.067397678436139,76.10392834225313,1.9581217040713605,1.8971680341845856,15.112329464060231
2012-10-26,15.64135734552563,81.26031031398458,1.668473273046031,2.5768938731851256,17.73559557587605
2012-10-27,10.457561554073465,81.72115141025152,1.8719232258439038,2.5999783031972123,9.095935923455777
2012-10-28,17.342965084006615,80.24365545309473,1.7228641869634325,2.192125495110531,20.571608473344362
2012-10-29,16.146143946323733,77.16409490912022,2.1555593071930454,2.125252410426971,18.57690657720622
2012-10-30,16.154557177123802,90.86354720404071,2.3374468586796535,2.3389717131122456,18.59092862853967
2012-10-31,15.315427216429182,85.5478177867308,1.7548343095905397,2.6227776739817075,17.192378694048635
2012-11-01,14.05884997308197,87.50053132786054,2.0770274748929496,2.328148817926412,15.09808328846995
2012-11-02,16.01858370790046,71.53433490263888,2.1521794700548416,2.148537607888478,18.3643061798341
2012-11-03,15.775442401224135,85.17068957572184,1.9028114651125885,2.5616566193199173,17.95907066870689
2012-11-04,12.937877867176928,78.18632069516791,2.4703000154857375,2.868223178891692,13.22979644529488
2012-11-05,12.279194681309297,85.81210386261218,2.122872956641485,2.620017591556772,12.131991135515495
2012-11-06,14.30556888578596,99.51547646495058,2.6410971347942285,2.4164165313798205,15.509281476309933
2012-11-07,18.647060454485562,80.90478213985263,2.34001091433652,3.0004768372745283,22.74510075747594
2012-11-08,10.282678773038297,80.63288232052228,1.768661775202546,2.5146106015256255,8.804464621730496
2012-11-09,9.59742420274268,67.09622462941651,1.731766570977862,2.6931652714924654,7.6623736712378
2012-11-10,14.49428252370955,90.36735947189557,1.9377938402899144,2.628321831067022,15.823804206182583
2012-11-11,14.152663105568054,69.50696467839992,1.6215647860166573,2.732057219361972,15.25443850928009
2012-11-12,14.520024993111225,69.07888691850378,2.389796375486591,2.6170698749299053,15.866708321852041
2012-11-13,14.7318595937255,85.1152068282367,2.1088868416124,2.1460930099982303,16.219765989542502
2012-11-14,13.330393236095585,70.1934606691694,1.533839267524838,2.3298362841136955,13.883988726825974
2012-11-15,18.469590315806247,86.53539834517436,1.6312908760772782,2.499319190940061,22.449317193010412
2012-11-16,9.197288064570454,72.49052280621041,1.9570797745097606,2.245924987479248,6.995480107617421
2012-11-17,11.514508925659262,78.13602185927171,2.4321881315556513,2.582947481385067,10.857514876098769
2012-11-18,13.690235719552858,90.85268962437394,2.3217013704353815,2.620460255800122,14.483726199254763
2012-11-19,9.070433566537499,81.19069017912082,2.5597193712185113,2.0654986198495835,6.784055944229163
2012-11-20,13.472436786703787,72.27965528153666,1.4942582403870932,2.353733982160726,14.120727977839644
2012-11-21,18.984410497184054,86.3211153318516,1.834928480425869,2.9724183145502767,23.30735082864009
2012-11-22,14.062659464887885,72.01663843865667,1.8933768247875509,2.383122288561313,15.104432441479808
2012-11-23,14.69210271715605,88.92043244365854,2.01612091264906,2.802528308689167,16.153504528593416
2012-11-24,10.219505704482259,90.42745672153133,1.7772656225388503,2.4068401711740757,8.699176174137099
2012-11-25,12.150915775881568,80.2575698345988,2.129607682773979,2.7561183586784352,11.918192959802614
2012-11-26,12.874410859028188,74.23985534826879,2.0836763618043053,2.825363715931325,13.124018098380315
2012-11-27,13.046854709731297,80.36468394326585,2.6358643613783994,2.352282854430607,13.41142451621883
2012-11-28,17.844931385011307,70.69431664335245,2.3462259271982875,2.848944959042328,21.408218975018844
2012-11-29,15.673073182175374,87.75003462687549,2.306242360402373,2.2558189481403885,17.78845530362562
2012-11-30,10.665626129188905,72.88217508802595,2.225234256434971,2.716606378542896,9.44271021531484
2012-12-01,14.739514335296015,77.41755730026965,1.484111607461152,2.214534547607993,16.232523892160025
2012-12-02,15.494665245490356,86.12588864896577,1.7032277655759969,2.4131667591997967,17.491108742483924
2012-12-03,17.4204471155638,73.75005320773327,1.8313400752217743,2.7417880532390164,20.700745192606334
2012-12-04,18.741622059705122,89.97605814942303,2.401168272160101,2.467876233661415,22.902703432841868
2012-12-05,10.954717424516394,75.56423000710917,1.936263638059632,2.246966544065371,9.924529040860657
2012-12-06,11.567427466368986,79.5931977238144,2.4572073561236083,2.4208465694175625,10.94571244394831
2012-12-07,10.22726642325615,71.95603597590151,2.2888028758836447,2.819072473780877,8.71211070542692
2012-12-08,13.297940422679055,88.03876674108777,2.441036671681903,2.4570409557493,13.829900704465093
2012-12-09,15.399075123339003,85.71234773815186,2.2936555434220987,2.174595264154346,17.331791872231673
2012-12-10,16.962003549767307,77.4612437669069,2.134980209479334,2.6383024047582593,19.93667258294551
2012-12-11,13.772146929072433,78.85671604880756,1.7384505168589546,2.668012199070889,14.620244881787386
2012-12-12,13.040457430235469,89.74550660409689,2.1965983256923147,2.7077766349831056,13.40076238372578
2012-12-13,14.455273976746222,83.3583053291811,1.9246154991288784,2.452205284796635,15.758789961243702
2012-12-14,11.494571295109932,82.60904501410036,1.890285198186965,2.610553064050697,10.824285491849885
2012-12-15,20.26861616508432,86.18780958287199,1.822035986120876,2.340707842674968,25.447693608473866
2012-12-16,9.177016918645824,83.52411360418473,2.1587016575627764,2.500467601008817,6.961694864409706
2012-12-17,14.554221736687174,81.318450570509,1.920162314659802,2.4794714027299003,15.923702894478623
2012-12-18,20.070818657688918,81.55762387292293,2.36284841968365,2.2245964519736234,25.118031096148197
2012-12-19,14.020399533679994,65.25856265385801,2.2749127872871786,2.469190521436338,15.03399922279999
2012-12-20,13.429882894995517,74.47397020402065,2.1267084478476916,2.32407094477558,14.049804824992528
2012-12-21,12.927663731568718,56.975258283618935,2.3677813706851865,2.4990213931483267,13.212772885947864
2012-12-22,13.458824954712776,85.70942526171652,1.9657229728674384,2.4776383178047223,14.098041591187961
2012-12-23,18.11854542402959,75.41178426175351,2.1296980147780507,2.2978395970375547,21.864242373382652
2012-12-24,9.0,88.84879612538386,2.0352524454554874,2.3786731718639684,5.0
2012-12-25,18.600301103888977,65.53348239206625,1.9352324240321497,2.614624624529018,22.667168506481627
2012-12-26,9.728128542649564,74.35052930333606,2.293638615149349,2.6165855869649337,7.880214237749275
2012-12-27,13.200043012296756,76.27969571452567,1.806746150892261,2.6437080718767367,13.666738353827926
2012-12-28,12.712266739104015,86.60921215120155,2.076283744800502,2.527143904798964,12.85377789850669
2012-12-29,15.76565980931216,82.78661454373947,2.0358520368121553,2.7294083286877444,17.9427663488536
2012-12-30,9.205626944348758,90.67710939240342,2.230935770342187,2.5582380509650986,7.009378240581262
2012-12-31,15.386517998245829,87.12306329445772,2.3659737077562886,2.58353646663428,17.310863330409713
2013-01-01,20.072928869860558,68.84677816776161,2.492710792728893,2.0420698889397064,25.121548116434262
2013-01-02,9.910477986221569,96.20546659537281,1.7451705257574281,2.4072496802819248,8.184129977035948
2013-01-03,14.569118502831188,92.67755920993201,1.7858876305166291,2.283006734430495,15.948530838051978
2013-01-04,12.014053466610173,85.99662687544372,1.637697008370258,2.3983616517605397,11.690089111016954
2013-01-05,15.277661618579106,79.08685605093468,1.999534807843279,2.5369578126954244,17.12943603096518
2013-01-06,14.057443332247257,72.05130564287192,2.0055796211588124,2.596062753424869,15.09573888707876
2013-01-07,12.075539272867072,59.49752499711724,2.0810246960669962,2.2131143715582486,11.792565454778451
2013-01-08,15.463616854613221,68.6197692107161,1.7302077977252677,2.518304987088783,17.43936142435537
2013-01-09,19.41304432936023,60.140816302377154,1.6548005726671637,2.571709533457243,24.021740548933714
2013-01-10,13.427288624818104,82.32103155749746,1.4549036237808952,1.907057267214359,14.045481041363507
2013-01-11,16.159273826444547,92.64971963552888,1.6607012816729347,2.1683506566528217,18.59878971074091
2013-01-12,10.120181126386509,84.54084004841754,2.015364356698446,2.404359142382081,8.533635210644182
2013-01-13,11.130690869545974,79.88488940885512,2.1679783479588877,2.2097445947645937,10.217818115909957
2013-01-14,15.417218833641133,77.18760088356461,3.147819160527546,2.0296571778501384,17.362031389401885
2013-01-15,18.452348085607895,90.30538434588544,1.7652164704147228,2.589627544639006,22.420580142679825
2013-01-16,15.06684004635698,78.04007726045486,2.0868647774539495,2.265276404414107,16.7780667439283
2013-01-17,13.060825908430537,87.53968938642237,2.4445893142294244,2.379890517527769,13.434709847384228
2013-01-18,13.997874216270063,79.63327567950695,2.038911711280265,2.2119785845300504,14.99645702711677
2013-01-19,10.248776798090848,84.23480663079957,2.302938468179469,2.40106813487938,8.747961330151412
2013-01-20,15.8135459790661,69.58422572512936,1.809526062919037,2.2579548621058874,18.022576631776833
2013-01-21,16.646999186970227,85.08042412217853,2.2482279314850375,2.409256983048021,19.411665311617046
2013-01-22,12.643729001500759,85.70166787465442,1.9191023920605914,2.663148024619179,12.739548335834598
2013-01-23,12.589873556721496,80.03210169388544,1.6481120551127442,2.436186996463553,12.649789261202493
2013-01-24,14.797634688956146,86.21346994223288,1.760961234194413,2.306636308718535,16.329391148260243
2013-01-25,12.689840791878213,74.42512358410794,2.2138279886837773,2.40628195047675,12.816401319797023
2013-01-26,13.801602156122533,79.37872590153988,2.3844777216923245,2.1328064357337264,14.669336926870887
2013-01-27,20.299165367499548,82.86303822015324,2.0229697916623577,2.371784825365277,25.49860894583258
2013-01-28,13.25892289776201,92.03169272931754,2.0060511056075936,2.290230406593605,13.764871496270016
2013-01-29,12.924979543936333,78.36037495372268,1.8973436070960905,1.990553582723122,13.20829923989389
2013-01-30,12.057374583094523,83.6543233827494,1.679119479430661,2.3719274019719476,11.762290971824203
2013-01-31,16.23257591449981,80.58808792813488,2.626034081137119,2.3463956221447404,18.720959857499682
2013-02-01,13.45632748034569,64.79132440009573,1.9632510018140557,2.5410787746530956,14.093879133909486
2013-02-02,12.051880885035722,82.40946293006526,1.6363956155924035,2.255702534782921,11.75313480839287
2013-02-03,17.963912096819037,79.88329226111321,1.8189662941435296,2.3579326930773954,21.60652016136506
2013-02-04,18.258809013540912,83.3437145544478,2.3059302548454887,2.520296135047395,22.098015022568184
2013-02-05,12.198729302783885,81.28770274493591,1.9067431876505938,2.3665273282814105,11.997882171306475
2013-02-06,9.0,85.76373393846109,1.7491714455287068,2.202445194375548,5.6673002431969195
2013-02-07,17.022541069510766,68.93570106905912,1.6246138687659712,2.4707370021871187,20.03756844918461
2013-02-08,11.946110522719987,68.43924300783695,1.9392342450162752,2.295841319156855,11.57685087119998
2013-02-09,16.371876797488305,71.57231527867418,1.8821562523012052,2.6028519198276827,18.953127995813844
2013-02-10,9.0,76.19201093597671,2.446171798686951,2.181363334845553,5.149480911440822
2013-02-11,16.67779201489793,79.6966998331538,1.9114363562792007,2.478387933878707,19.462986691496546
2013-02-12,10.366484212157657,95.6775618503943,2.2555417069405443,2.22569034662843,8.944140353596094
2013-02-13,16.192292357199573,81.21521917816686,2.469756864223292,2.2262914321897407,18.653820595332622
2013-02-14,14.042819203509302,69.42801190944346,1.5824845185838452,2.314804032914205,15.07136533918217
2013-02-15,11.138181741810065,76.7622595930465,1.7356780755534564,2.1225558411526215,10.230302903016776
2013-02-16,12.778891061219658,84.14657388887201,2.1776211641302825,2.418902085258444,12.964818435366098
2013-02-17,16.058955370870102,81.18106083636609,2.102857268786314,2.1141112920775154,18.431592284783505
2013-02-18,14.317683359345702,74.86145680942438,1.7695759370803916,2.1216259995032223,15.529472265576171
2013-02-19,15.753238941417452,78.96401288800976,2.0229263671820066,1.7850491436232898,17.922064902362422
2013-02-20,19.929321753546457,83.0875530400489,1.3183570330256256,2.18100234769525,24.882202922577427
2013-02-21,9.307275164866846,79.52935050322854,2.099102389714813,2.215216000798146,7.178791941444743
2013-02-22,18.85163772490587,93.86797392902773,2.1778180001710354,2.441441478456669,23.08606287484312
2013-02-23,14.313067812569638,85.20373645429088,1.8228661928655914,2.6772003362737076,15.521779687616064
2013-02-24,11.303647855030615,80.87385561238446,1.8045691771800803,1.983612525667146,10.50607975838436
2013-02-25,10.00905912278303,90.07845476633402,1.9099944271766918,2.5801347168628466,8.348431871305051
2013-02-26,13.4326388276689,93.87872746454728,1.9768839690046027,2.4597418324739686,14.054398046114832
2013-02-27,16.764950335773378,83.83146825798798,2.092245870466539,2.3281448976859607,19.6082505596223
2013-02-28,13.617352638867397,79.83640880137325,1.7771256633168764,2.988524251366564,14.362254398112329
2013-03-01,18.533464790742045,74.65881514421257,1.838796291137724,2.1121211768231944,22.55577465123674
2013-03-02,9.646472929845324,81.6521858622277,2.15389371880404,2.370232754259247,7.744121549742205
2013-03-03,13.963733156461837,78.60479556397442,2.0832864035664054,2.444836874676633,14.939555260769728
2013-03-04,10.242819666760642,84.89025592997383,2.099924510611206,2.268275562891863,8.738032777934404
2013-03-05,15.090895647874904,70.25358490854565,2.108561106299613,2.491545190333433,16.81815941312484
2013-03-06,16.6606621702919,74.958619654049,1.9884665203305179,2.580913382521027,19.4344369504865
2013-03-07,12.73771461895684,74.11194700320785,2.102277062013877,2.2449425340128912,12.896191031594734
2013-03-08,9.0,79.18933689005367,1.3261343379052035,2.0745374550009554,5.0
2013-03-09,14.596844440389484,68.39522644848725,2.0624710640947175,2.2534884671599396,15.994740733982473
2013-03-10,15.310215655200528,83.83999421516363,2.226442108084972,2.2891943155704193,17.183692758667547
2013-03-11,15.212884264885092,76.51124369067396,1.975641363878145,2.2374598974441544,17.021473774808488
2013-03-12,17.707346575466463,83.30429054508667,2.087400981409978,2.1766011434094,21.17891095911077
2013-03-13,10.786838961052855,65.80144445594294,1.7641426981624102,2.309333846386876,9.644731601754756
2013-03-14,16.040648316351348,72.32857486340991,2.2753351069772876,2.1137432377395866,18.401080527252248
2013-03-15,17.577522537433925,90.15425226624303,1.4213370585464102,2.212268357356961,20.962537562389876
2013-03-16,9.0,78.29310196086169,2.0390915522382285,2.673603519626628,6.107062079967417
2013-03-17,14.958955477756932,95.40714161724765,2.1279293788132003,2.3752482299264392,16.598259129594886
2013-03-18,12.487460506976985,70.30251682205643,1.7624296368582886,2.3729092201183293,12.479100844961643
2013-03-19,13.755431980695063,80.24815161654965,2.7868429938140498,2.3923016860128916,14.59238663449177
2013-03-20,15.043029450615009,71.30283832367257,1.607867109916135,2.085768952634915,16.738382417691682
2013-03-21,12.538314307659343,79.41953244240321,1.5316600496276016,2.4955448419333326,12.563857179432238
2013-03-22,11.972875762515164,55.736975304750274,2.077896017128322,2.212122052154719,11.62145960419194
2013-03-23,14.102457252464074,86.70860896178652,1.988731068550288,2.173290659027452,15.170762087440123
2013-03-24,10.738262183411592,84.9835435325381,1.3241152258728577,2.272763233627002,9.563770305685987
2013-03-25,10.742524613344443,90.61190453907668,2.369251451009316,2.085675834069823,9.570874355574073
2013-03-26,16.03811984886951,84.59185463061098,1.8081175419535722,2.3290055214076846,18.396866414782515
2013-03-27,10.55361789452403,82.64179636757795,2.373836685523584,2.185033003359038,9.25602982420672
2013-03-28,15.998937502727635,74.5569120360964,1.3363434667540988,2.563773694623941,18.33156250454606
2013-03-29,15.387773878561854,71.98750414526016,1.9548885533286253,2.075827078903562,17.312956464269757
2013-03-30,9.0,60.59083749697106,2.31958600426474,2.3635952837413896,6.370966356047017
2013-03-31,11.967306042993034,92.76244020706162,1.838458010362006,2.2636113715933095,11.612176738321725
2013-04-01,17.58232820914212,71.1226772512695,1.8432323455130861,2.1970611002193428,20.97054701523686
2013-04-02,11.056503406580955,77.0815795034289,1.8120618375610107,2.4878857062827486,10.094172344301592
2013-04-03,12.606787213071836,73.76509094721399,1.7384493743531322,2.1787959621600774,12.677978688453061
2013-04-04,15.38618267975569,87.4476484383148,2.0381995839599725,2.481113529387101,17.31030446625948
2013-04-05,16.350171527847785,79.3239574720115,2.225409971081742,2.1184135729564844,18.91695254641298
2013-04-06,13.245383341866512,75.93900069233179,1.9116109195288573,2.5353558414816995,13.742305569777521
2013-04-07,12.207469415925075,86.58610483204666,1.7293116535351492,2.116156149693275,12.012449026541791
2013-04-08,18.267109585095522,78.53889827847702,1.9164239333553788,2.3525576275822053,22.111849308492538
2013-04-09,19.216698991392736,87.11272693603568,1.3151884505787454,2.3280323253966357,23.694498318987897
2013-04-10,16.936574152345386,84.70332289217609,1.957713622263757,2.466456883518953,19.894290253908977
2013-04-11,14.255954427695071,77.4035035468948,1.5610971426681002,2.1587780970132537,15.42659071282512
2013-04-12,11.57520283507722,76.52403085622268,2.161930117010448,2.341008233288529,10.958671391795368
2013-04-13,11.508666780330305,80.37741108973403,2.368889399454786,2.3519261383139907,10.847777967217173
2013-04-14,15.567542315797272,73.5045507432437,1.8663806722101672,2.666118006545432,17.61257052632879
2013-04-15,15.255194662666051,81.47129197854737,1.8762606787920935,2.0130247619834294,17.09199110444342
2013-04-16,18.204795778839287,73.1492707161472,2.5211055125117374,2.5020397970890373,22.007992964732146
2013-04-17,15.951350277608418,82.33673877023055,2.41672342111975,2.205127006930263,18.252250462680696
2013-04-18,9.490759094720545,79.53278489588314,2.1751566554666955,2.1815092932139395,7.48459849120091
2013-04-19,17.155842853168757,74.92733265513127,2.0197974079871575,2.3746494889894283,20.259738088614593
2013-04-20,11.005818118056762,70.42185230535831,2.5440748673286535,2.3834653509139927,10.009696863427935
2013-04-21,12.848086184142945,85.36175537768248,2.2842493896199425,2.52873552727253,13.080143640238242
2013-04-22,14.750600618755083,76.22364676260202,1.8913516803268593,2.2225804889305576,16.251001031258472
2013-04-23,19.987002469351893,71.01109830635146,1.8963605080245336,2.301022281475996,24.978337448919824
2013-04-24,23.329755668016084,81.85660278542228,1.736870454556048,2.4498417602894884,30.549592780026806
2013-04-25,15.820169177408548,81.75193169278172,2.064759958004535,2.246381075845411,18.033615295680914
2013-04-26,13.450410143838836,75.59597874154476,1.969064356132204,2.334080820337229,14.08401690639806
2013-04-27,15.603516945441651,91.0538716475944,2.4017665223362012,2.4954396991091,17.672528242402752
2013-04-28,16.662966277621507,81.53068498704424,2.1017392758843885,2.56889225203193,19.43827712936918
2013-04-29,13.037997123328426,84.05202961114658,1.850464893041456,2.2622729263268857,13.396661872214041
2013-04-30,19.385634067736966,77.972804717778,2.3732431569928476,2.4538482804837405,23.97605677956161
2013-05-01,14.690212277574206,83.57174998904065,2.214576404078496,2.636228876563398,16.15035379595701
2013-05-02,15.493229267274183,90.10801341941117,2.5368283455679155,2.2612893187091716,17.48871544545697
2013-05-03,15.997772756163384,60.94589991653381,2.150895854935919,2.6620637485787673,18.329621260272308
2013-05-04,15.264759831843367,94.85756411096344,1.6966111256382828,2.407545664436901,17.10793305307228
2013-05-05,16.516821501408835,72.4068496434533,2.016157624567699,2.5175218476266146,19.19470250234806
2013-05-06,12.148240440359231,96.40774979726216,2.5760061563682903,2.5476780487679456,11.913734067265384
2013-05-07,12.325094738161908,83.95693286877227,1.9385675486710516,2.4533006484601314,12.208491230269846
2013-05-08,10.699537301084916,71.78548214493016,2.2036323389965107,2.285805932255086,9.499228835141526
2013-05-09,15.318503691860679,72.92161517459081,1.7726491654426404,2.215240874802246,17.19750615310113
2013-05-10,16.33680951053634,92.27070673947463,2.209570325107362,1.920867916006899,18.89468251756057
2013-05-11,15.373318598455658,68.72308357456113,1.7507488208274067,2.153817583302851,17.28886433075943
2013-05-12,19.02347730004261,74.8202921475009,2.07977062790607,2.267448903986348,23.372462166737687
2013-05-13,13.98321194351286,73.86410428452074,2.116760654246493,2.1521516694138048,14.972019905854767
2013-05-14,16.006224966777538,83.59419496997364,2.1449371135779773,2.6907834815247282,18.343708277962563
2013-05-15,10.724897371582056,77.3488559828111,2.0876775591147867,2.261824247966418,9.54149561930343
2013-05-16,12.838700892576798,92.74816912499168,2.4104554332146906,2.2506160848287577,13.064501487627995
2013-05-17,16.08661327269733,79.71089789387668,1.6763428066498234,2.2641988050439017,18.47768878782889
2013-05-18,16.547306332229432,85.44479472965064,1.931777375234065,2.4334295615198935,19.245510553715718
2013-05-19,13.118099157007453,86.11636173502168,2.0059362616925855,2.51706192462415,13.53016526167909
2013-05-20,13.785202244425799,76.1104794483073,2.5472912513025356,2.290487312820816,14.642003740709665
2013-05-21,9.446378759957572,92.00842249134918,2.022901369833434,2.4161292436028448,7.410631266595953
2013-05-22,12.928912397580172,82.02028733699487,2.485648846607114,2.3931628517865042,13.214853995966953
2013-05-23,16.67114949055936,91.09370615139063,2.123225497728198,2.0372173124198283,19.45191581759893
2013-05-24,15.7256150483197,78.2648035926388,2.090400851466696,2.7007395018079587,17.87602508053283
2013-05-25,15.50199716414363,88.22257885436551,1.7397366916476922,2.346924381370142,17.50332860690605
2013-05-26,14.14932106154288,76.09876988606361,1.9955074263892196,2.2876161993410506,15.2488684359048
2013-05-27,14.02118947588453,78.66771450856787,1.5165309924729764,2.3219553778932465,15.035315793140882
2013-05-28,12.019036581579659,69.15765512305762,2.3892126596360224,2.2549236243434922,11.698394302632764
2013-05-29,16.096485260607604,75.22479637490225,2.114360980074619,2.7964062553829043,18.494142101012674
2013-05-30,15.26291883316817,75.01372538614191,2.254319116263353,2.2995488432572055,17.10486472194695
2013-05-31,15.476056543978398,77.18611193507496,1.6539784726129092,2.2633949732028555,17.460094239963997
2013-06-01,12.421895471997258,80.33853956365674,2.1344466808119638,2.0000489975672453,12.369825786662098
2013-06-02,9.0,86.1833280840016,2.2194428435719433,2.510228166972441,5.0
2013-06-03,17.291458135261088,80.67795734401622,2.005391158471107,2.6768695826986626,20.48576355876848
2013-06-04,12.563487631974787,82.28045650527847,1.8862979741348802,2.10638627006043,12.60581271995798
2013-06-05,11.411672707870638,81.6609671323071,1.857871530581043,2.198055475773774,10.686121179784397
2013-06-06,16.08043673574198,80.19337562780528,1.4717087745539348,2.436327680406681,18.467394559569968
2013-06-07,12.82396208024261,83.9926729483076,1.8792626230064444,2.4891899443499717,13.039936800404352
2013-06-08,17.179809152139867,72.90881159699823,1.9293300118375323,2.3450961162839725,20.29968192023311
2013-06-09,15.851017848730093,83.11929845384076,1.7260896312078435,2.5641116191112308,18.08502974788349
2013-06-10,16.050707969601433,69.92469278248478,2.3727727612266847,2.399994096221037,18.417846616002386
2013-06-11,9.902132866398397,84.4562372444244,2.204932851294795,2.2011412470506966,8.170221443997328
2013-06-12,17.6358319561592,78.90484708291494,1.9952464780679993,2.601507259940589,21.059719926932004
2013-06-13,14.783751593701568,91.65676476556217,2.4246742012365843,2.403464607806481,16.30625265616928
2013-06-14,12.892168582261391,69.83492391610868,2.171216637901322,2.53620987406615,13.153614303768984
2013-06-15,14.430165402026754,66.82136833568869,2.0426786855513868,2.431414630413092,15.716942336711256
2013-06-16,9.0,87.94339301111928,2.2096164616713767,2.2244749636853953,6.118823835508401
2013-06-17,15.225958434442013,85.0754530474786,1.7837019719790266,2.208240022482555,17.043264057403356
2013-06-18,10.911885475453786,80.58133336449185,2.4779458858938073,2.298965248283906,9.853142459089643
2013-06-19,9.941989142469396,89.45822109591936,1.7732548070611236,2.4763347004865133,8.236648570782329
2013-06-20,9.432922441346326,86.42322448815789,2.178817709486502,2.487948276798817,7.388204068910545
2013-06-21,17.338065124969777,72.60221878137776,2.362735645455951,2.2565492132996465,20.563441874949625
2013-06-22,12.112209818921635,77.21477654100474,2.2684961376278028,1.9664281590865111,11.853683031536058
2013-06-23,18.601183129749497,82.51839703773386,1.8651504661586127,2.1070772012639476,22.668638549582496
2013-06-24,12.392595610843106,78.60709383426715,1.8956275306698234,2.150851676600812,12.32099268473851
2013-06-25,9.0,75.8800531724609,2.4079413969154135,2.5614702679635353,6.463210212035266
2013-06-26,10.650426680154023,88.51409620834575,1.752920513293096,2.195038855610459,9.417377800256705
2013-06-27,17.707434860020815,77.50042615528194,2.1144121102786455,1.8036798568695585,21.179058100034695
2013-06-28,13.532305466189998,85.0392114600034,2.122367591958954,1.893326058804092,14.220509110316662
2013-06-29,12.355138110528197,77.27901684131831,1.9849015210740766,2.357804343152126,12.258563517546996
2013-06-30,14.480054677558362,75.77871876812053,1.9785237804103282,2.050400686052644,15.800091129263938
2013-07-01,15.505348208502635,86.41884495721716,1.9953732998414877,2.217418913670192,17.508913680837725
2013-07-02,17.35219644770738,82.19917494513287,1.8975356216350994,2.4756648379664488,20.586994079512305
2013-07-03,18.34549768967878,73.36524054965781,1.9148390748647321,2.2601724149803606,22.242496149464632
2013-07-04,12.920694062632743,87.06806030834737,2.4824108070659197,2.5169032467871206,13.20115677105457
2013-07-05,10.021856941753885,89.51576571293776,1.8478698965336537,2.46688881613196,8.369761569589809
2013-07-06,12.759604516630173,71.34181769697462,2.229494842874856,2.185262675490067,12.932674194383619
2013-07-07,14.780841519748659,74.62023767828325,1.8868442154872807,2.341395540612735,16.30140253291443
2013-07-08,11.108723221368168,99.58944696079791,2.26288388513422,2.1566419179545075,10.181205368946944
2013-07-09,11.12854725531487,72.63478911064323,2.2687013291875195,2.3098997752436308,10.214245425524785
2013-07-10,15.031363644649657,80.07906856437592,1.8948806950649304,2.3979712180764197,16.718939407749428
2013-07-11,13.854042945288647,68.47526544521152,1.9234556791836779,2.197955513324655,14.756738242147744
2013-07-12,14.09839098623476,80.0417028965573,2.2486687516217314,2.1896059332433238,15.163984977057932
2013-07-13,11.724513995899791,76.51569669092854,2.0696987888770773,2.0922503996059127,11.207523326499652
2013-07-14,13.308797857382698,77.44493027079183,1.600071901601156,2.43030780854434,13.847996428971163
2013-07-15,11.227300567195087,78.43125072476305,2.4172137965910863,2.316007303515492,10.378834278658477
2013-07-16,16.67059523337436,85.57852241707985,1.9586659948515772,2.276905140249913,19.450992055623935
2013-07-17,17.105748004171257,68.71289871876095,1.7733616989222543,2.5345762545747847,20.176246673618763
2013-07-18,9.0,68.22265879677691,1.8620561069579147,2.0833636177175188,5.769060688809532
2013-07-19,11.211467419422771,79.64904262947445,1.7361140657100584,2.680403465129553,10.35244569903795
2013-07-20,9.510412234729763,65.16578642844755,1.8329711215021152,2.4594952416916813,7.517353724549604
2013-07-21,12.049928196779305,78.21601107672835,1.7422086947155986,2.20271999617053,11.74988032796551
2013-07-22,13.749686090628918,68.79979781267988,1.3930886513263139,2.3922784228964193,14.582810151048196
2013-07-23,9.651064340904409,85.83821622556121,1.6723372833555472,1.953875894304272,7.75177390150735
2013-07-24,11.234420560624061,68.44109155638068,2.380737070794699,2.4677265751670814,10.390700934373434
2013-07-25,10.988127883755505,89.08536448208375,1.5133809248766878,2.4235188826076666,9.980213139592507
2013-07-26,14.621801988196832,78.64256601554533,1.7422338769513555,2.471676196842767,16.03633664699472
2013-07-27,14.208033011108752,87.72969513600975,1.634912295252279,2.3898663868848504,15.346721685181253
2013-07-28,11.83478733998824,94.13058508112756,1.670951354253699,2.205612148806008,11.391312233313734
2013-07-29,14.530462616418195,95.33366411974696,2.012465301738056,2.2160776742431256,15.88410436069699
2013-07-30,12.359959746238204,83.04818371345443,2.1791407799470788,2.042645584191378,12.266599577063673
2013-07-31,13.18503466902184,96.08404995988442,2.379016091371935,2.065326053720778,13.641724448369734
2013-08-01,19.02035627089561,81.79801953257966,2.0956217469120104,2.485639442592005,23.367260451492683
2013-08-02,18.021383155371044,77.0893740156443,1.913527247194493,2.0806952820057276,21.70230525895174
2013-08-03,10.101256289217208,79.61637772849821,1.8329572190663883,2.538409138969696,8.502093815362013
2013-08-04,16.489197253637524,87.49653933509919,2.1303548839269393,2.158475207076391,19.148662089395874
2013-08-05,16.434189663474776,73.97672864786666,1.959277853439646,2.2802938949762,19.05698277245796
2013-08-06,10.555210133742145,71.80843744136445,1.9245903014793926,2.300653030951077,9.258683556236909
2013-08-07,16.456332931264583,70.52051369927403,2.172675930126244,2.4870190481832206,19.093888218774303
2013-08-08,18.61379575523766,85.1484064352378,1.842247830582026,2.458275841078765,22.689659592062764
2013-08-09,10.632365581266757,78.66461189520686,1.9341912201243465,2.3306391861599525,9.387275968777931
2013-08-10,11.24749153695721,84.8262454604573,2.4938795010596473,1.9173643334047852,10.412485894928682
2013-08-11,17.05298440053051,67.71642058199205,2.250450106525866,2.4555748534013495,20.08830733421751
2013-08-12,14.814485932476945,77.30594338236946,2.25624775646083,2.1996455954441156,16.35747655412824
2013-08-13,15.65442882571857,80.79255143019623,2.582410959489974,2.2502861302307533,17.757381376197618
2013-08-14,15.02176764920149,71.58602139913597,2.1499289824565095,2.153159875992645,16.702946082002484
2013-08-15,15.172087762784432,83.71783415908143,1.635398432914899,2.4531137577144384,16.95347960464072
2013-08-16,10.020583615066752,73.23149875971428,1.8676537322092586,2.273655328787611,8.367639358444585
2013-08-17,17.141953119864347,86.35610182485925,1.93497544592568,2.1784651923115836,20.23658853310724
2013-08-18,17.508769977283322,87.4971294449262,1.708251773555849,2.361736083699862,20.84794996213887
2013-08-19,13.311827767795917,83.71613860935297,2.2345815318184266,2.0054255217038746,13.85304627965986
2013-08-20,13.869569150558412,83.33533970968809,2.0898070387412178,2.0702325526328704,14.782615250930688
2013-08-21,9.406677492332832,69.58283510084777,2.1784488221419713,2.5552148881743215,7.3444624872213895
2013-08-22,15.542764268053505,80.23857904967899,2.322917277932082,2.061551897530253,17.571273780089175
2013-08-23,15.716172325142432,95.60735011873668,1.9355497233372019,2.3123593817949857,17.86028720857072
2013-08-24,13.813426949002068,59.40914307302856,2.12635317689432,2.0982610484878554,14.689044915003445
2013-08-25,17.37306007961151,86.07251909095022,2.0746127890007626,1.9748456705235269,20.621766799352514
2013-08-26,12.997768307060179,78.5022124863241,1.9450511102360255,2.1037293164371413,13.329613845100297
2013-08-27,15.6938177776808,81.36253736769298,1.825742226061647,2.481261506369494,17.823029629468003
2013-08-28,10.941006983923653,87.63754914485945,2.3153745118190954,2.096614473335655,9.901678306539422
2013-08-29,13.929343547377286,87.82561168819386,1.9784204554552276,2.6618135096160422,14.88223924562881
2013-08-30,13.476937226291492,85.05607881865865,1.996446625315152,2.5588710939199237,14.128228710485821
2013-08-31,14.675923766122825,88.10525359469,1.926413605643312,2.023728833977324,16.12653961020471
2013-09-01,12.891419213499924,88.81948099903295,2.8003552610885483,1.9464883102021655,13.152365355833208
2013-09-02,13.605582212984997,83.95685242949826,1.7475371503248807,2.0376230746663246,14.34263702164166
2013-09-03,16.47814151432452,83.14143475429411,2.2030423034570648,2.1642522727806237,19.13023585720753
2013-09-04,12.689707288285348,73.23178102494427,1.7751589594755015,2.300616087998715,12.816178813808913
2013-09-05,9.180268697783962,88.34923377071203,2.0151950859371497,2.6535168113803804,6.967114496306603
2013-09-06,19.24875171261626,83.09438303467095,1.8076227495897215,2.337744281924314,23.747919521027104
2013-09-07,18.14436223607146,87.8166535849641,2.385706506341436,2.1685660067382795,21.907270393452432
2013-09-08,10.123211914683143,79.36623201639158,1.5101136364093164,2.5138561948970795,8.538686524471906
2013-09-09,16.069123415735582,89.3276395274666,2.010861281886096,2.1499505316170144,18.448539026225973
2013-09-10,12.49107568834597,67.82365122244508,2.420573340274183,2.392217418144577,12.485126147243285
2013-09-11,14.79046164599318,80.74492746562282,2.3583570272429766,2.3117939655550983,16.317436076655298
2013-09-12,14.882672387040481,93.44608516133394,1.8294072992776658,2.1606949930265906,16.47112064506747
2013-09-13,13.296776599051034,73.5528101487295,1.988306150619657,2.1239202401591513,13.82796099841839
2013-09-14,11.648703003240811,68.69314322299583,1.8888708710079563,2.6644769451143393,11.081171672068017
2013-09-15,11.928376843051222,91.47207423345846,1.5062947640338207,1.968526817976028,11.547294738418703
2013-09-16,11.251424253556273,76.33573293425498,2.052688937359471,2.2170691931412456,10.419040422593788
2013-09-17,11.504533375308666,86.71486903004484,1.9677871668783533,2.023952846240808,10.840888958847776
2013-09-18,13.798465129851934,92.56362282605171,1.4300222981560347,2.070435405654122,14.664108549753223
2013-09-19,11.852720032667744,90.90118318889523,2.042918954138188,2.4216206989898326,11.421200054446242
2013-09-20,16.04615619713786,77.72958762546574,1.5998387522330058,2.1157336756357497,18.410260328563098
2013-09-21,18.46173846600778,93.11011074186314,1.578045052373329,2.3947234493214222,22.436230776679636
2013-09-22,12.259840275889871,78.79623970959726,1.971619931825073,2.451383225894432,12.099733793149785
2013-09-23,14.718213501606131,94.76492373988339,2.3913075762679243,2.071496557135474,16.197022502676884
2013-09-24,15.499055330908801,101.23441997510841,2.0527126796128,2.1040751680478094,17.498425551514668
2013-09-25,15.416006812757823,66.86005937178811,1.8708051274513875,2.5634039731144984,17.360011354596374
2013-09-26,14.227865803748262,90.68290829992938,1.8581280542397325,2.1832460766455615,15.379776339580436
2013-09-27,16.22804725507917,74.60828623418983,2.400829979746313,2.120974324909388,18.713412091798613
2013-09-28,15.446746858041971,70.21761938982931,1.499996873276726,2.3393341498494546,17.411244763403285
2013-09-29,10.287012733018106,90.3700202829411,1.5499709055683324,2.2110580696267754,8.811687888363512
2013-09-30,16.60746819316782,88.10520637330848,1.3886930916642743,2.5520185123814882,19.345780321946364
2013-10-01,16.661872511800226,60.71568561945877,1.8859311748053567,2.30506391408551,19.436454186333712
2013-10-02,11.710141687464255,72.11810443318288,2.285128463176558,1.9695563241736256,11.183569479107092
2013-10-03,14.113813506342806,74.7495836688165,1.2616252736062519,2.292854448351469,15.18968917723801
2013-10-04,16.049986978433207,74.39419103241562,1.5456124140826906,2.179678285980584,18.416644964055347
2013-10-05,13.372058541261914,79.54754349434386,1.516261191760206,2.1116026934390524,13.953430902103193
2013-10-06,17.218934143298036,75.82251501364651,1.7226959278425273,2.7081275828772715,20.364890238830057
2013-10-07,21.09161748385808,88.15558910187022,1.9426353398915215,2.040609702729713,26.819362473096803
2013-10-08,11.642041902095052,83.75675466942445,2.0745894063952095,2.2459944759329615,11.070069836825088
2013-10-09,9.856866190538675,82.64868313320218,1.9917806146558024,2.211284662641326,8.094776984231125
2013-10-10,14.911455786814628,90.36483347801712,1.6474780522303942,2.169584323265467,16.51909297802438
2013-10-11,16.164687515378432,91.95631840694179,2.0702576595272273,2.211146146402115,18.607812525630717
2013-10-12,13.307400878465693,72.17461744261816,2.3415869633758186,2.1830225920707536,13.845668130776154
2013-10-13,18.359781989963103,69.15067504769276,1.782251377111117,2.231523338043734,22.26630331660517
2013-10-14,9.984182600830254,78.50277566900927,2.134523691879314,2.073829516742296,8.306971001383756
2013-10-15,16.078755869094834,91.29435899860201,2.190846684402564,2.495002279431292,18.464593115158056
2013-10-16,12.18241753772332,67.86285496582721,2.1331596316730117,2.375791041115636,11.970695896205534
2013-10-17,19.15813371862189,76.98091127814784,2.203256353238907,1.934774331201191,23.59688953103648
2013-10-18,19.977546059504355,79.74218264699995,2.1146130714728923,2.3104735261502523,24.96257676584059
2013-10-19,11.700030236649956,84.29468108187788,1.7426363959944255,2.428395402219435,11.166717061083261
2013-10-20,12.35132859227426,85.3911323466151,2.1222858437046677,2.5583347506340512,12.2522143204571
2013-10-21,16.578763660939405,91.09439824798343,1.969191476141016,2.328769969429141,19.29793943489901
2013-10-22,12.838608050631457,69.17315902545214,2.350235229070563,2.413966780555518,13.064346751052426
2013-10-23,13.863766346203285,83.54627565245204,2.138909028699228,2.1886520627275976,14.772943910338808
2013-10-24,14.07616526162723,86.44452757641662,2.616502988172556,2.53321177609788,15.12694210271205
2013-10-25,9.0,78.48504137367405,2.017854449496288,2.189572330890662,5.401634219011719
2013-10-26,13.958486761717289,81.95578055724053,2.250283649672761,1.9613998894141018,14.930811269528814
2013-10-27,11.930816677807478,83.6740283962039,1.8723729257406094,1.9545624161933832,11.55136112967913
2013-10-28,12.520631532800683,74.75596128049705,2.0051283974810263,2.276710194255536,12.53438588800114
2013-10-29,18.33089601040644,71.6372341044853,1.7764259424926743,2.4130814649968326,22.21816001734407
2013-10-30,10.230479317162231,83.60249962208924,2.2538137066794603,1.9668197539875614,8.717465528603718
2013-10-31,16.439615560243933,72.45444736174734,2.1005063611089385,2.32496335723978,19.066025933739887
2013-11-01,13.163111209004574,82.56694235656431,2.6455890637182815,2.3141385458989965,13.605185348340957
2013-11-02,13.160719494512497,78.05533406059185,1.9358848672839257,2.3983000117428124,13.601199157520828
2013-11-03,16.371115688155133,86.17827023957884,2.671270501348017,2.3080345305848406,18.951859480258555
2013-11-04,15.020153883706671,79.78960169371723,1.9969445117763065,1.9828328492895915,16.70025647284445
2013-11-05,15.711838991658592,72.88899012678327,1.8695526150062183,2.09407587023895,17.853064986097657
2013-11-06,16.904553981598582,92.89955398068639,1.9545132466768185,2.005695938618489,19.840923302664304
2013-11-07,13.006074850450032,78.27831695998127,1.7044228057995625,2.1594797087677344,13.343458084083386
2013-11-08,12.16328979647675,88.68590128473934,2.110507195387879,2.210873343034237,11.938816327461248
2013-11-09,10.744548420326606,79.24767983058668,1.625491460919067,2.003959012577604,9.57424736721101
2013-11-10,11.523768410063134,86.03715347669363,2.4124604518634793,2.1078695454013814,10.872947350105225
2013-11-11,22.847283275926173,71.85359204359223,2.379614642635026,1.8901173488788756,29.745472126543625
2013-11-12,17.73403874221036,78.88460415325991,1.8741935162807204,2.3289901432150235,21.22339790368393
2013-11-13,9.946776901375936,74.7016769024374,2.4165789504707504,2.2253549991872412,8.244628168959894
2013-11-14,10.03262612976929,67.70502675069805,1.991679239989502,2.169691666595726,8.38771021628215
2013-11-15,15.445598185155475,65.89355510350211,1.778091747158505,1.9504286555032844,17.40933030859246
2013-11-16,15.641794392133901,93.34183654342009,2.518553670536221,1.929527941101446,17.736323986889836
2013-11-17,15.646651505952093,70.72040102040941,2.798107192105751,2.4718859601418863,17.744419176586824
2013-11-18,13.235132619338906,78.92999768982727,1.9957459820904118,2.6473650097823875,13.725221032231511
2013-11-19,13.623637219991299,90.35702548311859,1.8267705238488468,2.300111896131565,14.3727286999855
2013-11-20,14.983638572478073,86.20350177246956,2.428763369978347,2.1820679592047947,16.639397620796785
2013-11-21,14.25767901887999,80.76282179982364,2.2396413618753677,2.3306116717345278,15.429465031466652
2013-11-22,9.0,79.93305288993184,2.3566929855709398,2.2984907766075002,5.0
2013-11-23,13.310601108274419,91.74828445158393,1.817707118181364,2.1944954059037234,13.851001847124031
2013-11-24,11.44578069721906,77.92637675784493,2.323932695534564,2.2111667392300225,10.742967828698433
2013-11-25,14.525634256725535,77.52633834317412,2.1423201673675547,2.478044589657373,15.87605709454256
2013-11-26,22.95577700781023,83.3889992569238,2.2229470833433256,2.2410310955220676,29.92629501301705
2013-11-27,15.102444996422914,77.47234370124032,1.7160946970781417,2.4101148903060703,16.83740832737152
2013-11-28,13.059410941482806,88.76615898157948,1.8689537352522876,1.9847806522351046,13.43235156913801
2013-11-29,16.765404505931755,68.99976372251939,2.3816406731160398,2.350339419659973,19.60900750988626
2013-11-30,15.448063661627637,73.83300048985558,2.31601473682991,2.5474115542049223,17.413439436046062
2013-12-01,15.260283471355525,92.1766338276625,2.205505234959285,2.726044858859513,17.100472452259208
2013-12-02,15.820551779647014,76.97677578236899,2.2876234092300467,2.101056179920373,18.034252966078355
2013-12-03,20.169630694488625,85.27417146653225,1.7374622477827402,2.2984551921726672,25.282717824147706
2013-12-04,10.607334694022253,81.95633009620876,2.1083184251879197,2.325500651029119,9.345557823370422
2013-12-05,15.420896230434364,82.66078406976605,1.697314076125338,2.098664293757516,17.368160384057273
2013-12-06,11.220856610055385,72.18089146208108,1.3002967678150044,2.151472910590674,10.368094350092308
2013-12-07,15.666537939026744,83.16050185627597,2.2819382242526616,2.269718259613813,17.77756323171124
2013-12-08,11.243940465541717,86.1814676792645,2.069728054805449,2.188446869597876,10.406567442569528
2013-12-09,12.747899559184747,91.02410930957639,1.8217636848102783,2.50330546303949,12.913165931974579
2013-12-10,13.114730257286281,82.91047693910252,2.2018896692037164,2.6284537569231143,13.524550428810468
2013-12-11,16.927450158034127,82.41233709089988,2.2587904143347104,2.55751925668169,19.879083596723547
2013-12-12,16.75536333182724,74.66544631122673,2.0728187706062937,2.5716225420841097,19.59227221971207
2013-12-13,10.262847870660845,83.64584959834201,2.350316995986949,2.2321489115812656,8.771413117768077
2013-12-14,14.164802332999546,63.79287692674371,2.678330584668285,2.188914752123332,15.274670554999243
2013-12-15,11.871260435752482,85.69207157635279,2.1048586879666855,2.1474608625974407,11.452100726254137
2013-12-16,10.224485267973996,85.68978738409315,1.4839712319489786,2.3702276844001893,8.707475446623327
2013-12-17,13.348948848726888,90.23480715351296,1.6997135442572968,2.671442815616656,13.914914747878148
2013-12-18,13.074551634632542,71.14000970290816,1.5415167971564447,2.18421737817138,13.457586057720901
2013-12-19,21.280149459036565,74.63433634900422,1.1783368246896093,2.5278625681867073,27.13358243172761
2013-12-20,15.298879476082089,70.28366626167971,2.3198278739099925,2.070184085608445,17.16479912680348
2013-12-21,9.867147497737289,94.94712685252955,2.366160287896285,2.1610114991719667,8.111912496228815
2013-12-22,12.305677987487172,75.93371928248426,2.2823412243122725,2.854199741241105,12.176129979145289
2013-12-23,17.064149886288195,85.71526285640964,2.255807627093058,2.416821237570666,20.106916477146992
2013-12-24,20.265328318609775,80.10272611947178,1.805812431243453,2.5079729988200348,25.442213864349625
2013-12-25,9.242050063286126,76.0275895154941,1.4203345555983673,2.246611263757494,7.070083438810208
2013-12-26,9.0,95.32912891011523,1.7660168997931462,2.1042310782865683,5.600378074304775
2013-12-27,19.612895526115345,87.33172117118438,1.6170825844760428,2.4479653125835523,24.35482587685891
2013-12-28,15.168842532112711,84.00623462621529,1.9719906616521958,2.0559647943173123,16.94807088685452
2013-12-29,11.3951218043709,82.27595410412556,1.9670118256353988,2.439861189202244,10.658536340618168
2013-12-30,15.603887258367307,85.53936040738567,2.0441407435737418,2.0710146946266526,17.673145430612177
2013-12-31,9.0,82.47776372047615,2.4053759512259036,2.423263728086927,5.0
2014-01-01,14.010126519791482,85.24172946950537,1.7977350951186786,2.422366046773401,15.016877532985806
2014-01-02,14.983463518529256,75.12018027957171,1.9866817299752977,2.4223015698077566,16.639105864215427
2014-01-03,16.77281041861349,72.8244738809975,1.9798129207856752,2.2534121386677666,19.62135069768915
2014-01-04,10.958312143122388,62.165612663210936,1.9293307449808548,2.2889537097893884,9.930520238537312
2014-01-05,14.257061484210077,69.4038206128192,2.446427271068215,2.2458152827283158,15.428435807016795
2014-01-06,11.223726121821239,74.40922972722389,2.0157045521170973,2.5440250871291994,10.372876869702063
2014-01-07,14.766151267022952,87.11475571658346,1.9053430150344426,2.3432900389015625,16.276918778371584
2014-01-08,11.313961032910928,89.59974963341875,1.6661642543824198,2.4190766600796922,10.52326838818488
2014-01-09,12.775697482519337,86.13320301299956,1.7931749662203307,2.3499516133864815,12.959495804198896
2014-01-10,11.012553815629314,87.06162444112792,1.6287191852899985,2.321248378346514,10.020923026048855
2014-01-11,15.953408725470972,76.16560490361852,2.0942741148108266,2.6388276353241364,18.255681209118286
2014-01-12,16.575353349969994,79.05881090370289,1.3489080119548238,2.029517801184431,19.29225558328333
2014-01-13,13.29613829012776,72.10231322225634,1.4931385724130644,1.8620684160195173,13.82689715021293
2014-01-14,14.114713984880085,88.6140727937123,1.798156790101268,2.291204110380822,15.191189974800142
2014-01-15,9.654225756099368,77.7759027199223,2.206289089078098,2.131106413875756,7.75704292683228
2014-01-16,13.100970055979639,80.98509838068948,2.3508837147751067,2.808268649948967,13.501616759966065
2014-01-17,13.849386148874766,81.86990331306839,2.20854680321531,2.477413591348271,14.748976914791276
2014-01-18,21.862379273089925,92.83368094547606,2.087865926391165,2.5613029905057143,28.103965455149876
2014-01-19,10.664098922677509,82.2392428021123,2.1388202729467465,2.4505980518831203,9.440164871129182
2014-01-20,18.392531716257313,88.11256330675613,2.1340953527673343,2.4645388773693377,22.32088619376219
2014-01-21,16.990576320397423,85.89649857742234,2.207070250512126,2.253660040563053,19.98429386732904
2014-01-22,14.841909213470409,71.85801426163123,2.455878664770356,2.329662738143311,16.403182022450682
2014-01-23,19.2758614525854,72.81636839589765,2.6875396705393193,2.3136298524534133,23.793102420975668
2014-01-24,15.116316417820588,84.57904839122902,2.336639720932917,2.4783934536799777,16.860527363034315
2014-01-25,15.167477587003786,72.55214150628805,2.0205842177035924,2.4583873189891645,16.945795978339643
2014-01-26,13.840638040947365,72.22785060221392,1.8981853916415579,2.3971839827492403,14.734396734912274
2014-01-27,17.670706647255884,89.43967149050357,1.8828035637727796,1.9932077608050012,21.117844412093138
2014-01-28,17.28940770143265,81.6941767885591,1.575021146351823,2.196108884576568,20.482346169054416
2014-01-29,12.122968137511362,75.19387410645767,1.5403072194875032,2.147332352047747,11.871613562518938
2014-01-30,10.042258416203698,72.0498752422543,1.6815017277138513,2.3894526503586704,8.403764027006163
2014-01-31,13.391058087813029,73.6679037866963,1.3807224104479856,2.4230688104221403,13.985096813021714
2014-02-01,11.599884306807061,71.30259207584889,2.1314322163929895,2.5453020296716744,10.999807178011768
2014-02-02,13.809426276153935,86.40919324131931,2.5356880821277272,2.132896700755601,14.682377126923225
2014-02-03,17.712314404052417,73.91371726545957,2.6081578925097273,2.2322554304861106,21.187190673420695
2014-02-04,12.62809503473963,75.23914578172557,2.5153883358619735,2.534467666512881,12.713491724566051
2014-02-05,13.871529856065276,67.15480922926234,1.8913538700652928,1.9838735606716171,14.785883093442125
2014-02-06,14.174068204425186,79.38887709005115,2.1847295156748223,2.137904600795115,15.290113674041976
2014-02-07,16.545292646615856,95.06776184698143,1.9499901994763196,2.2626790695691397,19.242154411026423
2014-02-08,9.0,77.22477302829242,1.152924824095337,2.4351027347444596,5.0
2014-02-09,12.17989911570411,78.4529800841913,1.721960618533582,2.32218364599405,11.966498526173517
2014-02-10,14.633851076838418,67.02729351464507,1.7401172401223257,2.2953679527884088,16.056418461397364
2014-02-11,17.600236869280582,85.66655209254978,1.5933744689762026,2.247229437272249,21.000394782134308
2014-02-12,12.524292657481384,94.13968449951943,1.76505479738574,2.5713865371813727,12.540487762468974
2014-02-13,9.0,98.18505150718464,2.0012137406550385,2.052174031772435,5.61723646979063
2014-02-14,15.859134337898409,81.93910588366471,2.395823703165074,2.2694832458550827,18.098557229830682
2014-02-15,12.093912833523111,86.58256974030624,2.1895746932350373,2.023409965717977,11.823188055871853
2014-02-16,10.431000022728917,97.74827611869112,1.776636900293525,2.343286007449768,9.051666704548193
2014-02-17,12.126963830860328,84.4389124978735,2.0529686813510635,2.2959563648321386,11.87827305143388
2014-02-18,13.446423927032452,104.22533643405289,1.9175747368521658,2.388840744121234,14.077373211720753
2014-02-19,12.18576600638536,76.25149356735697,1.9574856413810493,2.3505010615936204,11.976276677308936
2014-02-20,9.0,77.33158813450376,1.6983441758304472,2.4995796362348166,5.0
2014-02-21,16.691198590661397,90.298931016455,2.0886865902728986,2.1917428367241945,19.485330984435663
2014-02-22,17.824625123836167,61.28428956519613,1.7606921900776924,2.084922098452841,21.374375206393612
2014-02-23,15.954565974018518,74.91174434177131,2.5958588842203505,2.3000041561613718,18.25760995669753
2014-02-24,10.58694298872555,90.06630958572542,1.532772524809447,2.1958734722911832,9.311571647875917
2014-02-25,13.395525398157446,80.60621798665815,1.897164221477185,2.236386075399643,13.99254233026241
2014-02-26,13.980436054311626,97.04185870570075,2.553463997748332,2.358595233704814,14.967393423852709
2014-02-27,15.79638316868573,54.871745517725415,1.8602816126171544,2.3883659218323703,17.993971947809552
2014-02-28,16.005021466154243,62.57060088659209,1.6908465416330667,2.4548486403213508,18.341702443590403
2014-03-01,11.797478603664512,64.52150772011962,2.5069499577738714,2.3554511370103945,11.32913100610752
2014-03-02,14.245986669240681,83.88522314159738,1.6976805274829911,2.3127389800783367,15.409977782067802
2014-03-03,15.371841213845723,77.98731290461859,2.2166009903662935,2.448947461170643,17.286402023076207
2014-03-04,18.3674669664403,81.25594051070281,1.906555916683607,2.300362415828184,22.279111610733832
2014-03-05,16.113519619474168,80.86813196615184,1.8402290428365569,1.983543375323225,18.522532699123616
2014-03-06,16.367170062126558,85.1801366459565,2.2629798920850552,2.371976620452749,18.945283436877595
2014-03-07,14.251479883788083,66.7687131699569,1.6080963717983785,2.0207767420634157,15.419133139646805
2014-03-08,18.23137743561051,91.35032022442326,1.9668028804964521,1.8866046728029602,22.05229572601752
2014-03-09,15.229288387878492,74.47910220263549,2.3245258682272616,2.255140667479685,17.048813979797487
2014-03-10,11.416736269479289,87.4285627774632,2.2264330842132627,2.574417348272712,10.694560449132148
2014-03-11,18.21010991037557,76.47632099210588,1.785570572662405,2.157547068553434,22.016849850625952
2014-03-12,16.093709817617082,84.09876402229314,1.756641070679519,2.4086455536874567,18.489516362695138
2014-03-13,12.670867936614552,81.48036071421458,2.2258673898990486,2.8181944313031546,12.784779894357587
2014-03-14,12.56152109780227,75.34870810806777,1.859461785358775,1.9792492914118398,12.602535163003783
2014-03-15,14.889726635422285,73.69369673259686,2.14337886918509,2.336671278606099,16.48287772570381
2014-03-16,15.389554385802754,88.40716725072858,2.2318462445506198,2.2687537609510575,17.315923976337924
2014-03-17,14.591876796893619,82.64909983569217,1.494888000286393,2.2746111498450596,15.986461328156032
2014-03-18,14.933926020328654,88.38112986819719,2.2995104447080097,2.5661912610949535,16.556543367214424
2014-03-19,19.099872123729142,78.84463905381206,1.9503848536278967,2.3492462732823505,23.499786872881902
2014-03-20,17.214629456704657,61.94418229976253,2.1614676677628335,2.242199613388344,20.35771576117443
2014-03-21,14.571906773795073,94.20366701113693,1.9582706227868947,2.261894563446974,15.953177956325122
2014-03-22,16.82393174230245,84.7385158043454,2.0069387027302255,2.1496973016197827,19.706552903837416
2014-03-23,10.902428289417381,82.41513753094374,2.4114807751451437,2.3351285384216056,9.837380482362303
2014-03-24,15.193781149840426,81.48002396177571,2.3380753789190685,2.411670633805963,16.989635249734043
2014-03-25,19.427919049199332,74.07305246815001,2.2138313529015416,2.3725170200530568,24.04653174866555
2014-03-26,13.34586231382288,73.3684685367598,1.7187431307690648,2.4424930019734923,13.90977052303813
2014-03-27,11.457098214142746,80.00327496366238,1.3658280207939613,2.343430547445194,10.761830356904575
2014-03-28,12.043733334220818,101.24205603586171,2.076523454054593,2.3677456082216035,11.739555557034697
2014-03-29,10.731100887972834,67.59345397980954,2.2100232295782782,2.175584694612659,9.551834813288059
2014-03-30,11.64571427561689,83.2404202742056,1.5019136398375175,2.240425476085232,11.076190459361483
2014-03-31,12.888475704229913,82.48637461979253,1.4924697687443635,2.3340747229240546,13.147459507049856
2014-04-01,9.783298942464075,82.21001064502576,1.579348034017102,2.147959538384159,7.97216490410679
2014-04-02,14.04685500184881,73.21145621919295,1.7580037791041967,2.3803164603474007,15.078091669748016
2014-04-03,16.70683152135994,86.1431437829716,1.7643118290718571,2.2750860304618987,19.511385868933235
2014-04-04,11.276731459559239,59.74294119260021,1.9766911169443713,2.3468450807201213,10.4612190992654
2014-04-05,18.557851770925307,74.23881628332181,2.3065020298548116,2.047923693810229,22.596419618208845
2014-04-06,15.532376265582784,72.00049800023923,2.3123063062861573,2.1863608086038133,17.553960442637973
2014-04-07,17.09174175687217,70.09357132352037,1.913834573203049,2.3360570598521266,20.152902928120287
2014-04-08,12.02649633844359,95.24816646929341,1.7274097129960582,2.123222610578302,11.710827230739316
2014-04-09,16.563575681199847,88.38301633483263,1.7469231205937557,2.366761546590916,19.272626135333077
2014-04-10,10.724198298814061,89.96147425162312,1.8424330206707131,2.623504678572784,9.540330498023435
2014-04-11,16.670742502509526,86.8633862715517,1.7100368534840102,2.6081944394736953,19.451237504182544
2014-04-12,14.515518019380593,69.24972593126495,1.9170500073885266,2.549646454942169,15.859196698967656
2014-04-13,15.659753659954351,84.67136788880892,2.1221698592326437,2.371957932643446,17.76625609992392
2014-04-14,10.473216183125444,79.5097849254391,1.9507247530759617,2.29832321830585,9.12202697187574
2014-04-15,11.314790473170186,91.87828148874414,2.0937151877972466,2.447932841827071,10.524650788616977
2014-04-16,15.791684654760154,78.37024464937758,1.8828408477125318,2.6599746143400624,17.986141091266923
2014-04-17,11.154955987327398,76.7713827846922,1.7359138916470562,2.365408804431762,10.258259978878996
2014-04-18,15.38961887629737,76.73181820259435,2.0920913678126163,2.480365369472044,17.316031460495616
2014-04-19,9.898586580619263,80.94566705416581,1.0485342099093147,2.339748555803997,8.164310967698771
2014-04-20,16.544522638000004,78.8406130717891,1.7414532742050073,2.028405322928481,19.24087106333334
2014-04-21,10.302430055694472,89.91745327071118,1.928258135336561,2.080216294712591,8.837383426157455
2014-04-22,15.656899813038569,85.79803381227514,2.58074790435649,2.5354905268757957,17.761499688397617
2014-04-23,15.876892800938002,90.81288816249013,1.7492244170429876,2.446990467668939,18.128154668230003
2014-04-24,11.909684544711276,91.75581686438514,1.7488286849609307,2.228027571099961,11.516140907852126
2014-04-25,15.74607970125418,87.06792488807311,1.6782635319759565,2.172599551479913,17.910132835423635
2014-04-26,14.781326790000668,85.14755468159096,1.906266286596647,2.132123211055057,16.30221131666778
2014-04-27,12.383474431421785,80.07027068648543,2.0390517214445123,2.1850440984529875,12.30579071903631
2014-04-28,10.974335947771376,77.40517982022327,2.1403248339816625,2.251882678431178,9.95722657961896
2014-04-29,9.0,79.74064470819485,1.8672591000495757,2.789259363621165,5.186871541637105
2014-04-30,15.04895014189908,85.50221141090312,2.0794609795090495,2.2248368362206503,16.748250236498468
2014-05-01,9.305591685913836,73.50349716492153,2.3198083624908077,2.3276397282989225,7.175986143189724
2014-05-02,14.286032598323924,88.3078753186755,1.4603792231908987,2.1872478679420144,15.476720997206542
2014-05-03,13.209655351753252,57.80180264414933,2.1295596197256716,2.349549343669868,13.682758919588755
2014-05-04,16.037428326314586,79.06111152693798,1.9769160217620254,2.5324621446772886,18.39571387719098
2014-05-05,13.093863501530407,85.44166909802236,1.809541265547915,1.864134843371668,13.489772502550679
2014-05-06,13.011656640958726,67.94874170484755,1.8733753188333446,2.281675535483428,13.352761068264543
2014-05-07,16.195612112864886,81.19086251114156,2.497180690623292,2.6315575598394396,18.659353521441478
2014-05-08,15.005174087252353,87.79693173182156,1.7099255858770088,1.9409606165914979,16.675290145420586
2014-05-09,14.948467871548335,68.11850138937785,2.0465929128510982,2.1682595422672586,16.58077978591389
2014-05-10,15.40780276942558,70.95008593299944,2.0497855144834665,2.2167551914493044,17.34633794904263
2014-05-11,9.393283630378683,81.41049612057859,1.9219349471462728,2.147460961796435,7.322139383964471
2014-05-12,16.270366039960948,74.81798551613684,2.3508868828052503,2.365846365542075,18.78394339993491
2014-05-13,15.837406382040808,76.63356620663798,2.4377610951316857,2.5009972511945726,18.06234397006801
2014-05-14,10.94995061427051,86.09363262617546,1.749054164717312,2.1745592259413944,9.916584357117515
2014-05-15,13.267758578977396,80.56266726954536,1.8049322181623437,2.4675854735536307,13.779597631628993
2014-05-16,13.882078137117107,88.34564962781735,1.5484560363392954,2.358152354570847,14.803463561861845
2014-05-17,13.596509646794802,84.3925332683526,1.8130403338108494,2.42556716259198,14.327516077991337
2014-05-18,15.001579899705604,81.05709545078112,1.7203563307973397,1.9768464926086966,16.669299832842672
2014-05-19,18.29410034549355,96.42817838397741,1.6371975599431243,2.214628770891987,22.156833909155917
2014-05-20,17.245300183018486,72.83963859611228,2.3851392022469633,2.3758988625164177,20.408833638364143
2014-05-21,10.063342419705782,83.50992859624131,1.7977547964320435,2.2249620898901776,8.438904032842968
2014-05-22,15.866209970918145,55.08163963738963,1.909170292832345,1.936903153826776,18.110349951530242
2014-05-23,17.986799958606227,87.51494183200488,2.3237496987456847,2.3733096408460574,21.64466659767705
2014-05-24,15.160425562067608,75.86716042317023,2.095898993462101,2.3943592595736423,16.934042603446013
2014-05-25,17.2729412755579,91.22398762825445,1.6590140045885755,2.3261766195718123,20.454902125929834
2014-05-26,20.036811337102296,65.11110977100805,1.892484999043516,2.5713477812940795,25.061352228503825
2014-05-27,17.071128638320943,83.45326899892453,2.1338396596552016,2.1982077499569077,20.118547730534907
2014-05-28,14.747925786925187,79.49715405909497,1.801880557270902,2.2349362277991496,16.246542978208645
2014-05-29,17.13526542225426,78.83168795962271,1.369119829370999,2.390604058651212,20.225442370423767
2014-05-30,14.434663499290673,87.04709658607999,1.5113217492409534,2.1074717762050437,15.724439165484457
2014-05-31,14.071709129854867,78.74729838765742,1.9994351323950033,2.6902068202839646,15.119515216424777
2014-06-01,12.945757292858803,72.39185439358273,2.291017707031606,2.254289534352619,13.242928821431338
2014-06-02,18.690240076496323,80.86927885693784,1.6573135008078879,2.0539062650008053,22.81706679416054
2014-06-03,11.544714002173997,73.87846652299874,2.6749167925332835,2.257130140417659,10.907856670289993
2014-06-04,18.59710317403435,74.19984794379869,2.118674628416096,2.3939380528726506,22.66183862339058
2014-06-05,15.499592371221114,75.11104972376543,1.7722199768763303,2.362793590190798,17.49932061870186
2014-06-06,9.802081475594175,81.84658573816529,2.482636611748662,1.9029572648544013,8.003469125990293
2014-06-07,15.102947878974264,71.73240234673726,2.3927031035230746,2.368202678556224,16.83824646495711
2014-06-08,9.0,79.91978388440569,1.9110728752664894,2.3057176030201076,5.0
2014-06-09,15.876524050493106,62.574977174954775,2.4824863236026027,2.71141130256408,18.12754008415518
2014-06-10,16.655694448966972,80.54642559778219,2.1552731917809744,2.4984058821987882,19.426157414944953
2014-06-11,12.22293213304384,88.63805703772245,1.9506970023601364,2.213983288284788,12.038220221739731
2014-06-12,14.370643087866746,95.71856773909944,1.7408404834934217,2.3171942818552447,15.61773847977791
2014-06-13,19.86247230125086,76.22845715053371,2.4429791226087514,2.314218281378605,24.770787168751433
2014-06-14,12.48275988721419,65.39909890181785,2.2294652422636787,2.544003762111436,12.471266478690318
2014-06-15,10.823277238830197,78.10541332339214,2.2533227012860175,2.407179204848392,9.705462064716997
2014-06-16,18.444990207387796,83.57326549006112,2.059841910079215,2.0053896213887192,22.408317012312992
2014-06-17,19.887761571592385,71.361050460034,1.7316216381655332,2.236436384072597,24.812935952653973
2014-06-18,14.011087015543541,65.31016114210011,2.262537095703929,2.105759260790965,15.018478359239237
2014-06-19,17.03438910622507,93.62348321565344,2.001939945344212,2.293659008253421,20.05731517704178
2014-06-20,18.024427746592643,81.11496003710464,2.037904396714137,2.285113016569435,21.707379577654407
2014-06-21,11.772547302384847,82.07587596633957,1.820330351040776,2.1337054158305993,11.287578837308079
2014-06-22,12.544082493896395,84.21080635333068,2.6062166517949006,2.4524165284475994,12.573470823160658
2014-06-23,17.692623539464204,79.72858975779151,2.2037591933557943,2.5445784666287428,21.154372565773674
2014-06-24,19.05504283612553,87.2169572993735,2.011017480115456,2.6798318040595133,23.425071393542545
2014-06-25,15.688642580523064,86.94202240484191,1.7682264688575045,2.293224647803653,17.814404300871775
2014-06-26,11.360556939493836,78.38447082665321,2.034142143702537,2.0559557231929095,10.600928232489728
2014-06-27,19.961183335098323,68.93187887718284,2.067826453656385,2.5909549968744683,24.935305558497205
2014-06-28,12.407087306564106,74.51779589730681,1.7985341722945858,2.3552087927453713,12.345145510940178
2014-06-29,12.994586656485644,103.26824091101813,1.8015544787888509,2.236317087498387,13.324311094142741
2014-06-30,15.027013503468865,72.8208808151367,1.8921155920324584,2.3792094354585336,16.711689172448107
2014-07-01,18.662481262144322,92.09617400372669,2.228742379196167,2.326966520450269,22.77080210357387
2014-07-02,16.561927929656672,82.532666633664,2.4867506113786524,2.4894946953938173,19.269879882761117
2014-07-03,15.24459650108573,79.25616869296344,2.5762212391229866,2.1036918706316245,17.074327501809552
2014-07-04,15.389865590354319,77.78620556265841,1.731270049722669,2.004421344342346,17.31644265059053
2014-07-05,14.130544005930398,74.112846961151,2.2985431456965606,2.3477899158349733,15.21757334321733
2014-07-06,15.674418543555518,67.47313069726164,2.15376127182249,2.3022168983916806,17.79069757259253
2014-07-07,9.0,79.70773155652614,1.6348841093302162,2.4409125594094454,5.0
2014-07-08,13.110177622790605,82.79434689060707,2.300660891425398,2.064128412305867,13.516962704651007
2014-07-09,14.723965804750343,61.89307194418316,2.6212380567432616,2.186539396554149,16.206609674583905
2014-07-10,10.546957749141479,87.43486686351443,2.480330707191642,2.300116438292757,9.244929581902465
2014-07-11,15.15896995343468,80.36133436960829,1.9737522203841267,2.749968680425571,16.9316165890578
2014-07-12,13.386586337041635,87.89722933558178,1.7858315269525946,2.1953051284180525,13.977643895069392
2014-07-13,19.266427094946472,70.69388536071119,2.173234062151062,2.049344105384418,23.77737849157745
2014-07-14,18.719059175644567,82.14419234195104,1.518622333305567,2.234086452826962,22.865098626074282
2014-07-15,12.602583292645512,80.14144555885318,2.1983683737774613,2.144348092800416,12.670972154409185
2014-07-16,13.547486865299915,73.4408270853266,1.8157155743795104,2.1783806184655248,14.245811442166524
2014-07-17,13.778157303174822,89.62094228193759,1.7564492067495292,2.1793870384936174,14.630262171958037
2014-07-18,12.645021571521132,74.10554428911946,1.7964738647424325,2.137373097762624,12.741702619201886
2014-07-19,14.58507495208438,72.96198253482315,1.9121950648412274,2.3360821940272207,15.975124920140633
2014-07-20,11.72515379333723,79.52014559502919,1.192897637383822,2.0175236274409554,11.208589655562049
2014-07-21,10.608153995187422,86.1228982808911,2.369518059363637,2.0743586977155775,9.346923325312368
2014-07-22,15.868133671700805,90.59328348123069,2.0124726128286303,1.9778968396485739,18.113556119501343
2014-07-23,15.888588752665433,87.47017762130935,1.9266371464772787,2.043058989677549,18.147647921109055
2014-07-24,11.587052721020022,80.39339051687803,2.256892708371658,2.272587826854469,10.978421201700037
2014-07-25,16.686066292287798,86.08690859160458,2.316480496196848,2.38551568148679,19.476777153812996
2014-07-26,12.105266812504006,73.79756196502785,2.3847125180263227,2.390160635006415,11.842111354173344
2014-07-27,14.759495714113944,96.11500273768253,2.3120253366194357,2.4222493772557185,16.265826190189905
2014-07-28,16.46103203783737,92.79020426255433,1.8938886654722156,2.2542094905429564,19.10172006306228
2014-07-29,13.899162305888861,77.99356596016278,2.4187012412049183,2.4002595009921945,14.831937176481436
2014-07-30,15.364222736423404,78.66920247843004,1.7940969062151262,2.349954081089091,17.27370456070567
2014-07-31,12.450711068337284,70.14783508581137,1.6632013507633123,2.2256127604535627,12.417851780562142
2014-08-01,13.410600249715708,78.80795747846749,1.5478081262133754,2.4361525267238946,14.017667082859514
2014-08-02,13.38242170735898,80.15673044776209,1.491433498763174,2.3444335120487403,13.970702845598298
2014-08-03,11.760264960379283,67.63092346942997,1.793100350388196,1.7253573145048793,11.267108267298806
2014-08-04,13.469677510652653,92.01418480449402,1.679161875602716,2.413675598526995,14.116129184421089
2014-08-05,9.35414510340876,74.63612768367028,1.9068583574259261,2.321614318094237,7.256908505681267
2014-08-06,12.526538758573686,82.12644602409203,1.8320082118903869,2.1078416510752174,12.544231264289476
2014-08-07,13.145373519890988,79.69159815949159,1.8526597851545785,1.9965356777569303,13.575622533151646
2014-08-08,13.23146074251386,86.38249348980563,2.183474312287354,2.0135088317468974,13.7191012375231
2014-08-09,13.275507662387664,80.35364392321654,2.216417645102944,2.351857236114714,13.792512770646105
2014-08-10,13.814707400419612,93.59179027907174,1.8186568452044114,2.2931856553069987,14.691179000699355
2014-08-11,15.438324554258191,80.03819678212648,1.9869297993603787,2.113820124592433,17.39720759043032
2014-08-12,16.623551222397566,68.38048762985113,2.315927818773038,2.0449118803188524,19.372585370662613
2014-08-13,12.0507043194552,69.96599886376313,1.832196018216529,2.339365106532031,11.751173865758664
2014-08-14,10.390397433832566,71.10807295135866,2.158025663666975,2.2958943304068424,8.983995723054278
2014-08-15,10.87386676327069,70.57492055883591,2.269768034921526,2.3450525484676907,9.789777938784486
2014-08-16,12.538391236415219,81.63846916599846,2.892833131546824,2.381528174538623,12.563985394025364
2014-08-17,12.944236046550472,69.1924826136957,2.332400247099913,1.9809463877860964,13.240393410917454
2014-08-18,11.690011801407628,88.69498827640709,2.154337772114339,2.215031024023638,11.150019669012714
2014-08-19,10.111650007250317,73.5091015179132,1.5731047504984985,2.412720129326247,8.519416678750527
2014-08-20,12.631637517577435,81.84010090550622,2.0434451260950572,1.9809700982223242,12.719395862629058
2014-08-21,14.544279860341915,74.01487708147054,2.033222506926793,1.8389223309023457,15.907133100569856
2014-08-22,15.785088397506694,70.0536273381127,2.1365262744380753,1.9890410074021785,17.975147329177823
2014-08-23,12.327730840675036,57.77880015814934,1.9162920658488998,2.3412928235326653,12.212884734458394
2014-08-24,12.761006533569699,75.44344748989698,1.8270297785199747,1.9212556776193144,12.935010889282829
2014-08-25,11.219905073458069,79.24733318804005,2.071083687087539,1.850707870839429,10.366508455763446
2014-08-26,13.905682488875671,74.60702955108914,1.9457189729697042,2.36068607674428,14.842804148126119
2014-08-27,11.454714097427557,86.50804806871098,2.1649207025740966,2.0897494407344293,10.757856829045927
2014-08-28,15.7193834397236,82.44417505036266,1.8738717407917675,2.201377926344466,17.865639066206
2014-08-29,9.0,82.83088082006859,1.836432653096972,2.106121027464723,6.070667540329444
2014-08-30,12.921110982642613,85.29584475801622,2.171478116345175,2.453703822136508,13.201851637737688
2014-08-31,14.903322017575226,83.38744566606388,2.0307939876399126,2.0261345500155423,16.50553669595871
2014-09-01,14.551503548967514,94.80010762058248,2.193757641658657,2.5551721344135063,15.919172581612521
2014-09-02,22.079100991941488,83.61686638483543,1.809851483754594,2.338023977285866,28.46516831990248
2014-09-03,15.049400073703723,90.09942267480882,2.1374848215737168,2.0966052556769905,16.749000122839536
2014-09-04,10.987836209473969,80.20974091694723,2.042766819403603,2.5776575719739485,9.979727015789948
2014-09-05,13.71360725873278,97.57211488166675,2.277471456254257,2.1474347879780895,14.522678764554636
2014-09-06,9.0,86.55423191677035,2.025237321445559,2.169089723387646,6.118768332667742
2014-09-07,13.758200752109717,80.54460417001675,1.913949517036364,2.3320157878518426,14.597001253516195
2014-09-08,11.500831828997724,100.04357570765893,2.152255823518413,2.4804083374252617,10.834719714996208
2014-09-09,16.746170826680483,77.44714653602324,1.5413471761408524,2.3007933435044414,19.57695137780081
2014-09-10,12.351379176213396,85.76706426022949,2.280557358347943,1.9494389870726867,12.252298627022325
2014-09-11,13.64970225261426,72.08726634173496,1.9447842162759048,2.4559201616101025,14.416170421023766
2014-09-12,12.093326475786789,69.07073070486877,2.1792511821764613,2.2834442827363546,11.822210792977984
2014-09-13,19.216554055559996,83.35012517497722,2.781018547136989,2.00915388464173,23.694256759266658
2014-09-14,13.036271701646266,92.15100224433625,2.1294445785655194,2.2717626182761315,13.393786169410442
2014-09-15,19.497671130437606,73.80553191811866,2.180679027107381,2.169439485378441,24.162785217396006
2014-09-16,16.4424552863548,76.1612929906068,1.8762580058809948,2.326871049557352,19.070758810591332
2014-09-17,15.446200182006159,63.31680881198371,2.151419015945486,2.4073223014316643,17.41033363667693
2014-09-18,15.106199441952558,73.08090557124115,2.3482685784216644,2.4221811741416666,16.8436657365876
2014-09-19,15.181391894648755,80.73341830316875,2.2833687151076902,2.5247927246923347,16.968986491081257
2014-09-20,9.0,82.28537305888075,1.7817889435261949,1.8959340981711943,5.361637103271949
2014-09-21,13.163349817547731,77.53513575493648,1.7248941483397777,2.1967332463879266,13.605583029246217
2014-09-22,16.535473913552963,82.67619034551639,1.5517547876181839,2.4012817421624346,19.225789855921608
2014-09-23,13.853308449577684,99.47314362800947,2.4144060210659397,2.301921854224728,14.755514082629473
2014-09-24,9.784430459589274,83.51495996340576,1.9682211865816257,2.879031976433515,7.974050765982125
2014-09-25,13.842786648267591,77.59549564518804,1.9660563223320835,2.1400822763830845,14.737977747112653
2014-09-26,19.112316548766472,73.73154242790578,1.8063340426147683,2.322733716750984,23.520527581277456
2014-09-27,17.740675146604158,73.65549661749331,2.274463776778045,2.569900649894979,21.234458577673596
2014-09-28,13.813987971901906,83.41505538275932,2.454415711137895,2.7526579288972437,14.689979953169841
2014-09-29,16.85434783117426,79.22671090033961,2.030113254067714,2.4507907215599394,19.757246385290433
2014-09-30,12.900478938895844,72.94728140529475,2.024194354976294,2.545524991392245,13.167464898159741
2014-10-01,9.0,75.81400251367431,1.5304550110933592,2.319101252123268,6.480642065866405
2014-10-02,11.226602035611336,75.38042306490713,2.092714357818335,2.4673489496257637,10.377670059352228
2014-10-03,18.688666305524592,68.28247882914728,2.512749863493986,2.6029876533611933,22.81444384254099
2014-10-04,13.178020754512087,78.4710900225881,1.9005621751651003,2.3470348418898563,13.630034590853478
2014-10-05,13.269848061874946,90.99595917232553,2.151371218133819,2.933100626635651,13.78308010312491
2014-10-06,13.100485411175358,74.28853087892327,1.7674578094029132,1.686221753266401,13.500809018625597
2014-10-07,19.71240976871902,81.04914026605056,1.5890220397758883,2.274607635710823,24.520682947865033
2014-10-08,18.87787674608619,84.30080402596245,2.4323293298236934,2.888857454699105,23.129794576810315
2014-10-09,20.6563407003444,81.18056774633087,1.7330434017935983,2.3056753344902097,26.09390116724067
2014-10-10,13.522864368799846,75.74080553504557,1.5897296663364402,2.1618210568068617,14.204773947999744
2014-10-11,14.886873466241285,93.03254325126188,1.7845391583614967,2.2999040253825793,16.478122443735476
2014-10-12,9.450072351737626,67.276048029802,2.2044549315493014,2.1898866555820686,7.416787252896045
2014-10-13,18.430803278354823,80.53413701907145,1.5965154724178634,1.9526122864366555,22.384672130591373
2014-10-14,10.496661346196195,75.40493273436213,1.6521509694031926,2.2300166812355915,9.161102243660325
2014-10-15,14.650326691287887,101.67956655366658,1.799055688833688,2.078047779150752,16.083877818813146
2014-10-16,10.708092417101469,76.16901863291159,1.788762039795911,2.2087852644956274,9.513487361835779
2014-10-17,12.233399519783912,81.96996141672285,2.1472541106754632,2.344541538828304,12.05566586630652
2014-10-18,11.488212706850899,75.84275958372163,1.6054761750285866,2.505049886099269,10.813687844751499
2014-10-19,12.176374217972546,73.73346674689124,1.658437516355278,2.402132801315494,11.96062369662091
2014-10-20,12.382631890553064,85.17825398320747,1.6858976362977658,2.3770730413380776,12.304386484255108
2014-10-21,12.355193615224769,90.12852212513782,2.637284109187812,2.256218160144264,12.258656025374615
2014-10-22,16.500001735340923,96.14226267582669,2.0016351538994597,2.362569735078184,19.166669558901535
2014-10-23,10.68541162081244,84.36470217527214,1.4405216010631254,2.21974288934918,9.4756860346874
2014-10-24,14.6616242810416,64.117454060922,1.5859529684917686,2.0720655984769074,16.102707135069334
2014-10-25,17.653877456916675,80.05998815365484,1.5884734140641446,1.8357617700481692,21.089795761527792
2014-10-26,12.460410906459812,80.93950675757986,2.0620244627962814,2.799990553613082,12.43401817743302
2014-10-27,11.846243327757195,90.9525115727883,1.816271390785161,2.3444831388048746,11.410405546261991
2014-10-28,13.308426124459247,86.17717667149395,2.3235151311971642,2.196111395668867,13.847376874098746
2014-10-29,17.53917562508213,69.08611951072903,1.4883916025626598,2.1725720743371832,20.898626041803553
2014-10-30,14.582322892860073,73.94224710289043,1.8792684968231144,2.216086844071093,15.970538154766789
2014-10-31,12.406357116177205,75.532690038771,2.284281806171307,2.2866329823872014,12.343928526962006
2014-11-01,15.451629953564119,76.85372641904162,2.4341622960588207,2.6687598723079136,17.419383255940197
2014-11-02,10.69312355049073,78.20511029459779,2.051110799599937,2.0750736050637273,9.488539250817883
2014-11-03,16.044078531328843,76.38206030089239,2.7032383996968123,2.342892703127716,18.40679755221474
2014-11-04,15.225821923105302,75.76279717532029,2.2836635911997876,2.5833687371336866,17.043036538508836
2014-11-05,13.076574586583348,95.79212660075002,2.07652774144954,2.208428278432912,13.46095764430558
2014-11-06,11.484242604658307,100.50758635380782,1.3146997270324197,2.2793907775338536,10.807071007763845
2014-11-07,11.339957233149628,71.19310882760512,2.189167970949296,2.332383421650368,10.566595388582714
2014-11-08,15.60445200903773,76.92697274102136,1.9270529031292112,2.456376424302661,17.674086681729552
2014-11-09,17.686941507467186,78.70123291423872,1.937034817415237,2.6744935638575087,21.14490251244531
2014-11-10,12.088076758913616,65.4531129078519,2.136896996986698,2.380226057138268,11.813461264856027
2014-11-11,15.375160110654452,69.51185014995909,1.9605634972331358,2.3508565723457977,17.29193351775742
2014-11-12,9.0,75.31143815597531,1.852630197672973,2.056170846524755,5.0
2014-11-13,12.246146808028401,79.31485631153534,2.162600069520455,2.3646910378847457,12.076911346714002
2014-11-14,13.906823201387294,67.79762618438824,1.9457358820586836,2.1628818403013192,14.84470533564549
2014-11-15,11.270949749054498,79.9852792589354,2.1093800555873545,2.256185941169771,10.451582915090832
2014-11-16,11.190480875631213,78.05919534255398,1.48967727967627,1.8608870496180918,10.31746812605202
2014-11-17,11.99666133059334,79.3938784029829,2.235994065966659,2.0587644549329323,11.661102217655568
2014-11-18,14.87657818497912,88.17892142465922,1.8986161596166524,2.013926233977111,16.460963641631867
2014-11-19,13.438012944780876,85.08175335343378,2.2718277322693883,2.2914079377654804,14.063354907968126
2014-11-20,9.0,87.92267566969828,2.140991756738769,2.311264239648294,5.0
2014-11-21,9.0,81.43347902012681,1.9726774273026821,2.100827365033018,5.0
2014-11-22,12.179404466428474,81.64317650661366,2.166945020083366,2.5177767921479783,11.965674110714122
2014-11-23,15.373059758160656,89.88656515147773,2.007958593982844,2.4326963248453044,17.28843293026776
2014-11-24,9.0,81.82088690421757,1.8227816182428922,2.494781488537889,5.0
2014-11-25,12.500809471545107,82.77907448076598,2.0563920805364853,2.5190215330850534,12.501349119241848
2014-11-26,12.421256430447738,99.41777525372221,1.9921430083448355,2.3259017680543352,12.368760717412894
2014-11-27,18.165013334625343,72.38025144884436,2.167171489591233,2.2956610078420723,21.94168889104224
2014-11-28,12.84493456486141,70.81713989129145,1.720121637312138,2.2153523035292784,13.074890941435681
2014-11-29,15.148966954222786,78.12671547423743,1.9121592789737467,2.4937048910904243,16.914944923704642
2014-11-30,14.42377142026239,88.60586571924202,2.1078877347372145,2.062484929378538,15.706285700437316
2014-12-01,9.0,57.15342410611714,1.6900738758830025,2.6606642730904064,5.0
2014-12-02,16.30462164989521,87.32301816750294,2.038917999065487,2.4468884958583224,18.841036083158688
2014-12-03,14.646189516368864,82.43979412990062,2.1352399217349807,2.284769660346892,16.07698252728144
2014-12-04,15.52480591902377,78.07707412538079,2.2154578499466453,2.6962595916356484,17.54134319837295
2014-12-05,25.778713119308982,69.9701099182078,2.225379506051907,2.161175978249632,34.63118853218163
2014-12-06,9.0,82.7223788996947,2.3798726445109595,2.111186580798847,5.0
2014-12-07,19.174089949283324,81.37883707531432,2.0464213913080105,2.262734056775581,23.62348324880554
2014-12-08,13.137657441798932,75.83266846440269,1.6406671413521363,2.0019212422933292,13.562762402998223
2014-12-09,14.861986713209028,90.16464788992955,1.3357574473392986,2.399268450255598,16.436644522015047
2014-12-10,13.863463264096273,83.44788210057257,1.7846442891223282,2.2780785464531914,14.77243877349379
2014-12-11,12.72729099980587,75.55423961880972,2.2251512811955094,2.2803627674359057,12.878818333009782
2014-12-12,12.290501215283724,75.06036838493674,1.8029926751690726,2.2968904097939844,12.150835358806207
2014-12-13,14.988526206719028,82.03769179278393,1.6078665366027405,2.529161309882905,16.647543677865045
2014-12-14,9.448478909984964,80.80213624059529,1.8867842851956107,2.167182307395482,7.414131516641604
2014-12-15,16.251737502565298,75.42302558819046,1.8245772623461591,2.533854159708025,18.75289583760883
2014-12-16,12.751416785344238,72.92205980412177,2.3456495584635295,2.07267019606524,12.91902797557373
2014-12-17,10.609791982878926,85.06887774102535,1.918923412097946,2.151496046245761,9.349653304798212
2014-12-18,12.64996142601256,79.69929573656489,2.510346551324042,2.2461916008316396,12.749935710020932
2014-12-19,17.771447650587717,65.70581036856073,1.6753858091487464,2.060876884656712,21.285746084312862
2014-12-20,12.393994738951331,71.53173508727947,2.0541261908551776,2.522263966717494,12.323324564918885
2014-12-21,15.07536085462886,85.92739463878141,1.9411459442012569,2.3653356750863637,16.7922680910481
2014-12-22,11.80713117285358,85.10580304062894,1.7464714013686458,2.5610983645436596,11.345218621422633
2014-12-23,16.273765549770857,83.99970254016881,2.0129272554671753,2.4622419855014495,18.7896092496181
2014-12-24,16.056523216370614,81.7244334692561,1.9105746071738299,2.6290982357156603,18.42753869395102
2014-12-25,19.545826499889234,94.24887353391152,1.827109569414494,2.2117705027857677,24.243044166482058
2014-12-26,13.473308163502354,87.68745717972504,1.984337985592711,2.5630478350200394,14.122180272503922
2014-12-27,16.00596441427372,78.02125983022714,2.279134292726268,2.3436361639982497,18.343274023789533
2014-12-28,14.294202618616834,91.21455180942066,2.1781760972762285,2.0362413079499473,15.490337697694724
2014-12-29,17.887615345589044,80.66966831342474,1.997604409035477,2.6374800288855766,21.47935890931507
2014-12-30,11.843502837173808,96.37437083431423,1.830454369788948,2.748903729081277,11.405838061956349
2014-12-31,16.235015938631843,71.68993617595434,2.153688834660833,2.484074528247995,18.725026564386404
2015-01-01,13.415908111649955,88.48607109992663,1.8746298764958693,1.7967860686472785,14.026513519416591
2015-01-02,13.807435468674507,76.6635052185294,2.2591478470997393,2.2722655016178748,14.67905911445751
2015-01-03,14.275257453345118,77.45245662172263,1.989888283567971,2.541112373636258,15.458762422241865
2015-01-04,14.756721189280032,76.6836749914317,1.6085197260535355,2.459207508160897,16.261201982133386
2015-01-05,13.651312870634126,85.36083746666569,2.1891552756223476,2.131750827128593,14.41885478439021
2015-01-06,14.644139549511578,86.70737498188707,1.612124470277179,2.194164022039888,16.073565915852633
2015-01-07,18.734354172686555,81.6438954756003,2.564650393845848,2.2560304124200603,22.890590287810923
2015-01-08,16.956349056845657,68.58808272087134,2.315001664258247,2.069581731738927,19.92724842807609
2015-01-09,16.60746377749069,83.32260690178323,2.2212506952529933,2.2303987514934285,19.34577296248448
2015-01-10,12.633381421928387,63.21525713587093,1.6918716666766354,2.4385597262504617,12.722302369880646
2015-01-11,11.332277515315027,73.99212661027546,2.447754782233168,2.339648572449158,10.55379585885838
2015-01-12,16.865901674713257,88.75233209438305,1.9481144742489138,2.0579085986789836,19.776502791188765
2015-01-13,16.628140377589382,79.49234853229383,1.636003654972219,2.6221554243975436,19.380233962648973
2015-01-14,18.418012027252946,74.70158369107179,1.517535044686954,2.51914754309495,22.36335337875491
2015-01-15,12.188058122092311,88.80408678500638,2.4833871964269214,2.1735315212077837,11.980096870153853
2015-01-16,13.311354033918958,67.15849258121645,2.1769138794520737,2.026563509571105,13.852256723198265
2015-01-17,9.081547512423697,67.80277506188001,1.802794930499887,2.2543647389161507,6.80257918737283
2015-01-18,12.82258668181738,83.0407697305069,2.2265399915586976,2.1020417345587914,13.037644469695636
2015-01-19,16.98971153173834,89.45792068906324,1.925876166678533,2.2018645913744868,19.982852552897235
2015-01-20,12.600513862315406,80.15514963547433,1.6085106207357396,1.8626343421191014,12.667523103859011
2015-01-21,15.921439385602472,86.52099169418426,2.285727684063496,2.0833073047912603,18.20239897600412
2015-01-22,13.428490682006565,75.42537243635748,2.221180235338824,2.2806905141132017,14.047484470010943
2015-01-23,14.972171084664682,96.46714640982437,1.367119743876798,1.9687538492833272,16.620285141107804
2015-01-24,10.556925830552998,89.16226918011024,2.0620537886207497,2.2680802719376985,9.261543050921663
2015-01-25,14.255628348901704,80.47363302231682,1.9847910396557713,2.203574665198131,15.426047248169505
2015-01-26,9.0,91.06226951123995,2.07915510347835,2.486306813480311,5.0
2015-01-27,13.439311525514045,68.78037051020385,2.114787977702293,2.2815672782824206,14.065519209190075
2015-01-28,9.10858026885458,78.81112818111731,1.5236497388949788,2.3550191036373933,6.8476337814243
2015-01-29,17.61798354964045,69.07330036652915,1.9856835090805691,2.106949712208001,21.029972582734082
2015-01-30,16.332222058293535,71.60054044262205,1.8160044373446718,2.292621806655618,18.887036763822557
2015-01-31,15.400012945898244,78.65193362964499,1.9011498706337289,2.262103074072467,17.333354909830405
2015-02-01,18.56301868147814,81.08769589009147,2.198845473791701,2.1888752235191844,22.6050311357969
2015-02-02,11.153250437525488,82.85604633869463,2.0220872553913933,2.5606172342048774,10.255417395875813
2015-02-03,19.242089593746677,83.56179083996193,2.0641122465301565,2.416078150487438,23.736815989577792
2015-02-04,16.796574692781153,85.29745977636944,1.6459942925384126,2.4445676044554014,19.660957821301924
2015-02-05,13.290334138343162,73.15182316167564,2.4457663398165095,2.6213252715750115,13.81722356390527
2015-02-06,17.406860441548833,70.61791814577802,1.7592453649931632,2.3222360038272747,20.67810073591472
2015-02-07,10.681119462765096,77.56159328968647,2.1487702366743475,2.545066693110413,9.468532437941828
2015-02-08,11.526457515416979,70.30956312980445,1.7723462544422708,2.3959229191979254,10.877429192361632
2015-02-09,12.174230830280898,83.3980080859029,2.003659348633685,2.393796191481151,11.957051383801499
2015-02-10,12.413066875807955,90.39396944618106,1.8302133617913134,2.378385963332743,12.355111459679923
2015-02-11,10.830327071719243,79.482273238152,1.865376720723509,2.1484015017764264,9.717211786198735
2015-02-12,17.669249201285975,70.62306029898348,2.2268368447693825,2.6675607724035477,21.115415335476627
2015-02-13,13.223436798890505,83.54991716044327,2.2536128893249,2.4535201692670907,13.705727998150842
2015-02-14,15.057514905070638,90.66902195914858,1.8668364094746857,2.449367112380212,16.762524841784398
2015-02-15,12.288945900758959,82.42309681735563,2.059581590481698,2.495961123510388,12.148243167931597
2015-02-16,9.0,82.71639667092474,1.9020257407665484,2.2617544865067583,5.896983497257414
2015-02-17,14.810172075174266,99.51521334097664,1.9332255848118594,2.249050176134412,16.35028679195711
2015-02-18,9.0,80.97424182667802,1.7537582786913133,2.377262838361823,5.438725122901115
2015-02-19,13.794097861743595,77.21679955003403,1.819172814390065,1.9540479836986566,14.656829769572656
2015-02-20,9.895054883501569,86.99846181788406,2.0967940339997058,1.9994410831184717,8.158424805835947
2015-02-21,19.961827997692424,82.39284128347776,1.9210300808121628,2.564866392432272,24.936379996154038
2015-02-22,16.734088166524167,83.30569897385325,1.777125001159484,2.128710057928325,19.556813610873608
2015-02-23,14.317261373814441,72.65866610104509,2.194511368258378,2.472109985908992,15.528768956357402
2015-02-24,17.791120032964006,81.50254982446572,1.7606416771938058,2.501745030618197,21.318533388273345
2015-02-25,11.461052067602793,80.8806832710227,2.330295093783375,2.490297768142134,10.768420112671322
2015-02-26,15.630438136010278,77.94650753810724,1.75688944214077,2.0717839532728655,17.717396893350465
2015-02-27,14.599431301156141,76.39533799524358,2.4225920005264228,2.3862142792758085,15.999052168593568
2015-02-28,14.79206024400101,90.07248755999146,2.3735246432984165,2.41325671235243,16.32010040666835
2015-03-01,17.817060500320302,81.21030065872496,2.0449676805867196,2.378315820296599,21.361767500533837
2015-03-02,16.197476308339407,74.8210228063068,2.2321972250830857,2.2522523651429065,18.66246051389901
2015-03-03,14.86617098847507,90.95114225472174,1.6504614830699609,2.292756229651449,16.443618314125118
2015-03-04,9.035337691315112,74.46000607504791,2.130455895154312,2.409458219509051,6.725562818858519
2015-03-05,11.119861114161608,68.88038113452495,2.205109013296604,2.0883663132915498,10.199768523602682
2015-03-06,13.631873199212828,94.7084211812087,1.952166995226058,2.284374944654675,14.386455332021379
2015-03-07,14.280117122829953,88.8851891282216,2.0081759743894314,2.515549676594001,15.466861871383257
2015-03-08,10.609388825978229,85.27955348267926,1.6660177949411006,2.2912335459306883,9.34898137663038
2015-03-09,21.235030026735263,63.36083643194704,1.6227666132641643,2.116626541066335,27.058383377892106
2015-03-10,18.54918216576072,83.11989907012479,2.2633713575114722,2.4835165051527044,22.581970276267864
2015-03-11,15.806354961177451,74.74080381830615,1.4781980959194772,2.5699550381016802,18.010591601962417
2015-03-12,14.216110583851234,76.97345472342872,1.8249872749922522,2.177297994569253,15.360184306418724
2015-03-13,13.363373090296545,79.64966319590317,1.7623998295334224,2.4646560874797454,13.938955150494241
2015-03-14,11.144244619933293,78.82985286076007,2.2164204198476987,2.453534216400873,10.240407699888822
2015-03-15,14.232441555556587,67.81299456859261,1.6978952144429384,2.0302432618627204,15.387402592594313
2015-03-16,14.773257620428252,76.80748556536935,1.6688223204698174,2.2668628076482933,16.288762700713754
2015-03-17,10.274718273555127,91.1697138187657,2.1814696983154875,2.2163883885861217,8.791197122591878
2015-03-18,15.002529251734693,81.51615787630806,1.7858638739019275,2.2135366957285294,16.670882086224488
2015-03-19,13.534222853525753,74.32418052923771,2.5237932788076565,2.1993810451887157,14.223704755876255
2015-03-20,9.0,66.05711173081153,1.7797836004253413,2.479155917973472,5.4609622106130455
2015-03-21,11.418844967661494,73.73795294092538,2.333019145856249,2.1986794912186216,10.69807494610249
2015-03-22,12.759183399735067,85.90019092179493,1.5660248917187491,2.1864842803024302,12.931972332891778
2015-03-23,19.66306297202057,81.17461407837908,1.8963243847381155,2.401852623014585,24.43843828670095
2015-03-24,15.669659373601274,79.83384903918429,1.983248889880256,2.4801726297346884,17.78276562266879
2015-03-25,9.993555292700325,81.64101086338692,1.8549532977595125,2.1875545024609235,8.322592154500544
2015-03-26,15.45810886825291,67.66877764983573,2.4370157121334417,2.3505194885673997,17.430181447088184
2015-03-27,9.358088033184902,71.63024321314879,2.038908669590175,2.006769800429351,7.263480055308173
2015-03-28,17.24807316166122,85.74865952099542,1.6801108315969309,2.245871986931898,20.413455269435367
2015-03-29,12.586626044546364,84.36017935196452,2.0634441237668826,1.9654307242369105,12.644376740910607
2015-03-30,13.719091433782488,102.8135859067631,1.7083793026723835,2.216281120278261,14.531819056304146
2015-03-31,17.97738994262657,58.96905921646943,2.1587880751600883,2.219174242279482,21.62898323771095
2015-04-01,10.13850929424725,72.83145072768224,1.5305197754804774,2.220583463881733,8.56418215707875
2015-04-02,9.808645444661027,78.2408139064348,2.057551190042603,2.7965858083111588,8.014409074435044
2015-04-03,12.249202020961985,81.26691442627387,1.7982139861925748,2.254974976741681,12.082003368269977
2015-04-04,17.11513655305795,78.2650094392794,1.9259561738675606,2.000048017921847,20.191894255096585
2015-04-05,9.441961773569473,60.034284224056904,2.0038519650447646,2.3571314669768912,7.403269622615788
2015-04-06,9.0,86.55469117852529,2.635325354413313,2.294872859811721,5.0
2015-04-07,12.646523424773005,79.53917929413637,1.6082532973957613,2.34534067143153,12.744205707955006
2015-04-08,15.65522239973276,86.30072287844776,2.1504511271844606,2.094784070257229,17.7587039995546
2015-04-09,17.600785249216486,61.57729909632893,2.0458782672322418,2.6426891559250945,21.001308748694147
2015-04-10,12.610515913743804,68.11960983772497,1.9301833191107758,2.4810523571634464,12.684193189573005
2015-04-11,12.765720178651993,85.00783979706142,2.287978232892143,2.3275941458371543,12.942866964419988
2015-04-12,17.461702202767242,68.0203452107453,2.0923431068512075,2.0990442799864244,20.769503671278734
2015-04-13,9.0,91.6415072112113,2.124009852471192,2.1781326675977764,5.651291501522897
2015-04-14,12.834437674450973,77.30996427299839,1.8079961709907937,2.4527138930302628,13.057396124084953
2015-04-15,14.571271669775173,70.64263714860815,2.075954750793657,2.4482190015197682,15.95211944962529
2015-04-16,15.347656163855103,64.6011352727057,2.0257437463166488,2.0873228251158116,17.24609360642517
2015-04-17,12.470579920427353,88.45983911608708,1.3236088010741618,2.271354353512246,12.450966534045588
2015-04-18,14.103323035117524,95.5289909508773,1.5679152474337237,2.075226947341424,15.172205058529206
2015-04-19,9.0,89.8942313016324,2.202408974181525,2.2613046743563645,5.0
2015-04-20,12.025254762998454,101.4765445255475,2.3528240581402975,2.804258143110408,11.70875793833076
2015-04-21,15.360526137663403,66.79252506659411,2.35631639767104,2.3742251927243143,17.26754356277234
2015-04-22,11.05311789723596,79.93449750101833,1.9796634382731382,2.115073205379014,10.088529828726603
2015-04-23,14.176952664768793,82.41589427811212,2.281699597943503,2.6787321722748123,15.294921107947987
2015-04-24,15.340617502408094,74.66996898324597,1.5726901315977728,2.1976234666763275,17.23436250401349
2015-04-25,12.972352397426706,68.3764780920885,1.44550702189408,2.052391919811812,13.287253995711175
2015-04-26,14.511391312989712,89.36606775708343,2.241468826583567,2.253518220920893,15.852318854982855
2015-04-27,11.111802304146163,88.77554912237237,1.9618434891666405,1.8536248926772916,10.186337173576938
2015-04-28,13.38016616091186,97.9071771271155,2.3925379661161648,2.6625111957178786,13.966943601519766
2015-04-29,15.830648508767668,91.85447548009938,2.112598753112345,2.54675742153468,18.051080847946114
2015-04-30,14.470918882905302,79.3222250710447,1.7316190944028123,2.152680827777678,15.78486480484217
2015-05-01,12.240406191308193,86.9942031017735,1.7910601569209506,2.3590470557325847,12.067343652180323
2015-05-02,14.672649212872379,92.21325694082813,2.26407272112746,1.900462699719648,16.121082021453965
2015-05-03,16.143829371909852,82.50957776034456,2.1811907231169942,2.5565713889061654,18.57304895318309
2015-05-04,9.0,72.97829201998854,1.8905520261826296,2.1855512394635648,5.0
2015-05-05,17.477222194867693,74.53116308217618,2.2808123792553694,2.474403778084662,20.79537032477949
2015-05-06,12.991235783956784,74.80020686397164,1.6273867237304753,2.2229848937827232,13.318726306594641
2015-05-07,15.27646979972069,76.00590989877999,2.42062466322784,2.2151244492616824,17.12744966620115
2015-05-08,17.591740770935683,69.79676552747631,2.1465165565666395,2.2590911686097632,20.98623461822614
2015-05-09,9.884978908308602,93.34699522315101,1.64127954660473,2.2385728131313556,8.14163151384767
2015-05-10,11.87167699271736,71.05675672806952,1.9898697459450825,2.4638222321389067,11.452794987862267
2015-05-11,13.134353912372886,79.80996890538869,1.4066482305923043,2.159648898196671,13.557256520621475
2015-05-12,11.648739436626716,95.77655220172159,1.5858896477144508,2.382628030088812,11.081232394377858
2015-05-13,19.204809727510426,84.0671290910769,1.2914171622124728,2.3525867240105005,23.67468287918404
2015-05-14,11.429683718519621,77.60138709846198,2.1917834249761534,2.3275287149538997,10.716139530866037
2015-05-15,12.3333596615394,69.6817304543982,1.9385389588936992,2.114198092359887,12.222266102565667
2015-05-16,14.61316709480893,75.50933252704058,1.8859919137504633,2.130609060986255,16.021945158014884
2015-05-17,10.393551421771733,81.01341283931039,2.603091872805855,2.5144612259102943,8.989252369619557
2015-05-18,12.812957864731208,74.44692443299571,2.291511532799146,1.977241871238744,13.02159644121868
2015-05-19,14.952359783750525,82.1322894576212,2.23354985643778,2.6257503951118175,16.587266306250875
2015-05-20,13.001418786852467,83.42100032198809,2.056282246169346,2.733904636447521,13.335697978087444
2015-05-21,13.719839423300154,66.56381752275861,1.6477806925587526,2.2681787629600296,14.533065705500258
2015-05-22,12.412003662654888,80.9558429482203,2.16647142340971,1.9139202941987392,12.353339437758146
2015-05-23,9.4565890724577,93.24541902013715,1.701306932096597,2.602595313319002,7.427648454096165
2015-05-24,14.964779634017717,70.02141532933172,2.2193163097127564,2.146514408443761,16.607966056696192
2015-05-25,19.264799214941725,83.27750424913836,2.3020139780295263,2.314420667262491,23.774665358236206
2015-05-26,14.055204892350314,85.7527729826002,2.0223077919287826,2.5384411180259647,15.09200815391719
2015-05-27,14.675792351742649,75.11690392573429,1.7670816241931016,1.992900186494719,16.126320586237746
2015-05-28,16.078168265350577,87.52731783049536,2.2204346940707347,2.5299339585953007,18.463613775584296
2015-05-29,10.192008510359901,93.28045850165157,1.9119542774652871,2.4213327995624625,8.653347517266504
2015-05-30,19.10754397438882,82.03020861127446,1.7553294665547314,2.391947691168305,23.512573290648028
2015-05-31,14.606986389268407,76.81149185543046,2.3803832878639986,2.144116739040001,16.01164398211401
2015-06-01,18.895570697267328,78.23025061073275,2.2411307864885397,2.4397217102498505,23.159284495445544
2015-06-02,11.800901013428032,96.77346681627178,2.3331105925098,2.309622279700772,11.334835022380053
2015-06-03,19.454185767673472,89.97228994269018,1.773975945733092,2.101708554773386,24.090309612789124
2015-06-04,16.32546648210435,89.7869690743823,2.177455920902257,2.3418661217997068,18.875777470173915
2015-06-05,15.659120257557076,82.55542127815427,1.5594739963508577,2.4018061894080187,17.765200429261792
2015-06-06,14.702073363059444,75.25441462640735,2.275860246353784,2.595618495121032,16.17012227176574
2015-06-07,13.254414145776652,87.16413247169305,1.982357630836573,2.379095997701614,13.757356909627752
2015-06-08,17.60159497542162,74.7737805770122,1.6088698557494392,2.1770768905986166,21.00265829236936
2015-06-09,14.42107960954414,81.07698261339853,2.3462516157708744,2.2244415082840336,15.701799349240234
2015-06-10,9.0,75.1974542760787,2.194569232767394,2.125236376910763,5.164651482064238
2015-06-11,10.648440614878993,77.68133508820691,1.9929477117654442,2.255295570934664,9.414067691464988
2015-06-12,13.442462743421759,71.33386962714665,1.6269767866744929,2.5216322098444177,14.070771239036263
2015-06-13,14.929996949496665,76.20341348916934,1.721999442454543,2.1210398625709743,16.549994915827774
2015-06-14,13.830234533300313,81.99388679110032,2.3370494881829074,2.585249436521194,14.71705755550052
2015-06-15,17.65691236938099,91.1744808753689,1.742957461061316,2.0728351342835523,21.094853948968314
2015-06-16,9.0,86.35453558441712,1.7852097682101498,2.172300388819225,5.244490679806876
2015-06-17,14.430763809515481,72.26747990774675,1.7112314916981775,2.3813492842271904,15.7179396825258
2015-06-18,9.0,72.81424805364006,2.5321460284850126,2.019488109877478,5.910103873064227
2015-06-19,16.279136886452505,93.86178915753388,2.2128560014982335,2.3162821625128847,18.79856147742084
2015-06-20,13.716623856673992,76.86763323869967,1.864612729307105,2.1007773813453854,14.527706427789987
2015-06-21,15.258829916072354,82.10255878635778,1.7798169528944168,2.2815436704045498,17.09804986012059
2015-06-22,11.408351118230701,87.99737104971275,1.9303084135866495,2.3973989597021177,10.680585197051169
2015-06-23,17.838394794973254,83.97874366468207,2.03274834674182,2.3474285148568503,21.397324658288756
2015-06-24,17.125173992176553,72.26616321430419,2.2223579156693143,2.251096471511429,20.208623320294258
2015-06-25,15.750632909035662,79.5703372949816,1.6871226538676634,2.4548986286092966,17.917721515059437
2015-06-26,13.611448259409677,75.21144731263837,1.8574226942170609,2.0985215114604716,14.352413765682796
2015-06-27,15.739571855885396,69.12991842923269,2.029355500186415,2.291969426170844,17.899286426475662
2015-06-28,11.879322296037953,76.95259527251197,2.031238777929975,2.2098141182369484,11.465537160063256
2015-06-29,16.566666977062138,86.1908854424879,1.9113701056414831,2.2424033335351314,19.27777829510356
2015-06-30,18.948442682971763,78.6891747006672,1.9550016227661586,2.0089445791977036,23.247404471619603
2015-07-01,17.21183167993756,65.12107885948637,2.117586789829896,2.4813714846405133,20.35305279989593
2015-07-02,11.811192590577772,79.66781509724339,1.6856262473070767,2.193924753133684,11.351987650962952
2015-07-03,15.084251951819308,73.66859881976652,1.97633493205621,2.5432969807676806,16.807086586365514
2015-07-04,10.120575368724056,93.24803970076944,1.8272388856291968,2.4313003808501645,8.534292281206762
2015-07-05,15.717170933527028,75.02204254917575,2.3874112456220193,2.549247709512489,17.861951555878377
2015-07-06,15.351810238587616,82.23812357682016,2.1505238800799753,2.470733578065765,17.253017064312694
2015-07-07,9.0,70.32664382622292,2.0724158101828194,2.361494803911831,5.65091830233918
2015-07-08,10.514648468262909,85.02739957927163,1.868863138856118,2.002269509084074,9.191080780438181
2015-07-09,13.150583309768699,70.11462713632226,1.1129457423198197,2.420529186740381,13.584305516281164
2015-07-10,13.09742075857752,84.31061418258354,2.2514914594584936,2.2057253672812918,13.49570126429587
2015-07-11,10.371569193743584,74.06736140069751,1.9518473655456845,2.403433121774973,8.952615322905974
2015-07-12,15.166936188056551,88.92567684528339,1.81824002081328,2.3580318777267153,16.944893646760917
2015-07-13,14.754420826821537,91.8639562569682,1.9978044484938664,2.210560770650421,16.25736804470256
2015-07-14,13.417192604064443,78.43125813239209,1.8012689132365958,2.7309575611412233,14.028654340107403
2015-07-15,11.73262549952491,82.37345793469811,1.9439224953133996,2.2687660922065174,11.221042499208185
2015-07-16,17.146121379249692,87.19137383041684,2.4558140798767845,2.4305372621018977,20.243535632082818
2015-07-17,18.966221339264884,87.19482517383352,2.4740001655194876,2.276069254755462,23.277035565441476
2015-07-18,12.549315548460388,80.06600215618394,1.936671384540978,2.6561723853466574,12.582192580767314
2015-07-19,12.163499248535537,87.49089191499745,2.0731322164291734,2.151084919225747,11.939165414225897
2015-07-20,15.473622996235989,87.49490965753682,2.143950068269448,2.1282339978045335,17.456038327059982
2015-07-21,12.925911860759042,79.8868050938557,2.0061834215940375,2.0139294115345887,13.209853101265068
2015-07-22,13.581808398010297,67.47250223209531,2.1511086230111243,2.348913238149053,14.303013996683829
2015-07-23,16.218959455174016,93.84001797999034,2.0605232781447347,2.3943331613401564,18.698265758623357
2015-07-24,9.0,75.92200183039009,2.298632874876067,2.104621090886572,5.453219562463536
2015-07-25,17.954906974558007,88.74874843284954,1.3531562742351242,2.501316873285475,21.591511624263347
2015-07-26,14.218041572988025,70.31940688619986,2.1519314791592294,2.5984993748468916,15.363402621646706
2015-07-27,12.765520566313459,71.06026981700337,2.07591050573014,2.7256827280414786,12.942534277189099
2015-07-28,13.732297537335652,78.51061282332289,1.6294736868113056,2.3261703801037825,14.553829228892756
2015-07-29,13.887288065061556,75.72982275532812,1.988024786167807,2.021471640511644,14.812146775102594
2015-07-30,9.0,91.55494321190872,2.155457481309949,1.9545436095500683,6.343993482775373
2015-07-31,18.48481468235971,73.55066807753593,1.8572980349193229,2.328706646277762,22.47469113726618
2015-08-01,14.123976896811856,77.67707129505814,1.954222536798309,2.10120883669789,15.206628161353093
2015-08-02,15.329006391342126,70.53956155265017,2.24761989520655,2.7066349750029843,17.215010652236877
2015-08-03,16.854649311722127,89.70522095442315,1.6625803594334054,2.1861840715921916,19.757748852870215
2015-08-04,10.9365126273191,83.16773081845518,2.020716595678986,1.7175546027985604,9.894187712198498
2015-08-05,15.420415697105685,92.27693795335225,2.431914506475266,2.442694592520017,17.367359495176142
2015-08-06,13.19707672730362,79.75661768309327,1.7987418089221106,2.45553565626619,13.661794545506032
2015-08-07,16.54031232564948,71.46617450207951,2.0482505847582755,2.437641202716014,19.23385387608247
2015-08-08,9.0,83.37412006348663,2.4135628864055745,2.2146602371434136,5.0
2015-08-09,29.284077130510322,77.15107219120793,1.926637661484391,2.566633925460669,14.504528498793656
2015-08-10,35.65907957720978,86.26216573406961,1.991039524531826,2.323118811076818,11.985896721080191
2015-08-11,37.79994948904854,56.54104226146498,2.1387944535804264,2.0982962927289237,17.161314753170778
2015-08-12,37.24122067234667,70.16738040959852,2.240404314390059,2.4944422057467595,17.350220936841012
2015-08-13,27.023232533802258,77.34338880533228,1.261808510536207,2.2613926708734935,11.46187052588987
2015-08-14,39.33258085064294,72.65033911372626,1.7673009036896414,2.420572265921189,11.439130679119781
2015-08-15,28.445925506911713,87.61792345481396,1.8308324665974676,1.9441616104310186,14.446673157213352
2015-08-16,40.19246929648939,61.69239965296461,2.0612528069916767,2.004568764941579,10.516788863423958
2015-08-17,35.92886189371578,81.21721078341817,2.426380840945531,2.2661352879956422,19.209918477260636
2015-08-18,41.010133255735425,82.1976959569506,1.5200491290813603,2.2713336603063685,13.15396399776277
2015-08-19,33.670206608421736,86.65453890607105,1.7742022126542807,2.4398160201696983,5.0
2015-08-20,44.48467053082459,73.71537751727416,1.9767725087735406,2.11353821363935,13.125889716890969
2015-08-21,34.740101015580436,92.64828349132715,2.3417909585134207,2.2506956433850336,9.807280895780139
2015-08-22,38.726180356587285,81.86568331934458,2.4097143191585984,2.096992748916574,6.843620922695273
2015-08-23,38.20762148892386,86.76996049209055,2.0247680417058733,2.0885765062723256,8.812866808887136
2015-08-24,35.982860588710004,77.54890540204003,2.043710685221239,2.097152338864942,15.54704235916485
2015-08-25,42.578110270353875,96.97746224078274,1.8743458087880378,2.481313688312366,21.643204141241156
2015-08-26,48.624356471347845,73.61486959110535,2.0475897229960305,2.6275291061967962,16.565922369324902
2015-08-27,51.26762088928003,70.28570945887074,2.340825163970933,1.9167586632262417,11.967483058921301
2015-08-28,40.18862314834499,60.913901668302685,1.4773899861462714,2.3401429749212315,17.279520975853515
2015-08-29,43.46672510027009,84.84733055327418,2.0353554961461695,2.356825759838909,12.70454844890504
2015-08-30,39.12837855171415,84.96494904759453,2.472440639617431,2.1464063098202573,11.526998154184277
2015-08-31,39.39553277907286,73.80722575299504,1.8772335202542902,2.253942733540818,9.228186658835078
2015-09-01,35.231405395491045,81.53849009136195,2.6868613233834133,2.422631187652261,6.240855966241405
2015-09-02,36.58030770169041,89.32133405524198,2.0210053432010846,2.4655761244714696,13.050381467202774
2015-09-03,37.149914818425714,73.46332240151872,1.9591037193774523,2.202401927625866,15.790267449600659
2015-09-04,31.886161084494677,73.1889974589602,1.8870616120308057,2.286403730390401,14.516881649925551
2015-09-05,33.090022800428045,53.52675057166853,1.971776811665328,2.5145126863924214,12.920165360263207
2015-09-06,32.36627952401005,69.61951862708264,1.691169973532322,2.054221612968133,10.271269696516095
2015-09-07,35.1056132693221,83.0595118649997,1.8892347301009533,2.248090922671859,18.041230958424844
2015-09-08,26.735871313489277,87.01136611888548,1.7249879489120807,2.177297826023617,8.414340400267076
2015-09-09,29.993831165569397,83.30929430065999,1.58459137173085,2.2092222822595806,18.880139569217377
2015-09-10,37.04802187621079,73.31677629859189,1.8328319466548286,1.7596098000811344,9.988914905366375
2015-09-11,33.25624061034375,66.12299742392196,1.8408385574711077,2.167292616635729,11.237823813234826
2015-09-12,33.19671619555482,74.08655668000065,1.7228756735551345,2.084300283197817,7.666074046921615
2015-09-13,27.09772736071214,77.38507628749736,2.191565706956644,2.348376950894524,12.492989265571817
2015-09-14,27.483990254744096,77.22614120329555,1.5525474740274907,2.3911728530044543,19.876562292389895
2015-09-15,29.4089446668117,87.85371974528286,2.141082882144402,2.0643671519630638,17.578140442219784
2015-09-16,30.841022118123725,71.04181568744481,1.7864753102551432,2.265185297314751,19.892110560140175
2015-09-17,15.993588348468453,73.1529831679386,1.9470720852228538,1.9896287117630693,17.61071272966968
2015-09-18,17.738234771800617,70.14255139924603,2.0871088213764266,2.3293457077977404,9.481650857348153
2015-09-19,27.43777640561059,67.02630323525811,1.834207259888832,2.2837761142858946,13.346053878362213
2015-09-20,20.292442576924785,86.49732867873183,1.9092395324851452,2.1021844857941283,11.099004354412687
2015-09-21,17.91311684296769,73.10929606276203,1.7701208156450734,2.0317751250947707,21.6528745201952
2015-09-22,14.78335605201758,69.91354536372154,1.8476705705096301,2.2988814228079644,9.016056767868442
2015-09-23,16.779933193823563,74.19188126635565,2.093019447502167,2.5316664243335287,19.468488446945553
2015-09-24,12.590522866304703,74.51433778197202,1.7536508407220652,1.985473642813222,19.464769350543847
2015-09-25,25.764377090929912,85.14392568724627,1.668368352268461,2.383449041027556,24.148101008580436
2015-09-26,16.510255792077707,79.16070007308764,2.087948319716739,2.0378577100339488,12.951567036852513
2015-09-27,15.56819783294913,89.40334343717856,1.7816286077512011,2.1454704583582536,18.561610797900812
2015-09-28,17.352306700671328,76.43285329512953,1.4901471555422265,2.2351986273491287,26.408259182694213
2015-09-29,18.84938067706628,81.79049050514374,1.8664832553647424,2.616555751864049,11.911791615331516
2015-09-30,18.783552626218558,83.05664164729147,1.633242219591478,2.672127975308324,7.324798762338202
2015-10-01,19.294487775630287,69.2758196236081,2.2194839988499444,2.2606825254865366,5.599949830461181
2015-10-02,12.476617796836575,77.51364746784836,1.846087744951184,2.2373491706643494,18.563560144306656
2015-10-03,13.808532780172555,90.33292230687277,2.2276925865212496,2.2667352703905994,5.584248959707081
2015-10-04,18.076126621769102,80.6200717307968,2.2114221764231203,2.082135539761476,13.138404735310386
2015-10-05,12.89044375344152,82.86900619610954,1.9590101080216369,2.5173171488730564,17.186565935194803
2015-10-06,14.9795734718911,75.28674830291791,1.924614808978719,2.4077895386761528,15.92587768414957
2015-10-07,16.595055057699255,87.8963095373437,1.6301927886452834,2.2132541710415983,17.12722432092086
2015-10-08,18.140740329241506,94.29444586161134,2.4147848084496113,2.1719713891892587,16.11144927900427
2015-10-09,17.836597439940178,73.89976609596383,2.318399907930129,2.187572554250897,21.394329066566968
2015-10-10,11.14305085778361,74.54216370212022,1.7814574538713626,2.1892808388287954,10.238418096306015
2015-10-11,11.969014584624407,76.24087152758736,1.5840908676899599,2.4443840282780145,11.615024307707344
2015-10-12,11.682021664187527,70.5672864341082,1.9381373263853705,2.53338916164515,11.13670277364588
2015-10-13,16.49057543558783,77.71313704617418,1.720267547327503,2.14806488982212,19.150959059313053
2015-10-14,16.70119576518519,84.87212216071912,2.4942019829997593,2.368913001094135,19.501992941975317
2015-10-15,15.353675957955524,56.11454093391237,1.742781686186343,2.2868056844935842,17.25612659659254
2015-10-16,17.550481000669784,87.22430640524426,1.7249957456695961,2.0357357212599823,20.917468334449637
2015-10-17,10.465877397870859,80.4303792633444,2.2424250130315833,2.5049838693495188,9.109795663118096
2015-10-18,19.00167233465341,86.28294859087649,1.5634905087541862,2.221139078063878,23.336120557755685
2015-10-19,18.569715865136775,73.00561276695132,2.2582125293115602,2.489957802887887,22.61619310856129
2015-10-20,16.20686599173724,84.48454062717109,2.2788680684490275,2.4004457649376794,18.678109986228733
2015-10-21,19.34539672631318,68.1286551657275,1.6429666141208492,2.6912374090168325,23.9089945438553
2015-10-22,9.030130376966678,95.7985255886067,1.9088936255376638,2.503436279130606,6.716883961611131
2015-10-23,12.426655591212045,101.45326701338288,1.5143850493878424,2.3162012164266446,12.37775931868674
2015-10-24,11.794089617954143,69.36660324400471,1.8791553202121314,2.228198558755406,11.323482696590238
2015-10-25,16.16443797127203,78.88306364095882,2.0819387764640522,2.0900924140538057,18.607396618786716
2015-10-26,10.849577781193563,65.08623833432662,1.8530798073769694,2.5025416004103307,9.749296301989272
2015-10-27,16.272485448012457,63.982793952166986,2.328480032230714,2.2543046035079803,18.787475746687427
2015-10-28,18.111608431990142,90.69211860272003,1.5887101400008083,1.9834443182056296,21.852680719983567
2015-10-29,16.085608700252,70.03851060410015,1.8062969231497221,2.368113032287872,18.476014500419996
2015-10-30,14.851253070984503,80.54036222990011,1.6531452653475052,2.2939202359884527,16.418755118307505
2015-10-31,11.036379977297752,78.28396016135186,1.7812563728182833,2.4341888186651577,10.060633295496254
2015-11-01,11.459447101623907,69.93559964976161,2.4960715591142963,2.629707619113882,10.765745169373176
2015-11-02,17.74885671589,87.04872569430607,1.682802640667557,2.69902610680508,21.248094526483335
2015-11-03,16.338047011715997,85.66532178897982,2.4988773818146455,2.2592879821447225,18.896745019526662
2015-11-04,13.882941441867368,70.15287200979536,2.100278598647466,2.376664915080372,14.80490240311228
2015-11-05,12.746271362702329,85.35119090670473,2.0525115406710936,2.2762909194914633,12.910452271170547
2015-11-06,9.0,81.03054679565574,2.112665046035132,2.4213071131041826,5.0
2015-11-07,10.787442743946684,101.33360479629754,2.066656205272772,2.1122784184688506,9.645737906577807
2015-11-08,19.73425726141917,72.10759497006296,1.8499203244406799,2.247610075647947,24.557095435698617
2015-11-09,10.1586332869926,92.9383267933634,1.8347271361396322,2.3351770953341284,8.597722144987667
2015-11-10,14.568439463663243,74.11766902597002,1.615686385370393,2.321337368519948,15.947399106105403
2015-11-11,17.022331919585596,67.42467797687797,2.0831000028222926,2.358052824753868,20.03721986597599
2015-11-12,10.235231995993122,79.7600552305039,1.9329390776984388,2.2158226506514183,8.725386659988537
2015-11-13,14.55413142434325,85.19017069364503,1.9910078932636301,2.133697063655735,15.923552373905416
2015-11-14,16.813746612531965,74.72086964050408,1.286499114514775,2.305947159648555,19.689577687553275
2015-11-15,14.037497965721752,75.41461081040927,2.0258660447720795,2.4061670745650923,15.062496609536252
2015-11-16,22.605209167000304,85.75356267294681,2.2243055043847026,2.1695337721033012,29.34201527833384
2015-11-17,9.0,85.72763154529572,2.1078602974505745,2.3268331231452293,6.657003705609023
2015-11-18,17.176185589651638,74.71679567378283,1.9013233572531623,2.4910468650207744,20.293642649419397
2015-11-19,13.481594787810607,72.1247547983718,1.816403832795992,2.459532619633748,14.135991313017678
2015-11-20,16.315760464510024,80.50753853095418,1.7650920346004233,2.3031939235175547,18.859600774183377
2015-11-21,15.323921455097738,71.74699257083253,1.2728773786005885,2.480986608362052,17.20653575849623
2015-11-22,11.800531408670011,84.92637129579784,2.0360759533361867,2.2751025610415834,11.334219014450017
2015-11-23,14.68698917737802,80.18019319078276,1.8895786921526267,2.1722867576209497,16.1449819622967
2015-11-24,9.0,77.84177948413307,2.1609483063413872,2.5480125133421465,5.7104927430085635
2015-11-25,15.809742501714181,82.49257771138251,1.6775485360106128,2.4012605064703534,18.016237502856967
2015-11-26,14.894475397971577,69.89694309180858,2.49764081038717,2.3120813895205314,16.49079232995263
2015-11-27,15.915980505929307,85.39529648285155,2.1291050820703465,2.4055036569470407,18.19330084321551
2015-11-28,17.17435497526145,62.55634129648301,2.493696897274413,2.1963224295560275,20.290591625435752
2015-11-29,15.102859520629133,57.549624384279085,1.9530815478771537,2.3847033795785513,16.838099201048554
2015-11-30,14.444268259394828,74.38023137449588,2.0872643075029624,2.340687270885701,15.740447098991382
2015-12-01,11.356794990016123,74.02681927361131,1.9146129050624807,2.273479816063781,10.59465831669354
2015-12-02,11.863337709052846,71.03976024703442,2.177599923732286,2.231660640806515,11.438896181754746
2015-12-03,17.560203860531992,74.97532363136766,1.9527742729347162,2.443980031818463,20.933673100886654
2015-12-04,18.309006217117936,77.82785678729225,1.9901494770805017,2.2989859011052722,22.181677028529894
2015-12-05,13.285668691063838,70.5771505994342,1.9923906884611375,2.4453426037344905,13.809447818439729
2015-12-06,14.138008241759822,83.90960731909006,1.391240982952922,2.7152343330688407,15.23001373626637
2015-12-07,11.286156875018701,82.46705554719966,2.3487547659538945,2.117800862125203,10.476928125031169
2015-12-08,17.518270535802333,73.64006370848212,1.840641605163594,2.21709215885506,20.863784226337224
2015-12-09,15.996250471075335,80.20393464639585,2.0531905702480047,2.3059801498061394,18.32708411845889
2015-12-10,19.82365230939125,77.82618125649229,1.4929205600129416,2.601292876535671,24.706087182318747
2015-12-11,11.365030768460784,84.86954379769954,2.4156250467268037,2.1327974619791807,10.608384614101306
2015-12-12,12.865976302945349,68.0779678657592,2.100530543521654,2.405499067088869,13.109960504908914
2015-12-13,14.694337767576718,85.21914450586806,1.9829076155108771,2.643447279032657,16.157229612627862
2015-12-14,15.939468613177311,82.72922354989478,1.9251212233266075,1.9092920614738786,18.232447688628852
2015-12-15,13.352997087357103,74.98673076611098,1.7664524617154727,2.3194203153321857,13.921661812261839
2015-12-16,11.381116728638899,74.539985549137,2.4244111385778297,2.590333748872368,10.635194547731498
2015-12-17,16.644222586770713,96.39119540488929,1.5434906523413836,2.3938045345355365,19.407037644617855
2015-12-18,16.163406087636744,75.99015971843995,2.1844676917083503,2.2063073276362517,18.605676812727907
2015-12-19,11.251177698308826,88.88705918063805,2.551721381314918,2.301117335092927,10.418629497181374
2015-12-20,18.066328403316486,83.32302798613904,1.4744512713442819,2.140798547990891,21.77721400552748
2015-12-21,17.51059612758981,82.130343614073,2.661460216053722,2.0433859744146625,20.85099354598302
2015-12-22,14.402889491743379,85.82559890175328,1.8997067320938537,2.110186687269986,15.671482486238965
2015-12-23,14.238793587128109,82.39597957626026,2.139107892685446,2.0734633230155635,15.397989311880181
2015-12-24,15.662173313347722,77.56366290590384,2.2411396242359958,2.3256815855106545,17.770288855579537
2015-12-25,11.414890789231226,76.22682381939433,2.3169850719158993,2.49413578617704,10.69148464871871
2015-12-26,14.090094437492246,74.51414500654583,1.3315809104563363,2.405948688904265,15.150157395820411
2015-12-27,9.0,70.46406986547296,2.860231733293726,2.0059518316845626,5.0
2015-12-28,16.629366936508806,76.0332312551128,2.586543207552744,2.494472896252167,19.38227822751468
2015-12-29,9.31552033267442,83.76770235911823,1.8659407420677192,2.125752091642375,7.192533887790703
2015-12-30,18.510259485286998,63.980307292523676,1.5632740158250464,2.3691805255414566,22.517099142144996
2015-12-31,13.00963971810065,84.33748494149265,1.7753171896183189,2.40559973662056,13.349399530167748
2016-01-01,13.36499905420647,95.44509169075147,2.1806028168693565,2.5588031245140495,13.941665090344115
2016-01-02,12.116798281746483,78.10423187946411,2.349670965886642,2.2139441218186287,11.86133046957747
2016-01-03,13.135883378233771,68.49340252614742,2.041715041046604,1.9861224033492293,13.559805630389619
2016-01-04,18.255594035444112,89.54238121366096,2.3549927015525722,2.5241513297308686,22.092656725740184
2016-01-05,9.0,92.8359491001084,1.891440939259079,2.363648735695082,5.0
2016-01-06,17.830896158264565,86.2794921168565,1.3893878407558913,2.207502718646369,21.384826930440937
2016-01-07,15.014070443305124,76.66800846158358,2.7813990020534987,2.1195936950711545,16.69011740550854
2016-01-08,10.378935056428354,86.16913653288941,1.790172426822428,2.409267584293127,8.964891760713922
2016-01-09,10.774062820852286,92.55167620904912,2.5129998764429784,2.251314773299111,9.62343803475381
2016-01-10,19.02917908162461,64.45453007923636,1.8473658006225913,2.1443113677437338,23.381965136041018
2016-01-11,11.163479360171806,88.75385270141675,2.1604488796855237,2.365677015989076,10.272465600286344
2016-01-12,10.539948468212122,88.05844076007995,1.7911544168725047,2.0695074514040437,9.233247447020203
2016-01-13,17.41194362709419,80.17653671078882,2.0884702035925162,2.2453653622624357,20.686572711823647
2016-01-14,15.015658628857743,68.0192593367567,1.7377576342467966,2.6906746496522747,16.692764381429573
2016-01-15,11.186223270390803,86.35665544886865,2.2201653415187055,2.3678535066738378,10.310372117318007
2016-01-16,14.649874926213856,87.8206640228542,1.7626968050474603,2.1539982982011936,16.083124877023096
2016-01-17,10.922741949079168,69.41114775786438,1.7605958761017755,2.2886911187778325,9.871236581798613
2016-01-18,17.302464195267817,79.74474912452463,2.2050744920552505,2.4692634292025497,20.504106992113027
2016-01-19,17.1841128946194,73.50221110949286,1.8311580425110692,2.3502474860936373,20.30685482436567
2016-01-20,15.596018596465829,69.19197740737751,2.3344253329704867,2.2269293129746375,17.660030994109714
2016-01-21,15.08498318374105,94.3856429552983,1.9796964021118613,2.2946725508569616,16.808305306235084
2016-01-22,19.283564374602122,77.05693991459383,1.6919010023472438,2.385691514585185,23.80594062433687
2016-01-23,13.999058982164676,98.48110310118938,2.4018084244102242,2.5836024776110653,14.998431636941126
2016-01-24,10.454377623737596,91.30109460792825,2.3357353732490718,2.546043276813488,9.090629372895993
2016-01-25,15.34842173849692,71.99155070947512,2.077624396295232,2.393215294573416,17.247369564161534
2016-01-26,20.25814114861134,91.96242985588286,2.1578627928648606,2.3811294400014016,25.43023524768557
2016-01-27,10.955721520442443,66.9491400623531,2.066751463646525,2.381190209888575,9.92620253407074
2016-01-28,12.915611699918042,74.23649381243465,2.11979559336025,2.1652624387146195,13.192686166530072
2016-01-29,15.249338114304358,77.39425575634571,1.9259707240792638,2.0268745029156054,17.082230190507264
2016-01-30,13.838285452982783,76.15113263881051,2.2598151054137614,2.0520812922507172,14.730475754971303
2016-01-31,11.053089258868056,81.97542773924589,1.2898069962102587,2.0853347033499534,10.088482098113428
2016-02-01,17.365573568691413,74.73437655007439,1.9901591042745468,2.327677240543043,20.609289281152353
2016-02-02,20.96012216605178,71.61410117873571,1.5298798169309806,2.296009612094331,26.600203610086297
2016-02-03,14.588394377071722,83.14283364985613,1.8078372516624155,2.0678866187323113,15.980657295119537
2016-02-04,11.287795130791999,85.13397557567028,1.9925687749083545,2.3844513088934067,10.479658551319998
2016-02-05,9.353118424839575,84.62855417434614,2.248724822474164,1.8965909534186711,7.255197374732624
2016-02-06,14.773927943663542,87.19842428554519,1.884627765014221,2.4741027860802776,16.289879906105906
2016-02-07,17.311632029948772,92.27539453540781,2.0963816090580605,2.1402773245857443,20.519386716581288
2016-02-08,15.425503239486146,72.86901255633167,1.721453398966665,2.516072960219159,17.375838732476907
2016-02-09,13.992788477243439,77.3502804968738,1.7851488739602228,2.2458561370206045,14.987980795405731
2016-02-10,12.232185044632082,94.1018264330378,2.288246922016525,2.4779290171798523,12.053641741053468
2016-02-11,10.723509101845732,82.1757570781504,1.9037609246965026,2.4179109490104627,9.53918183640955
2016-02-12,16.504253978974646,79.67935614795866,1.9265492827124413,2.623332189244081,19.17375663162441
2016-02-13,16.741314864156756,71.26266144701447,2.1244635589333036,2.166907639253765,19.568858106927927
2016-02-14,9.362810639927801,63.44561739376095,2.2745129020914714,2.7290686250424976,7.271351066546334
2016-02-15,18.769516934542054,87.5373732412121,1.9504368378681272,2.2399101530611056,22.94919489090342
2016-02-16,15.722213662682003,87.46397657693885,1.815590725144113,2.2499338435564016,17.870356104470005
2016-02-17,18.19878393543738,89.90519874697632,1.6474169523145004,2.429277751473997,21.997973225728966
2016-02-18,9.973616754544654,82.46570800298022,1.885420544224234,2.2064134922582057,8.289361257574424
2016-02-19,9.902527533753684,77.93603492796188,2.371219860711769,2.28449337918766,8.170879222922807
2016-02-20,13.55309207069811,77.37407308924756,2.511910633654433,2.2733651042246867,14.255153451163515
2016-02-21,15.508353280685583,92.71573601510731,1.8224624311826678,2.4507791274079067,17.51392213447597
2016-02-22,19.38908246878089,73.30842631505014,1.844864666380444,2.02996214145809,23.98180411463482
2016-02-23,16.118236741445394,88.9480940892326,2.4376384765390053,2.1262952841121945,18.530394569075657
2016-02-24,13.2719561695639,81.98631067749915,2.075488196676938,2.589303283173823,13.786593615939832
2016-02-25,10.920892377002325,87.31901129766419,2.303056015369945,2.376124703423826,9.86815396167054
2016-02-26,17.69000171815745,70.84226189445288,1.7234231323412161,2.062356061603595,21.150002863595752
2016-02-27,11.105883722747855,69.53112611679438,1.6756473995871284,2.319970349935889,10.176472871246425
2016-02-28,18.885405664316963,75.9410451738914,1.7140032637979914,2.3066608138161935,23.142342773861607
2016-02-29,13.146846051180471,73.5585136470028,1.664889627066274,2.3824385570128657,13.578076751967453
2016-03-01,18.77174621785355,79.9962291706605,2.5611936242846256,2.097244756328741,22.952910363089252
2016-03-02,16.036793870177835,86.22805641806522,1.8714788361663721,2.238738535853932,18.39465645029639
2016-03-03,13.589013531672625,90.94471048138904,2.2898299847653307,2.56207955231624,14.315022552787708
2016-03-04,12.44181088452162,67.44218607660939,2.1134405233832867,2.324886904923972,12.403018140869367
2016-03-05,12.97727636796176,69.79733499698219,1.927081753887168,2.417044489186274,13.2954606132696
2016-03-06,15.284950077125712,60.02029041211745,1.445670004684486,2.495756815688929,17.141583461876188
2016-03-07,14.23146948865315,77.21487172371211,2.0418495353895882,2.0660680608580897,15.385782481088583
2016-03-08,12.218565775793884,74.70936680978002,1.6082748840756618,2.599693354396498,12.030942959656475
2016-03-09,13.503105769047103,77.61047653784577,1.8865284493700143,2.278821215776625,14.17184294841184
2016-03-10,14.235731089157449,81.89755054164728,1.883726457000059,2.2371878762067965,15.392885148595749
2016-03-11,9.0,88.62945048226713,1.7511560093507932,2.4016015026691955,5.0
2016-03-12,15.374504344366096,81.86355355199653,1.944693644151675,2.358610552141532,17.290840573943495
2016-03-13,11.060836325849579,77.30026146468855,1.9240884613495945,1.982151015764523,10.101393876415965
2016-03-14,10.540002790382765,72.07107895082694,1.525983502896874,1.718767225243306,9.233337983971275
2016-03-15,9.0,70.49769517145681,1.81059362959508,1.9323839913173082,6.563278264446449
2016-03-16,9.0,82.93557157156579,1.9362968038701323,2.378526084632718,6.030537510660549
2016-03-17,9.933657490663133,74.81642842880949,2.2256378612025522,2.2465152361865037,8.222762484438555
2016-03-18,11.872937127108528,72.70768235380145,1.8701196783642702,2.141227135641811,11.454895211847548
2016-03-19,19.859777412579703,75.47725622989499,2.178532029338204,2.369771266663569,24.76629568763284
2016-03-20,12.422360972314388,76.26005882983597,1.8490883982703523,2.323326948541904,12.370601620523981
2016-03-21,14.533250318804093,79.66205470148516,1.9278181272201644,2.1749673255655897,15.888750531340158
2016-03-22,15.201444159518985,79.88067954799735,1.5996520978185018,2.2845528268475217,17.002406932531642
2016-03-23,14.393195558647546,81.5139784631021,1.9026493950588785,2.0024809389771816,15.655325931079243
2016-03-24,13.767669617822019,84.88907632257252,1.9125928849066447,2.416382815323503,14.612782696370031
2016-03-25,10.414118709202267,74.36313331372972,1.7670306133606828,2.419250477685204,9.023531182003776
2016-03-26,18.352782644837635,71.94644098434026,2.3299130395227636,1.9392780013593949,22.25463774139606
2016-03-27,19.421589930913655,72.8347778334228,1.7909649825224936,2.2681409584259056,24.035983218189426
2016-03-28,9.0,82.38615946271018,2.2105858552807938,1.8989031780829753,6.586706529386571
2016-03-29,10.92791422734086,74.64186529720564,2.56215266879799,2.4983150622708497,9.879857045568102
2016-03-30,13.160568972868981,79.5208846501803,1.9958405468171077,2.1520055778150393,13.600948288114969
2016-03-31,11.106386615269425,80.01330161067256,2.160159757852957,2.4620279892097288,10.177311025449043
2016-04-01,15.517896660367596,88.58666703007265,1.2525735515302694,2.6062838016809247,17.529827767279325
2016-04-02,11.81518339278016,63.1853037028728,2.00718362509368,2.4064385972628957,11.358638987966934
2016-04-03,20.49516820341981,90.96513827684394,1.9183175677597755,2.40998640677381,25.825280339033014
2016-04-04,17.57164578303079,75.14312205363274,2.057403224644071,2.211874745098222,20.95274297171798
2016-04-05,14.637722091896645,97.44483492211216,2.009891907738837,2.4377684406236835,16.062870153161075
2016-04-06,17.080958789959197,74.67903282079686,1.8572733357007223,2.433139366354128,20.13493131659866
2016-04-07,17.317701273071926,73.85174194370065,1.516106389508768,2.5904509703497345,20.529502121786543
2016-04-08,12.30815753582527,76.00101958162634,2.1272157125092153,2.2031360213181532,12.180262559708783
2016-04-09,11.551348266374106,90.82149147543764,2.224875084958721,2.147810162741406,10.918913777290175
2016-04-10,14.234429188908942,75.48819085862391,1.3259709670815414,2.3387643743203594,15.390715314848237
2016-04-11,16.584908373493832,71.79990633349342,1.8232777173064731,2.5821543357803,19.308180622489722
2016-04-12,14.417181195960254,68.70443185194591,2.2967330284744274,2.3633439914769037,15.695301993267089
2016-04-13,9.269010553427009,89.55279171671643,1.7483418053699036,2.424973323145628,7.115017589045014
2016-04-14,11.591526668147473,79.1230558410103,2.3001426187141387,2.569467179591493,10.985877780245788
2016-04-15,13.778081409216865,83.04833048179356,2.2176492737911144,2.2096895614989314,14.63013568202811
2016-04-16,13.773003187022509,56.47435052956007,1.7817768709372748,2.3644871076936504,14.621671978370848
2016-04-17,19.917626530369425,72.18376960623827,1.7015340466927258,2.7480801672094177,24.862710883949042
2016-04-18,9.842036172803006,78.36206359817601,1.9999130902804754,2.6103638436187238,8.07006028800501
2016-04-19,15.516767725507624,76.20930870392507,2.0895999284305637,2.2867899474353823,17.527946209179373
2016-04-20,18.46733932498487,75.98368821398556,2.2242446016519803,2.3655182119797336,22.44556554164145
2016-04-21,20.814349236268388,79.91453723612496,1.9668524163087908,2.2572043997992375,26.35724872711398
2016-04-22,12.786807730448116,74.82828949345146,1.6961123734968542,2.2724794934908483,12.978012884080194
2016-04-23,15.4742883581606,82.52092117888608,2.6082230749970416,2.2927204025973387,17.457147263600998
2016-04-24,15.70928107159594,88.19549462447748,2.055140873736151,2.2262322336144362,17.848801785993235
2016-04-25,14.586445194659872,83.45573793966625,2.1815881567793305,2.1623672819588013,15.977408657766453
2016-04-26,13.703464396282081,85.62813781552691,1.6590334322364628,2.5160921316342097,14.50577399380347
2016-04-27,15.307926168500138,60.59169715784529,1.4840606240109,2.3450924598335714,17.17987694750023
2016-04-28,9.0,82.86092480547902,2.0872967138627523,2.5817538256902677,5.0
2016-04-29,16.046208470187892,87.37138541372441,2.3426623496676005,2.59979716942922,18.410347450313157
2016-04-30,14.378533710985902,85.02652460039165,2.146025261216097,2.608868841730798,15.630889518309836
2016-05-01,13.332575309665204,91.72200255113594,2.107816492685689,2.528420353517558,13.887625516108674
2016-05-02,20.140586587158673,77.67598654436176,2.02442563111676,1.7871873933873976,25.23431097859779
2016-05-03,11.975197943628343,89.27014704229967,1.9867490243439514,2.4609233672044355,11.625329906047238
2016-05-04,12.790772032804908,70.71843398005723,1.8243725091171048,2.483390505154698,12.984620054674846
2016-05-05,19.974659906614203,76.82552596798594,2.0442150122243463,2.2177332267110867,24.95776651102367
2016-05-06,11.503816085450431,82.07783181527685,1.4833427175839504,2.427081390476097,10.839693475750718
2016-05-07,12.349654151190384,72.11775788483475,2.158986833059103,2.5812395673089776,12.249423585317306
2016-05-08,13.55892372970745,77.85010627707047,2.075969071020474,2.106634235930316,14.26487288284575
2016-05-09,16.522203446388648,86.56320042247059,2.2847959458429195,2.2410876758278797,19.203672410647748
2016-05-10,14.62340752205994,89.26940784497442,1.6467460976193369,2.534419289691277,16.039012536766567
2016-05-11,10.122123958543213,81.29706574860235,1.662550945693707,2.6091080558174546,8.536873264238686
2016-05-12,12.40349431061843,90.96922450182078,1.5055132763612702,2.1737533721036044,12.339157184364051
2016-05-13,12.177936700363366,73.40840889794885,1.6640251763127223,2.179161716085341,11.963227833938943
2016-05-14,13.768336864330863,79.58311029692152,2.293085884996026,1.9316060746837445,14.613894773884772
2016-05-15,15.277530975889487,94.34079305623347,1.5438156326694878,2.4714941735326836,17.129218293149144
2016-05-16,15.254617267663916,83.16886608976431,2.5685585765149446,2.4478135132884873,17.09102877943986
2016-05-17,9.0,86.09291376693974,1.82638428632609,2.141287121192187,6.119941229757989
2016-05-18,17.19182296268257,79.65268328220364,1.6019799738516953,2.1602274740828618,20.319704937804282
2016-05-19,14.75770653798987,82.89516479195868,1.790036695326764,2.3937496075065154,16.262844229983116
2016-05-20,18.15359614278172,86.44671647474092,1.7167427799193593,2.4786786847836835,21.92266023796953
2016-05-21,15.332594981872015,86.27604219248127,1.826569713460297,2.1238200307564923,17.22099163645336
2016-05-22,17.303968873207285,88.82601418011751,2.087265058443215,2.3287619544241234,20.50661478867881
2016-05-23,15.39963593435038,75.19315077849465,1.8088635536443578,2.4862129832328024,17.332726557250634
2016-05-24,18.038677268608247,71.05694367596449,2.0681024400720194,2.257156142296303,21.73112878101374
2016-05-25,15.566751908053336,72.76603809487497,2.2184989533291883,2.3351290705157184,17.611253180088895
2016-05-26,13.706254260671288,80.1697950226199,2.2522739015130036,2.861594769133775,14.510423767785479
2016-05-27,20.817304161340644,68.73795084083204,2.0640091789596045,2.279216483314168,26.362173602234407
2016-05-28,16.667111366839677,88.43948731254831,2.151061941764959,2.097515934014798,19.44518561139946
2016-05-29,15.72123326301324,96.06255813073321,2.534247158895196,2.0487113242143207,17.868722105022066
2016-05-30,10.171086750384992,75.1977326880085,1.844056274082333,2.1746525808742123,8.61847791730832
2016-05-31,10.135077147609387,81.58308283292945,2.21741507775349,2.1938040349748094,8.558461912682311
2016-06-01,14.87814644642556,80.72150918325393,2.2442641315590595,2.6625188790955523,16.463577410709267
2016-06-02,14.436563593304722,81.27319801056086,1.4747022964736032,2.1532661087941105,15.727605988841203
2016-06-03,12.157632304975051,71.14771220762675,1.7053056993373499,2.117780727852742,11.92938717495842
2016-06-04,14.42294809883618,92.98204648590819,2.231946034367479,2.24157738020236,15.7049134980603
2016-06-05,18.765880784130786,77.17826818544044,1.9288504255441048,2.537445513140848,22.943134640217977
2016-06-06,16.086207423650897,83.83310328522514,1.7642705658485192,2.373803253411216,18.477012372751492
2016-06-07,10.576974470741785,84.25837920706788,2.2311567185867287,2.4437648541672328,9.294957451236309
2016-06-08,13.665473518571169,79.0752860821872,2.53967772774249,2.4933963394148773,14.442455864285282
2016-06-09,11.585100557442317,88.52241630129133,1.5155980988829885,2.2818582731642665,10.975167595737195
2016-06-10,12.836900250774317,76.01268465505896,2.0695745226358233,1.8747647397548741,13.061500417957195
2016-06-11,12.759153003111072,80.99699957045682,1.91201115264244,2.1372761557210955,12.931921671851786
2016-06-12,12.567063252187985,79.0377240013378,1.9575147249440275,2.359082589921052,12.611772086979974
2016-06-13,10.234593884079816,83.54380444189013,2.402340163680647,2.4459099605991153,8.724323140133025
2016-06-14,13.617035955445429,94.12914689498118,1.849864134040891,2.333743750700532,14.361726592409049
2016-06-15,12.31817708945807,72.75261641732747,2.2377699061864074,1.9969945306747663,12.19696181576345
2016-06-16,9.0,77.48264335728618,2.0470192623998495,1.8960111801762907,5.0
2016-06-17,20.15891607350499,74.32857381144618,2.1215987671745427,2.5471277747157055,25.264860122508317
2016-06-18,17.266308962650015,78.31597281116993,2.2099420251408484,2.0850676366545495,20.44384827108336
2016-06-19,12.871097825225013,74.37358049157041,1.9952026243312153,2.131141868136139,13.11849637537502
2016-06-20,14.056457149221796,85.28210954644193,1.8330129102300325,2.3516569551577473,15.094095248702992
2016-06-21,10.485036958047314,92.52488926066536,2.1717168746112048,2.2238699711986643,9.14172826341219
2016-06-22,19.087168633432597,65.92601036161881,2.131268732814919,2.1550064314339434,23.47861438905433
2016-06-23,19.691866084319336,92.74372439266631,2.303884307025867,2.33452438124231,24.486443473865556
2016-06-24,14.470081184739573,86.95564695124486,2.2503767706372226,2.1693738905298905,15.783468641232623
2016-06-25,17.070591932556034,81.06117837920942,1.839119080886518,2.093007586728236,20.117653220926723
2016-06-26,14.525860336801772,69.27300099571764,2.053248521667344,2.0810824644829533,15.876433894669619
2016-06-27,9.989823683372208,74.17818986984507,2.1977133630782038,2.0435512784276684,8.316372805620347
2016-06-28,12.764529893109028,71.54063659993601,2.099492086023516,1.9197798708299305,12.940883155181714
2016-06-29,14.395783900315871,83.02399007990982,2.153085484748665,2.463843271057278,15.659639833859785
2016-06-30,12.636356843769667,78.92599487100239,1.818803561067601,2.19765536500104,12.727261406282778
2016-07-01,13.344040167694892,79.71616306372074,2.382995689845919,2.2966070922053614,13.90673361282482
2016-07-02,13.725801327472656,88.3169359506548,2.62922611398721,1.9490944651767266,14.543002212454427
2016-07-03,13.757364506403617,64.06396148566219,1.7423407579968475,2.0451818434471325,14.595607510672693
2016-07-04,14.15677547149245,78.61967364748811,1.858020955660685,2.1657757484150357,15.261292452487416
2016-07-05,10.818184800810197,70.17196963038108,1.8751213845470078,2.2864521119064527,9.696974668016995
2016-07-06,11.848951552616192,66.05143082350354,2.1209844405064664,2.2929516182521366,11.414919254360319
2016-07-07,10.146247202900092,71.57163873748503,1.9461784542581084,2.2264470928125952,8.577078671500153
2016-07-08,16.933446649058602,83.16708338814644,1.6789807661282607,2.490712218712628,19.889077748431003
2016-07-09,9.0,80.89527134045551,2.002789097361479,2.461351407174037,5.0
2016-07-10,17.460771029950777,85.18066502983878,1.723060684934121,2.5482693921365254,20.767951716584626
2016-07-11,18.15904819178853,82.65391840301918,2.101008864471977,2.1135744396291942,21.931746986314216
2016-07-12,13.093458239052136,77.30381718171093,2.5556559330449806,2.1182493136586267,13.489097065086893
2016-07-13,9.0,71.05443533951481,1.9150909148598994,2.166782427791458,5.0
2016-07-14,12.916068314098128,76.72959797876435,1.7564965819834915,2.398300806069954,13.193447190163548
2016-07-15,13.807447516133543,78.2891710076111,2.1982402088969266,2.506733747793975,14.679079193555904
2016-07-16,10.96820534021326,81.96934809066192,1.8741855417330018,2.2971534421825845,9.947008900355433
2016-07-17,12.454344818575272,82.7217051268149,1.7682640141709176,2.162633963732481,12.423908030958787
2016-07-18,18.590585596590053,79.00005083780135,2.0146712161077214,2.3452146970233456,22.650975994316756
2016-07-19,15.994781486905223,84.19904977116721,2.622406431547904,2.268352990820524,18.324635811508706
2016-07-20,11.2263076568657,72.62364596348867,2.118066924647726,2.349813868252676,10.3771794281095
2016-07-21,9.207202491213703,97.67095893426028,1.6709320292876204,2.4066589855707017,7.01200415202284
2016-07-22,13.018948047170687,86.86389120210781,2.0386722496197947,2.02217899350553,13.364913411951145
2016-07-23,13.359629661948686,75.31587554475631,2.290688677728321,2.0075786757731597,13.93271610324781
2016-07-24,15.488597562089948,76.1046042007922,2.2599592728369124,2.3962616266641064,17.480995936816583
2016-07-25,12.394049862297024,88.65630015285673,2.2283177388978075,2.344372099593488,12.323416437161704
2016-07-26,15.534498726085584,87.10544145222224,2.300560419296572,2.3111912725530894,17.557497876809308
2016-07-27,19.805462120180685,88.73351858603594,2.19183913561614,2.259455398170728,24.675770200301145
2016-07-28,16.446503067332788,82.30248713597013,1.7547477484191374,2.2368372802108074,19.077505112221314
2016-07-29,13.855734478007681,72.31791527103016,1.8839457111739484,2.0278763724689934,14.759557463346137
2016-07-30,13.450548586840116,69.05543124837017,1.3597015646801456,2.1572561687413208,14.084247644733527
2016-07-31,12.929980597460386,81.7250968962548,2.1400965829544343,2.2704062224073684,13.216634329100645
2016-08-01,17.541922737356433,91.69066816562618,1.8519487494902065,2.480434141060434,20.903204562260722
2016-08-02,12.118059662146091,72.28079051991276,2.023881911328156,2.5021032498796862,11.863432770243485
2016-08-03,14.135668126999947,76.79090642887496,1.961767909001881,2.5552250546714346,15.226113544999913
2016-08-04,14.153593705643257,70.89245980524085,2.070907580583112,2.661217671979906,15.255989509405426
2016-08-05,12.494647421565404,84.5006443370282,2.248709912147074,2.702941496330408,12.49107903594234
2016-08-06,9.882603356347698,70.71180645230321,2.532293464830539,2.4022489554160367,8.137672260579496
2016-08-07,14.968923510853005,72.80521342911564,1.8109669914886195,2.389245169070813,16.61487251808834
2016-08-08,13.816988084433849,60.51686072759176,1.3043508337175644,2.7458020099956366,14.694980140723082
2016-08-09,15.50072140830971,69.38250847945207,1.740540552901825,1.9145005721444837,17.50120234718285
2016-08-10,12.3991990806825,78.2455826412838,2.16450270937274,2.2476016740149625,12.331998467804166
2016-08-11,17.662463896439142,77.60380169086328,1.6518654588837938,2.008627213293272,21.10410649406524
2016-08-12,11.369678656364465,78.61834143470055,1.8404138131244028,2.1768438230347478,10.616131093940776
2016-08-13,19.13612085205368,73.20705422995715,1.702600134151752,2.592344031892834,23.560201420089463
2016-08-14,9.0,79.84229792456006,1.974847115325044,2.2996364720108495,6.2618174508586915
2016-08-15,15.304310193670673,82.19901512785654,2.140566738509915,2.415032694707628,17.173850322784457
2016-08-16,15.42629204757987,81.26852255285519,1.220823947961545,2.3210027893038316,17.377153412633117
2016-08-17,11.613328796177353,78.19557358998884,2.474492036677868,2.4547338491911788,11.022214660295589
2016-08-18,15.273181813583038,77.22069544894613,1.9508183191114699,2.2930180853593938,17.12196968930506
2016-08-19,17.838556009280477,90.65149921448092,1.949553761270911,2.152210138192496,21.397593348800793
2016-08-20,9.0,92.03662031623433,2.017654110960102,2.498572775030165,5.0
2016-08-21,15.508234422472444,91.02667620285754,2.206424137978,2.4963524083307123,17.51372403745407
2016-08-22,9.0,74.53548547972532,2.2432764291228295,2.338599105238462,5.0
2016-08-23,11.103005589430376,70.41332566027982,2.428575277945246,2.5351460299436446,10.17167598238396
2016-08-24,18.887499094702836,84.8919540470358,1.7399907844108644,2.1502946975459274,23.145831824504725
2016-08-25,12.254653899823838,87.83995747753903,2.118336354327247,2.3027871362270385,12.09108983303973
2016-08-26,10.478360106773081,89.9133660852936,2.166364481085898,2.414507245892699,9.130600177955138
2016-08-27,13.406186813045954,88.59427490572175,1.4947718893603295,2.249164049573168,14.01031135507659
2016-08-28,20.203719014490655,68.33558376407304,2.004820199357137,2.3950470788025306,25.33953169081776
2016-08-29,9.0,68.12077704365012,1.771676507704438,2.457977159202561,5.84158876396987
2016-08-30,10.846070265081966,74.18575470527529,2.099653781943249,2.423576719640099,9.743450441803278
2016-08-31,18.49229504953888,95.95932678958766,1.9939138641753822,2.039174654936817,22.487158415898133
2016-09-01,19.573107030613198,81.83871307469134,2.132015925374309,2.270227776118172,24.288511717688664
2016-09-02,13.689706327129148,77.94376841295366,1.8054020388120355,2.2296136664614608,14.48284387854858
2016-09-03,10.282841892420073,78.04600161017511,1.713489107152057,2.1363188058709377,8.804736487366789
2016-09-04,20.287530505427476,78.29603867872014,1.6927182653281254,2.315126412076139,25.479217509045796
2016-09-05,18.783327175247592,86.0225754208676,1.9364093288439181,2.586824014501443,22.972211958745984
2016-09-06,16.0368409632867,64.92432944747794,1.7522740745635552,1.97954370682197,18.394734938811165
2016-09-07,11.56279295318774,83.6734741981728,1.6848257643227038,2.155937580923835,10.937988255312899
2016-09-08,13.85291197748589,75.68300308751631,2.1229070315430953,2.3455736973596446,14.754853295809816
2016-09-09,13.518919756865508,88.47063757973774,1.6770769914680965,2.1688094847034582,14.198199594775847
2016-09-10,14.992553913846733,69.02000625074405,2.203557520674921,2.331483627955859,16.65425652307789
2016-09-11,18.353004314394006,70.20768632629192,2.151405940587083,2.29568048443772,22.25500719065668
2016-09-12,16.63825112341221,85.37820046077975,1.9139799276563592,2.439972528402267,19.397085205687016
2016-09-13,10.767871769045726,82.02975760540467,1.8613433582418226,2.0398009072224834,9.613119615076208
2016-09-14,18.129489350058613,79.1093581416903,2.416935358766411,2.0661327078789635,21.882482250097688
2016-09-15,14.939396420039467,92.8653691334676,2.021836955386099,1.9641628884510898,16.565660700065777
2016-09-16,16.061197387576748,89.92526033375198,2.471371566170729,2.537877157877056,18.43532897929458
2016-09-17,18.399622577835807,86.53523467452982,2.4102265233657887,2.5715919956247877,22.332704296393015
2016-09-18,10.665259251459347,62.55802555695529,2.201537678783796,2.1360649957398126,9.442098752432244
2016-09-19,13.89252326388061,67.7883383733789,2.218817650904892,2.619461238566062,14.820872106467686
2016-09-20,12.405636345922355,97.39885575149808,1.9986042643216722,1.9199465011796206,12.342727243203925
2016-09-21,9.296421723903633,79.34542934968269,1.6656370226470596,1.942887330970208,7.1607028731727205
2016-09-22,15.040129932814759,78.5454743404253,1.6999462361571283,2.4634959648536805,16.733549888024598
2016-09-23,21.534669654753273,73.38675178127416,2.014890277452798,1.8216752267762804,27.55778275792212
2016-09-24,9.0,82.78804746468333,1.700971564041323,2.316486014164081,5.799611277471236
2016-09-25,13.90315816685159,83.29751854691187,2.070126791965586,2.4852756875778796,14.838596944752648
2016-09-26,15.92162880522432,88.44003741746214,2.0089684965621037,2.1934592776717086,18.20271467537387
2016-09-27,14.369234604968543,65.24313713985757,2.0280819228127025,2.4783491275828444,15.615391008280906
2016-09-28,13.66061584245278,81.13432418571382,2.2194997754193104,2.2501435064761504,14.434359737421298
2016-09-29,10.102350909662526,85.19817981912284,2.245175338664607,2.265089635395204,8.503918182770878
2016-09-30,14.69836022882049,79.22988042076834,2.192397133400598,2.0737504810012806,16.163933714700818
2016-10-01,11.72970806895222,76.34695858104057,2.0730765918782805,2.245414173507519,11.216180114920368
2016-10-02,9.0,70.55217407826683,2.6527801553265276,2.4439471064308145,5.0
2016-10-03,17.583776661541194,80.58340521040748,1.965917905178004,2.2861062159074317,20.972961102568654
2016-10-04,16.87515745952613,80.41299025404918,2.6014715112320963,2.3275565689789137,19.79192909921021
2016-10-05,14.15498293055324,89.8998205802205,2.135869728566546,2.124543652626624,15.258304884255399
2016-10-06,14.687224064617109,78.5842675159796,2.194801423116562,2.087587869383036,16.145373441028514
2016-10-07,17.222954038146685,89.76262184338817,1.8870971100159255,2.796686229880932,20.371590063577806
2016-10-08,14.673018970334248,85.82094320752098,2.480065409404916,1.8900200756656407,16.121698283890414
2016-10-09,16.712052664283945,79.03347671654191,1.878524900541853,2.453302723563918,19.520087773806573
2016-10-10,13.10755339737845,92.50233739083009,2.5442926169737485,2.494606485780613,13.51258899563075
2016-10-11,17.93595121572184,85.01866330009788,1.954600876887765,2.448998351405842,21.559918692869733
2016-10-12,14.96235717779805,79.08778871950928,2.0325759004536503,2.543242932636343,16.603928629663418
2016-10-13,14.582155830817623,78.19368785251419,1.6328513451179785,1.8787587310781455,15.97025971802937
2016-10-14,10.189816733863903,64.10562320638189,1.697361659695597,2.1926766354572043,8.64969455643984
2016-10-15,14.860867562905126,85.31386126592828,2.1711185768131913,1.9485230840927212,16.434779271508543
2016-10-16,11.504135247516647,76.49018866839528,2.0029507444237575,2.356085726629962,10.840225412527744
2016-10-17,12.085151820414517,67.3770803410755,2.0895438680218303,2.100114607737037,11.80858636735753
2016-10-18,11.553873115051637,69.89135866651456,2.304373209893408,2.1215627064388483,10.923121858419394
2016-10-19,10.801295204302324,78.29663687916407,2.3954169914125085,2.115610028582155,9.668825340503876
2016-10-20,20.374314209050887,72.45122620535551,1.7477104310772411,2.4112564167850525,25.62385701508481
2016-10-21,17.99401718596521,88.03437870218013,1.7716205229379678,2.3973409141138613,21.656695309942016
2016-10-22,19.761102506432785,84.539938497404,2.246964140825355,2.3857156082421525,24.601837510721307
2016-10-23,10.331314941333307,74.43549370222807,1.8698300728348576,2.266522459240711,8.88552490222218
2016-10-24,14.213761249732677,82.5905921440071,1.686655273482854,2.2004979288252495,15.356268749554463
2016-10-25,10.119477124387712,90.95462872024922,1.7294845476879597,2.3237948368080854,8.532461873979521
2016-10-26,11.912915368408807,79.00691679297111,2.2706163588588044,2.1774460841590986,11.52152561401468
2016-10-27,11.245619049750275,79.59826812175072,1.9663855856427122,2.3378131067180927,10.409365082917127
2016-10-28,17.718752019324683,68.1503873575134,2.229325606725439,2.2824333591789148,21.197920032207808
2016-10-29,12.81131096569472,83.70514200457946,2.448081862704293,2.2132938286121093,13.0188516094912
2016-10-30,17.205138001082048,78.80050426099746,1.9477883874503643,2.280188588719425,20.34189666847008
2016-10-31,15.812362668765553,66.98814056604348,2.2631355763459373,2.6359948697094167,18.02060444794259
2016-11-01,20.910916256314366,77.59865533047366,1.8118227904639836,2.28466752444843,26.518193760523943
2016-11-02,9.561667330580828,77.84788081783029,2.223906233560789,2.679259202833002,7.6027788843013795
2016-11-03,17.777699719360395,85.2848457381708,1.8157311329757024,2.1136874956516327,21.296166198933996
2016-11-04,17.439322611202183,78.07654562490966,1.7494693524435811,2.156261231764932,20.732204352003638
2016-11-05,11.079863485918896,76.42084417295791,1.9265757302891944,2.586156952955034,10.133105809864826
2016-11-06,17.02140000941948,70.63244665999574,2.2883200333770533,2.6330385922750335,20.0356666823658
2016-11-07,15.008434889078686,77.01699201314368,1.7433783802499572,2.4800539783117825,16.680724815131143
2016-11-08,13.317571220139776,81.29243426061838,2.076968174953469,2.3699811788394247,13.86261870023296
2016-11-09,11.528193539084,79.07450216077139,1.7871470301335761,2.507638888152339,10.880322565140002
2016-11-10,11.842671645652443,71.27328555126743,1.7277160304941113,2.323680734068569,11.40445274275407
2016-11-11,20.14943628735778,75.34936534965512,2.364616699544604,2.4394325693210654,25.24906047892963
2016-11-12,14.002048456872448,82.51834908636032,1.863477858866272,2.4412228702656535,15.003414094787413
2016-11-13,16.346390004594376,85.64306667064434,2.4285358908207026,2.64384721737299,18.910650007657296
2016-11-14,11.627301854997341,78.9056676459778,1.8455571913169286,2.652828378112382,11.045503091662233
2016-11-15,11.660441161335083,90.72043787147688,2.349295395137985,2.272349757129614,11.100735268891807
2016-11-16,17.245954427749826,79.60878445454618,2.1704958345746084,2.052633353267282,20.40992404624971
2016-11-17,9.951271365345404,78.48398778524174,1.5662745185245508,2.166694769610868,8.252118942242339
2016-11-18,12.754358696284186,76.84264109208083,2.1381984288022946,2.524268466754482,12.923931160473643
2016-11-19,14.102082233216697,68.50659522237343,2.0579133427266045,2.4995552784220054,15.17013705536116
2016-11-20,14.334117805520158,81.30768447852978,1.7777913785054387,2.4573896548707093,15.556863009200262
2016-11-21,13.46272014495153,97.64567754235877,2.277654353873374,2.4612954418038204,14.104533574919218
2016-11-22,15.18745934328777,68.58076468495439,2.3048911287697047,2.439309257087734,16.979098905479617
2016-11-23,16.078567267453433,90.89777579126434,2.1510554639146475,2.366821142070416,18.464278779089057
2016-11-24,16.20391263637799,60.25524013830395,1.9871294502837096,2.655011887066201,18.67318772729665
2016-11-25,11.04258857399652,76.9762984102725,2.564595123538693,2.481114101139717,10.070980956660867
2016-11-26,13.147534706213609,81.01708660886547,2.1412194321977194,2.0642197980197987,13.579224510356013
2016-11-27,17.584288585630812,82.61233893205964,2.342342739185964,2.546402627715762,20.97381430938469
2016-11-28,16.683941562721618,68.7825519862867,2.146299879438353,2.6920877456384815,19.47323593786936
2016-11-29,9.88142164555681,86.29307865002912,2.5643156650098318,2.0220544058773333,8.135702742594681
2016-11-30,15.054439701056605,80.9764245846899,2.0637308341829574,2.0726141772676163,16.757399501761007
2016-12-01,9.0,76.45302007341115,2.166052276524899,2.601768801777002,5.108873753125948
2016-12-02,14.14080470618111,86.57483276591903,2.7505428419935085,2.005008195313637,15.234674510301849
2016-12-03,19.69330105023793,81.27959584884783,2.195300572442055,2.4420953748936887,24.488835083729885
2016-12-04,11.156321848193041,79.09462918936408,2.307065692024582,2.025898289284687,10.260536413655068
2016-12-05,11.497030863525254,82.70976037826982,2.0766298227676416,2.324673404829429,10.82838477254209
2016-12-06,16.29208934471858,72.64732022694558,1.7148806676798225,1.9728269768907403,18.820148907864297
2016-12-07,9.371595454371063,93.32038996997915,1.4272729603477743,2.1451194603060046,7.28599242395177
2016-12-08,12.101734910344883,89.16682114521896,2.543489135247698,2.3653152279803975,11.836224850574805
2016-12-09,15.789323412745258,76.61789716136643,2.0866923455894555,2.2550493831330196,17.982205687908763
2016-12-10,12.09714245693179,84.09726308054583,2.446207406073681,2.2053444393203536,11.828570761552985
2016-12-11,13.292090038367085,76.62084960922611,1.9122915663298117,2.6134022607284098,13.820150063945142
2016-12-12,16.232557130945104,80.94049122632613,2.4688052136811356,2.249219710681355,18.720928551575174
2016-12-13,15.264638250609684,75.87492293914464,1.7568257202806776,2.185491569251419,17.107730417682806
2016-12-14,14.800455188886206,78.88666747500237,1.8569788533726483,2.481607815098718,16.33409198147701
2016-12-15,12.982633162189885,74.98435731764899,2.134673645522115,2.24581150895597,13.304388603649807
2016-12-16,15.110183345806867,82.17597549061082,2.2126718843333113,2.5661963645268653,16.850305576344777
2016-12-17,13.62880195970073,95.19813001203543,2.240431087151515,2.134759168820482,14.381336599501218
2016-12-18,15.373416829777355,90.71780763241303,2.1265324898714715,2.2201421967278305,17.289028049628925
2016-12-19,12.509203924646066,71.3460198086852,1.976720453025325,2.2192050069207188,12.51533987441011
2016-12-20,13.452293076861377,78.5741610493446,2.2093876664807457,2.242951623541406,14.087155128102294
2016-12-21,11.030126622343959,75.5067333712684,1.7449185542359034,2.311222687248852,10.05021103723993
2016-12-22,13.894977169981292,70.1577739104365,2.05154494423892,2.343306876525889,14.82496194996882
2016-12-23,11.566997409113466,82.20598132141791,2.0390071428208625,2.294760316641508,10.944995681855776
2016-12-24,10.65786064951402,76.72566008460188,2.5135265926048276,2.5693127114220586,9.429767749190034
2016-12-25,14.775983443566165,85.82472899818784,2.0432832842451276,2.2116412207357654,16.293305739276942
2016-12-26,14.638219327572981,66.975898877243,1.7740194775767912,2.455235355223696,16.063698879288303
2016-12-27,16.348621204845717,91.93783917413882,2.1509683619018123,2.2506886733274394,18.914368674742864
2016-12-28,12.706623291274703,85.62918825780339,2.4658846388353406,2.816841442540221,12.844372152124505
2016-12-29,15.224158540510267,78.58885485287733,1.8594302218212726,2.4140198904372983,17.04026423418378
2016-12-30,15.652392716820989,87.87271075382915,2.1243151163209775,2.434455412652872,17.753987861368316
2016-12-31,15.334321423494785,77.39763450462402,1.7579651466997523,2.124358044956683,17.223869039157975
2017-01-01,11.523038951593573,87.40642476905431,1.688846018912274,2.3306127442834845,10.87173158598929
2017-01-02,14.448090446813566,84.38188351890423,1.8097876872012646,2.922919715766947,15.746817411355945
2017-01-03,15.092420888163984,92.88282687747245,2.473602426490469,2.944648238661796,16.820701480273307
2017-01-04,14.021535400723826,85.18374103386842,1.8095281069831808,2.358049803309309,15.03589233453971
2017-01-05,9.0,85.59062988840427,1.5433377785494338,2.749076889593381,5.0
2017-01-06,14.48146887192044,75.24195323698089,1.7358042317536282,2.512760969724025,15.8024481198674
2017-01-07,20.637593118191727,85.0184146005189,1.6740472436870542,2.633874121026911,26.06265519698621
2017-01-08,12.919882193729052,78.93276298486771,2.119661007885278,2.7513326922508137,13.199803656215087
2017-01-09,11.815768706434037,78.34500083684507,2.5784517292127687,2.33100779571137,11.359614510723395
2017-01-10,15.120045679134195,79.88478490131168,1.886557353791915,2.9092704523826978,16.86674279855699
2017-01-11,14.937134631399715,77.65725865049998,1.744359621550821,2.512824296608587,16.561891052332857
2017-01-12,17.578205496249243,79.18920067907469,2.102840078934297,2.5948286807646768,20.96367582708207
2017-01-13,10.226395532273337,67.24485962983199,2.127461310469479,2.317957544813921,8.710659220455561
2017-01-14,16.194140757724977,87.40436308335835,2.4769041161050933,2.429967445657677,18.65690126287496
2017-01-15,15.77126618375439,70.25365815952347,1.9676846769857568,2.8729028830980634,17.952110306257318
2017-01-16,13.573560389178361,76.33733967309205,2.5891108916331778,2.7402863814054648,14.28926731529727
2017-01-17,15.01606195376507,86.03541771934655,2.0357751706771774,2.4590432998904967,16.69343658960845
2017-01-18,17.08837244479507,77.27697945520221,1.7721516600833231,2.734034134211366,20.147287407991787
2017-01-19,16.61694614008535,68.10750651345887,1.7636436980107055,2.615311935363257,19.361576900142254
2017-01-20,10.570942063778814,86.85866528374048,1.7186018212246634,2.789092724230377,9.284903439631357
2017-01-21,16.460474560266455,84.99777453478889,2.1141061634416927,2.520038196953617,19.10079093377742
2017-01-22,13.805934184902444,95.90320485915822,1.5344412910120717,2.236488644016147,14.676556974837407
2017-01-23,14.218622294046547,70.41333612054032,2.3743255555282223,2.8692995665089267,15.364370490077578
2017-01-24,14.219590973005083,85.53252600598033,2.5398435164391513,2.4896813049019806,15.365984955008473
2017-01-25,13.549271033605221,70.45040756490259,1.8974468496450458,2.6296123337527426,14.2487850560087
2017-01-26,17.575122491321196,74.82030417613556,1.6442450617550664,2.4884565026012444,20.958537485535324
2017-01-27,13.748846120452363,65.50558420386814,1.8681238993608913,2.8697942377067505,14.58141020075394
2017-01-28,10.641361614850494,93.73657997048484,2.301308562064667,2.464542454091811,9.402269358084157
2017-01-29,12.819410432090814,71.49396156612559,1.9827408468832153,2.429745731121712,13.032350720151356
2017-01-30,14.536084150431426,91.84463201305749,2.1608054222493367,2.6867543178149096,15.893473584052378
2017-01-31,17.68764435289115,80.71399449637262,2.1188441822408315,2.508214915120451,21.146073921485254
2017-02-01,15.8092840548465,75.63523869602697,1.5380804810441429,2.3357556298242654,18.01547342474417
2017-02-02,11.448394163758868,87.05038747898251,2.1769330498393504,2.3590385747675082,10.74732360626478
2017-02-03,21.455569750036673,83.89905892375901,2.4441709657733237,2.7087372292251737,27.425949583394456
2017-02-04,14.794325932933939,86.30266151694424,1.8020880828385883,2.6528386111472644,16.3238765548899
2017-02-05,17.826172213997044,72.68109750235219,2.180293475912686,2.5228997343209034,21.376953689995073
2017-02-06,13.544856699268312,73.68035891899224,1.7908687267118093,2.492530430538839,14.241427832113855
2017-02-07,15.600077734116349,81.36725517336993,1.6178868286201828,2.284423167251824,17.666796223527246
2017-02-08,16.518405513555216,79.37576553584482,2.2490721006592516,2.33384843030096,19.197342522592024
2017-02-09,17.654584135262766,78.83395908971414,2.171551738816105,2.794617372031101,21.09097355877128
2017-02-10,17.172104916134675,71.74066534547273,1.7114996197896588,2.5196623982349995,20.286841526891124
2017-02-11,16.616591000218932,86.43487721006913,1.5393391626394397,2.2413372742325253,19.360985000364888
2017-02-12,13.054739806417674,91.60360569722229,1.6302325646972677,2.4919569811592126,13.424566344029458
2017-02-13,12.284761874131815,79.04717676605433,2.048959924063476,2.6387440268836553,12.141269790219694
2017-02-14,14.997822530972593,68.3620308276134,2.1082144547418804,2.590144960878767,16.663037551620988
2017-02-15,16.79938421702321,84.00716520495678,1.9975082607405787,2.6878826488475966,19.665640361705346
2017-02-16,13.331837897670178,83.95695086544521,2.055553714982526,2.4787001963102497,13.886396496116966
2017-02-17,17.19551589714316,72.88317661135046,2.244987121477095,2.107926303427199,20.325859828571932
2017-02-18,18.35785023645854,76.49736709540021,2.184073744009241,2.246434759535753,22.263083727430896
2017-02-19,11.251037242779741,74.6585601862012,1.938632271046946,2.5519240464562247,10.418395404632902
2017-02-20,11.48923788861116,88.64521929660509,1.9314751822772602,2.4525079154376432,10.8153964810186
2017-02-21,13.578874823283991,97.44992549962822,1.606992059099537,2.4551898973323953,14.298124705473318
2017-02-22,14.92283800456759,90.34260692066252,2.3464279477085737,2.3130682724262708,16.538063340945982
2017-02-23,12.426298958698847,86.35907277585522,1.9661138509150913,2.7368668088381267,12.377164931164746
2017-02-24,18.056608036601432,70.47939042541532,2.496818777272214,2.192319873099575,21.76101339433572
2017-02-25,15.272200584555353,80.38321976232996,1.9391215403511197,2.682987360323402,17.120334307592255
2017-02-26,14.11834114472222,78.7761126706371,1.991534573350376,2.551436847028042,15.197235241203698
2017-02-27,9.692271428394417,84.33445243560179,1.7498060036805583,2.4786070535650038,7.820452380657362
2017-02-28,10.052552550717479,80.6939204348877,2.155918834796174,2.7900269043289647,8.420920917862464
2017-03-01,14.843027750845419,80.40244276143851,2.3730174106157214,2.597350264383616,16.405046251409033
2017-03-02,9.0,83.77540496622927,2.152929700481842,2.3559109978405495,5.0
2017-03-03,17.037912228932214,79.72317708573215,2.5318334210209335,2.4241840556340417,20.063187048220357
2017-03-04,13.52553846688304,77.66330648562976,2.0411612931027325,2.364265788700073,14.209230778138398
2017-03-05,23.7292789087842,85.85752240632173,1.769236047885365,2.531974896911957,31.215464847973667
2017-03-06,20.923748751848333,77.4731303675268,1.949888286740177,2.477476200895735,26.539581253080552
2017-03-07,13.45565279225745,72.11575499027421,2.380915406704667,2.3555144418765956,14.092754653762416
2017-03-08,13.680988992406055,70.9701408719815,2.034411984928059,2.3064980431953654,14.468314987343426
2017-03-09,16.98674454200609,82.35019048192092,2.202454301252207,2.8038720910700516,19.97790757001015
2017-03-10,19.10951782975411,94.60659115528773,1.9420024374262481,2.808798270151198,23.515863049590187
2017-03-11,9.08591282769195,90.10895215797926,2.0455940159893555,2.573440324368102,6.8098547128199165
2017-03-12,9.0,75.3785779856022,2.127980481194294,2.793355772704872,6.068122673226567
2017-03-13,12.133895583336855,83.12306915833447,1.9449436456005234,2.7247664062298926,11.889825972228092
2017-03-14,15.748212749521594,71.84427994984102,1.8524348667193613,2.7636534831228956,17.91368791586932
2017-03-15,15.490620771522792,91.4420938318049,2.1390707351455602,2.876755220432031,17.484367952537987
2017-03-16,17.209314364951553,73.47951818357988,2.3606128948147718,2.5648368421845045,20.34885727491925
2017-03-17,10.400907414904076,72.07995803752651,1.5370297110402018,2.6030453470619026,9.001512358173459
2017-03-18,9.0,74.37435860170164,1.6437289468561063,2.3027570527873262,5.0
2017-03-19,16.574042585906437,72.02975202869948,1.755892293606896,2.287241078520931,19.290070976510727
2017-03-20,11.515411181104296,86.874081102819,2.0325295553497504,2.611375424214521,10.859018635173827
2017-03-21,9.0,93.54063744020074,2.3778692617663255,2.559902528329424,5.0
2017-03-22,14.435191237878145,85.683159924094,1.4791393379703937,2.573348185717167,15.725318729796909
2017-03-23,16.37952706465603,73.24006041252795,1.534593390376862,2.5145713060641888,18.965878441093388
2017-03-24,13.633828603636168,75.39602174600763,1.8496158204933395,2.6400957438664903,14.389714339393613
2017-03-25,12.626454841452531,84.41871595457636,2.5496525547785103,2.3749525083008964,12.710758069087554
2017-03-26,13.52191330356228,81.53937605210844,2.3883215330957235,2.507086049206447,14.203188839270467
2017-03-27,12.88825171279765,72.3209312004474,2.0434879708904634,2.584360861030653,13.147086187996086
2017-03-28,9.955858664179498,78.294956394153,1.5765692190858411,2.5376736363171655,8.259764440299165
2017-03-29,11.855957969028704,80.3333865433157,2.4625343547902596,2.4984610753605034,11.426596615047842
2017-03-30,15.563839715041443,86.97999925789627,1.8101116054764494,2.429004131586238,17.606399525069072
2017-03-31,14.9650356241295,78.82387057117877,2.5640644296949016,2.649336941718095,16.6083927068825
2017-04-01,14.504179417900462,79.20638094604612,1.7718790976635561,2.434246273282728,15.840299029834101
2017-04-02,11.014554554439862,79.60130727028813,2.2814408801316874,2.5723379015336207,10.024257590733104
2017-04-03,13.455490513592999,83.58383025421956,1.8846980586380528,2.5231212165073096,14.092484189321665
2017-04-04,9.0,87.73338561772974,1.5912009730682906,2.441825097667523,5.0
2017-04-05,14.53542999165617,74.41723194364332,1.9023247499777303,2.3090529684212995,15.89238331942695
2017-04-06,18.286573123440704,74.94188720157803,2.301067231409588,2.637527811726207,22.144288539067837
2017-04-07,9.577603603873683,77.56958426933704,1.3973425820053094,2.301293788132881,7.629339339789471
2017-04-08,12.242216980046734,82.77661991198897,1.7659198612620648,2.5619794559171276,12.070361633411224
2017-04-09,14.987320336130388,85.19055960345608,2.2031403670338587,2.726355021198687,16.64553389355065
2017-04-10,17.758527903282452,93.19204806202863,2.2837316819910973,2.441132446986954,21.264213172137417
2017-04-11,12.655326151099551,90.01676141263098,1.8968897266835387,2.587273679996927,12.758876918499253
2017-04-12,11.92324901220231,77.78852352749561,2.2748492016164468,2.603215949183143,11.538748353670519
2017-04-13,9.0,74.61602856793586,2.507195896986901,2.9056334747565273,5.155384287919585
2017-04-14,14.310314387924318,71.52477314723276,2.3649809650541846,2.75064731835858,15.517190646540532
2017-04-15,20.126228120431232,85.1173292352913,2.1392338421938724,2.52706428007987,25.21038020071872
2017-04-16,14.832075385894028,89.68943036138175,1.3631981943583198,2.3994881911988144,16.38679230982338
2017-04-17,13.93316306244886,76.12438326019664,2.2477928862943193,2.3395774197293226,14.888605104081433
2017-04-18,14.966246932300956,90.25352304581986,2.1311105156544587,2.280246996859991,16.61041155383493
2017-04-19,13.966723988154193,77.6685150425392,2.129146986782676,2.4157947049217428,14.94453998025699
2017-04-20,11.56095688321961,80.0546822822199,2.3131798165906576,2.8351390259987577,10.934928138699352
2017-04-21,16.469839747033117,86.91629944083863,1.9493070007422821,2.4649635356063104,19.116399578388528
2017-04-22,14.677284569335264,66.6120246967074,2.3005089442607667,2.492008119945207,16.12880761555877
2017-04-23,14.052839755800973,77.91943455214727,2.078202878021953,2.2327531339482802,15.088066259668286
2017-04-24,11.07390191816525,80.89202687293441,1.9937323148593735,2.638618978987493,10.123169863608751
2017-04-25,17.910523795804277,73.35591589996847,1.7131224589470309,2.614133897477302,21.517539659673794
2017-04-26,15.99410823599933,87.93046422476974,1.6068468900544328,2.4338091927066303,18.32351372666555
2017-04-27,12.341237487898095,82.0350960710856,2.041263164774385,2.5954740656435145,12.235395813163489
2017-04-28,17.005474561045812,81.71120118534408,1.9596561235897538,2.351171581976167,20.009124268409685
2017-04-29,12.507287484844378,83.6903163706804,1.9620140447854888,2.2850607836877166,12.512145808073964
2017-04-30,11.653989522466889,90.23176270349248,2.081920425849289,2.768533226289472,11.089982537444815
2017-05-01,11.720890647559138,66.75698935312094,2.3269687927371066,2.715975302915636,11.201484412598564
2017-05-02,9.0,86.73352735607277,2.307239402825304,2.5285600728612603,6.144657234559544
2017-05-03,15.414627141254616,72.7664983550843,1.7996483909159227,2.132236397836969,17.35771190209103
2017-05-04,9.0,74.58282507089085,1.9154595174379212,2.7337035878386735,5.84427560830825
2017-05-05,10.314668506202711,84.15267842432935,2.065223560126054,2.2007311285648217,8.857780843671186
2017-05-06,9.0,97.29697011354072,2.070670666627856,2.545504490769481,5.0
2017-05-07,13.74179092162732,76.89457346007941,1.9428925277670392,2.6782260719495787,14.569651536045535
2017-05-08,13.549038619184383,68.8833024782954,1.887565814904916,2.5815011511893675,14.24839769864064
2017-05-09,13.019911360440908,80.76561307206838,2.1799411943690137,2.925852335083397,13.36651893406818
2017-05-10,10.872266915988272,94.52679855918959,2.497431903875933,2.069728054823289,9.787111526647118
2017-05-11,10.48329873969008,74.94384071071235,2.2750827876175017,2.4349456439898884,9.1388312328168
2017-05-12,15.393109590639723,80.39785335247258,1.8067935737010643,2.7741923606585357,17.32184931773287
2017-05-13,12.348344204874536,86.6834121693563,2.0609510839798237,2.3231303188505787,12.247240341457562
2017-05-14,14.949074964608434,87.72088141129085,2.0041380157461393,2.855068014633777,16.581791607680724
2017-05-15,11.344253941627333,82.58572560988425,2.1089792347089875,2.588568845073801,10.573756569378887
2017-05-16,14.543188228313246,68.5521222885749,1.6661868139705076,2.452264204766394,15.905313713855412
2017-05-17,17.909834111948193,80.1461005600227,2.0112671233230004,2.647610093030665,21.516390186580317
2017-05-18,15.75849740117835,86.93852975366846,2.1839749196505576,2.5129575211640254,17.930829001963918
2017-05-19,12.76275854535056,77.49303572113352,2.445620813056451,2.756309856771969,12.937930908917599
2017-05-20,14.771596911067782,86.20301076259882,2.0873483413784992,2.23548257618803,16.285994851779638
2017-05-21,13.278004476409361,82.94789251523225,1.9726143260625355,2.6108225067276414,13.796674127348934
2017-05-22,14.023640554084185,76.39066685467046,2.0893724137586114,2.5016892450601604,15.039400923473641
2017-05-23,13.023166843554488,72.82710990429368,1.483973880083608,2.0654060823178537,13.371944739257483
2017-05-24,13.506994382343827,79.92698746773894,2.024827052238302,2.2737668725094284,14.178323970573045
2017-05-25,14.636280059222525,84.3494234465229,1.9732828187898321,2.292792502280812,16.060466765370876
2017-05-26,11.019923901254149,64.01433811290214,2.2907635495989176,2.6512612190929343,10.033206502090247
2017-05-27,10.952363519030065,86.29525178370916,2.0956483122106206,2.3921185623386165,9.920605865050108
2017-05-28,9.834372338506366,77.87943184907611,1.6764573412116204,2.7959901424175904,8.057287230843944
2017-05-29,9.19918668648887,77.01157976453986,2.262789676344297,2.200061138611591,6.9986444774814505
2017-05-30,10.348151923338563,91.7410823905907,1.5657627266789569,2.663712481437037,8.913586538897604
2017-05-31,14.478387520412387,95.55292737365274,2.014474843654808,2.520261684201364,15.797312534020646
2017-06-01,11.321637453524348,83.83532519814422,2.1665477405101385,2.3346044057323567,10.53606242254058
2017-06-02,15.540843392693288,76.07942805810232,1.9283311539412926,2.780428643759042,17.56807232115548
2017-06-03,14.104141246257685,63.8470264689754,1.8065119103041647,2.3462073673811488,15.173568743762809
2017-06-04,9.0,62.848173244178234,2.1994884900736884,2.6350190672925047,5.157478932809731
2017-06-05,15.96492675266507,77.62211608858708,1.9414737871633148,1.9666596762375848,18.274877921108448
2017-06-06,16.43239593677513,75.21897122272235,1.630505421182838,2.6400447254734383,19.05399322795855
2017-06-07,11.01841197549544,85.04751014413868,1.9029928267077025,2.461114144239884,10.030686625825734
2017-06-08,15.260574628684974,82.64366551011904,2.2857294015613405,2.3279593050322713,17.10095771447496
2017-06-09,11.430505287772403,77.68128558776804,1.8818621839389125,2.550902524492434,10.717508812954005
2017-06-10,14.293011130245006,68.15494834683334,2.0832327515860474,2.6816286365983766,15.488351883741677
2017-06-11,10.206504779135102,65.54439534865745,2.034001266560602,2.3696444715364406,8.677507965225171
2017-06-12,9.0,82.24227171926671,2.306339805387014,2.645053765949634,6.034467737327116
2017-06-13,12.851548431161094,72.70524355796636,2.4431187201088633,2.410769274489914,13.085914051935157
2017-06-14,13.628813161175492,67.64585551575138,1.7443226573849937,2.7776657422158957,14.38135526862582
2017-06-15,12.806960919156188,74.72054358404769,2.43703747012015,2.7369401300807934,13.01160153192698
2017-06-16,10.447908325332321,88.26847560806728,2.1328570338197923,2.4093354105741285,9.079847208887202
2017-06-17,12.800302813606589,82.63870694487831,1.6613634728097781,2.686099338715113,13.000504689344314
2017-06-18,14.807884257742202,93.3356983199318,1.583315363520946,2.549111010461567,16.34647376290367
2017-06-19,13.86532090963239,61.746932177484744,1.8513153085000058,2.1614744964840926,14.775534849387315
2017-06-20,14.54750309179764,82.24344012051564,2.150175945470536,2.4945798125753766,15.912505152996067
2017-06-21,11.9896543986373,83.50923871194405,1.9648091024740888,2.7151573960489737,11.649423997728835
2017-06-22,17.515153744148478,79.29693558129591,1.6808521920595667,2.6991291390549073,20.858589573580797
2017-06-23,10.47147999033566,88.98608581247953,1.5581980205882315,2.7079844234900086,9.119133317226098
2017-06-24,15.462680891260156,79.56600199584956,2.653750651140573,2.7229083459004277,17.437801485433592
2017-06-25,17.545673278879885,89.27328855110683,2.098149048366424,2.7054875382937524,20.90945546479981
2017-06-26,15.442724278246686,69.15637905997275,2.6412851585621886,2.4817599932842835,17.40454046374448
2017-06-27,13.39242731880551,84.55683455661772,1.7632623085571455,2.11293593125885,13.98737886467585
2017-06-28,12.415108860011063,71.02776275960053,2.3822175577353963,2.59972028087284,12.358514766685104
2017-06-29,17.10826295313877,86.78218304386112,2.526244740526196,2.463515962749931,20.18043825523128
2017-06-30,9.731075224214981,72.15026330364098,2.452962975406353,2.6403598413340035,7.8851253736916345
2017-07-01,11.089627218861068,75.3418337159163,1.716516124778201,2.476000969709046,10.149378698101781
2017-07-02,12.807326703524836,81.37587140218247,2.26823050684453,2.506150167227974,13.012211172541393
2017-07-03,17.712961272535996,94.4689761471587,1.4205523699506453,2.489080738224355,21.18826878755999
2017-07-04,15.139302908122687,73.61802320673641,1.7644023934535003,2.5228769925492394,16.89883818020448
2017-07-05,11.095862724469264,81.80134866651764,2.1608553133792756,2.403136658278523,10.159771207448774
2017-07-06,13.06907688384529,86.14758265606045,2.204025821290796,2.5721209009911874,13.448461473075481
2017-07-07,12.157030567711116,85.45124882709305,1.8650024332694612,2.4524333997521057,11.928384279518529
2017-07-08,11.870633023299394,97.58605569106815,2.2208651979280427,2.517218007479973,11.451055038832324
2017-07-09,16.936668675670337,88.03152020367376,1.6693972609422574,2.477327547641761,19.894447792783897
2017-07-10,9.884770612209483,69.88430587341921,1.4703226342682,2.57567211320163,8.141284353682472
2017-07-11,18.82634256720312,79.19498577269974,1.4422502847646703,2.232129668440309,23.043904278671867
2017-07-12,16.48468907055387,80.2703885827545,2.3354568367508026,2.746931653495835,19.141148450923115
2017-07-13,17.272585011811096,83.66406253437223,2.06584648200781,2.4924786514057122,20.45430835301849
2017-07-14,12.611181463924225,87.31412607465487,1.7155969023274715,2.461367688341679,12.685302439873709
2017-07-15,13.550177842762672,89.02845268007673,1.4191002858345916,2.714343545096124,14.250296404604454
2017-07-16,9.700544556425864,78.74483255939293,2.0995537758208402,2.766640523533507,7.83424092737644
2017-07-17,12.426012778799592,74.44276346234936,2.361133518079827,2.5520357832912985,12.376687964665985
2017-07-18,15.480964542929453,93.3936825585826,2.2513845198527265,2.243879926282888,17.468274238215756
2017-07-19,17.88818918534419,80.51592870211222,2.0653961163445675,2.504578464507044,21.48031530890698
2017-07-20,10.678529549592644,88.15173070000364,1.8440888421326815,2.3252097647145455,9.464215915987742
2017-07-21,12.903482189044203,77.70808811190676,1.893478052096306,2.7347051464549166,13.17247031507367
2017-07-22,13.546102339302433,65.07020089359669,2.3499076027928516,2.344911614069356,14.243503898837389
2017-07-23,9.812632393422545,81.1929158858165,1.711799385898858,1.9665608814133142,8.021053989037574
2017-07-24,15.774047725275201,73.94392088639272,1.8889793123928653,2.442068604056533,17.956746208792
2017-07-25,11.828029004772173,63.08054602946391,2.4583641480177887,2.3541253904561827,11.380048341286955
2017-07-26,13.413828946468929,79.13152220250412,2.2477804883673156,2.5138298869837707,14.02304824411488
2017-07-27,12.644151884264367,74.36266315499893,1.819704169759912,2.6574778299050594,12.740253140440611
2017-07-28,11.631984482840977,77.84879098526781,1.9141224799963097,2.420190102499947,11.053307471401627
2017-07-29,13.978865043558336,90.02462487196931,2.181250277291271,2.4154471731703513,14.964775072597227
2017-07-30,13.353171264295932,76.65435683721921,1.698683802583071,2.736242709858096,13.921952107159889
2017-07-31,12.884426353164002,86.24785562849226,1.5388561798754565,2.363560292652648,13.140710588606673
2017-08-01,11.814615134958972,58.82659315472732,1.8243870994522216,2.6608893889979726,11.357691891598286
2017-08-02,14.958574012348866,88.19191770877808,2.1245798789927273,2.701902975197746,16.597623353914777
2017-08-03,18.960851805476857,76.37333447300672,2.2783490553343544,2.2106498306967666,23.268086342461423
2017-08-04,14.419661698517382,79.3180216872923,2.1880552166341483,2.3119569912355793,15.699436164195637
2017-08-05,16.988354644733388,81.90957444899227,1.7850284377116579,2.3790775637387673,19.980591074555644
2017-08-06,9.829334224539611,95.67152441304825,2.1015463876886473,2.6154235210206624,8.048890374232688
2017-08-07,14.473284317881308,92.19226466965311,1.724703333283137,2.5110222507600866,15.788807196468847
2017-08-08,10.7078950430868,81.51412933569425,2.024819268227742,2.5585706792993386,9.513158405144667
2017-08-09,9.569225217404295,66.38990967213114,2.0356383519358503,2.2971946004665726,7.615375362340493
2017-08-10,11.781885777622891,65.3269646906345,2.1217128381659136,2.4498189137329645,11.303142962704818
2017-08-11,17.575698003240717,77.13490360852978,1.8291358390195136,2.520594434225796,20.959496672067864
2017-08-12,16.850047486008936,86.55124149564767,1.9376402983018994,2.447108870819464,19.750079143348227
2017-08-13,14.7290141661632,86.4347817004322,1.9325451997655616,2.4207070619730593,16.215023610272
2017-08-14,9.401898320330208,83.75068523792314,2.00278543922151,2.37952993687348,7.336497200550346
2017-08-15,13.41115804583619,75.61943017727171,1.3506817242181202,2.5850566076976667,14.018596743060316
2017-08-16,14.905100026705206,87.72612524921233,2.024543920520713,2.3847966413214614,16.50850004450868
2017-08-17,14.526608688735793,80.6920170048119,1.9353926893253461,2.432329372609941,15.87768114789299
2017-08-18,9.0,76.78770574555831,1.5406085500738493,2.478491928358261,5.781032082596271
2017-08-19,11.329046455940384,80.45097814332428,1.7645266163000295,2.2986184718584037,10.54841075990064
2017-08-20,13.80776670755385,74.89852453104416,2.0683391856755895,2.234431058938293,14.679611179256417
2017-08-21,15.60887272855157,65.60396331100934,2.4460769108299556,2.6391710305526304,17.68145454758595
2017-08-22,9.0,85.48419192219977,2.1444579897123233,2.079060823589163,5.0
2017-08-23,13.513628073560424,81.54978669749856,2.1689955657360205,2.6895766173454287,14.189380122600708
2017-08-24,14.429146309636858,85.76904018469494,2.3693058918915924,2.85272679397916,15.715243849394762
2017-08-25,16.54883596554864,78.57059996414863,1.8108439581933489,2.6033139856203493,19.248059942581065
2017-08-26,16.07857275271231,86.1024716568369,1.986405893129413,2.736856404316825,18.464287921187182
2017-08-27,15.747713956426416,81.72926436013759,2.284529721846321,2.6825425205757636,17.912856594044026
2017-08-28,11.600178479894197,79.29079925836609,1.0,2.632281850553992,11.000297466490329
2017-08-29,9.0,86.15016391951839,1.5585174924477798,2.714092990291145,5.459989314383462
2017-08-30,12.820841728815797,85.73345957151989,2.372578018523978,2.276213828630399,13.034736214692995
2017-08-31,17.00489547562568,83.00622850953624,2.0425933071223312,2.535694223109418,20.0081591260428
2017-09-01,18.180363582573293,66.79033337562849,2.2918577506542728,2.3215174398146474,21.96727263762216
2017-09-02,16.131647306893356,84.19387020413032,1.7184204101678733,2.3733075264285097,18.552745511488926
2017-09-03,15.288022468405202,66.53608102694878,1.7575467001441913,2.6564672849794153,17.14670411400867
2017-09-04,15.138918945157897,84.96500779768691,1.7669910539064517,2.6642023866633684,16.898198241929826
2017-09-05,12.331643759717657,82.49052788033043,2.141840180015456,2.4165281833264736,12.219406266196097
2017-09-06,13.60981911933914,76.62648049519319,1.6843376677374862,2.6368441761071297,14.3496985322319
2017-09-07,19.00720857747899,84.06193949297526,1.9930922002697589,2.356647744340221,23.345347629131656
2017-09-08,11.172325982624372,92.8051507050134,2.16824724940166,2.641328930324093,10.287209971040618
2017-09-09,18.844336372129554,89.77202890400866,2.1869258562279086,2.445409743391342,23.07389395354926
2017-09-10,13.033915536523825,94.34298541460552,2.3484924358875947,2.2409565108511753,13.389859227539707
2017-09-11,17.976296327285237,82.50580204882246,1.631993331955129,3.0025161757688403,21.62716054547539
2017-09-12,9.779554971507386,90.27024363665825,2.1789960188382764,2.3259039799127303,7.965924952512308
2017-09-13,15.757712603493948,80.64893483109607,2.3771217835810057,2.5643397948033413,17.929521005823247
2017-09-14,11.789689592157135,70.41092760121481,1.8023717702727826,2.217936093367537,11.31614932026189
2017-09-15,9.754198424227438,75.89261078353974,2.086329320883346,2.3976302026828393,7.923664040379062
2017-09-16,14.655602127232838,99.0091327966479,2.4608666454635673,2.4759842803765753,16.092670212054728
2017-09-17,17.028415365787907,76.99162813402403,2.149081595381619,2.640080738512025,20.047358942979844
2017-09-18,11.46517568421951,73.78672495991685,2.2581712412536916,2.7874770050568745,10.775292807032518
2017-09-19,9.502952118624796,74.56496416017718,1.9338947996408828,2.6381612468976288,7.504920197707994
2017-09-20,13.724465706995135,70.31727228692539,1.8461219666840072,2.5615850416279473,14.540776178325224
2017-09-21,13.737694013668456,77.23189699260791,2.0304460678965865,2.586575192720721,14.562823356114095
2017-09-22,15.644958882663495,73.28881427491382,1.5932487693516595,2.3684831963604505,17.741598137772492
2017-09-23,16.848783714093464,76.79855630391098,1.5836451400320715,2.4232354491466883,19.747972856822443
2017-09-24,13.821754456182518,83.83059988257428,1.2111456000386753,2.3802246513541747,14.70292409363753
2017-09-25,19.566509944382787,77.40378824183935,1.8927400642872247,2.401990224397547,24.277516573971315
2017-09-26,14.672704233605876,82.81208584672854,1.8427128355730709,2.28668953832693,16.12117372267646
2017-09-27,12.960720481979301,64.62514900970515,1.9436124836148987,2.3116232932013436,13.267867469965502
2017-09-28,9.165297922691517,76.69578437594554,2.4075523049959684,2.695480499664158,6.94216320448586
2017-09-29,13.212021439051497,82.50312567985863,1.7060637427436833,2.5969471287395596,13.686702398419161
2017-09-30,12.99083916376659,71.75616696283876,2.112283421306386,2.4348739721784,13.318065272944319
2017-10-01,16.88091438884441,66.88424413303318,2.3815268579436513,1.9617556055280905,19.80152398140735
2017-10-02,15.387450872200562,67.60793495586574,1.7054435871432605,2.4417477557550566,17.31241812033427
2017-10-03,10.46189263510215,86.99445336447448,2.159328957280011,2.4127318986552027,9.103154391836913
2017-10-04,14.516763159233113,87.97688308653073,2.231871937949245,2.439047773668002,15.861271932055187
2017-10-05,16.01459351518716,66.54603430078124,1.7796790464784666,2.3982957263366758,18.357655858645266
2017-10-06,18.5840940781635,74.15806148179594,1.886404071694979,2.5399400950056994,22.640156796939163
2017-10-07,16.66251190224218,91.72110797598344,1.2349847288555722,2.3304507396176466,19.437519837070298
2017-10-08,16.282539962934433,86.35782686529731,2.0705001118738164,2.6560665339303546,18.80423327155739
2017-10-09,14.180257983845491,70.66833525507066,1.8619823270012141,2.6494150470983175,15.300429973075818
2017-10-10,15.16493601627035,86.75558826067416,2.0251834631077976,2.7663792115614116,16.941560027117248
2017-10-11,17.748514702118477,90.1265403793536,1.5077397564797885,2.6117518389229732,21.247524503530794
2017-10-12,10.00166780756105,72.57204555040431,2.452125733879932,2.6130232574959793,8.336113012601752
2017-10-13,12.951682018349132,83.79817283932879,1.5011322980201474,2.4890906844443443,13.25280336391522
2017-10-14,11.682293753731278,67.73298633599597,1.6778323731516878,2.633113604780335,11.137156256218796
2017-10-15,15.137459356178372,88.48145192264509,1.712498435217172,2.433773542365129,16.89576559363062
2017-10-16,17.690666526952363,83.6549427583356,2.0814982563842745,2.36990146026907,21.151110878253938
2017-10-17,12.20907713983678,87.55997574599502,1.6383047933322512,2.378857793264459,12.01512856639463
2017-10-18,9.0,88.24424985822692,1.7824602687620765,2.476625476840116,5.0
2017-10-19,12.76333776492659,71.77291965684039,2.1804466287665365,2.6113589624555433,12.93889627487765
2017-10-20,16.74042119605222,71.29447791522378,1.6330461885023797,2.6618127072225497,19.567368660087034
2017-10-21,15.61288970884964,79.10283329366823,1.7779704694678367,2.566245972934149,17.688149514749398
2017-10-22,15.284558743431727,86.81003501330558,2.0037637731875826,2.5256454081210995,17.140931239052883
2017-10-23,13.160020094376561,89.24932588715103,1.743721797953035,2.7607288628465256,13.6000334906276
2017-10-24,10.16290779134064,84.63918883804361,2.2376770253819687,2.4922818301383103,8.604846318901068
2017-10-25,15.545882964873403,73.01237111775745,2.0358735513657136,2.4297563818354315,17.576471608122336
2017-10-26,11.497154569896125,84.2846547748582,1.968994897999606,2.9055841058093863,10.828590949826875
2017-10-27,20.552290200141368,94.4071240882744,1.6723369084962552,2.6223319854467007,25.920483666902282
2017-10-28,15.711521625063547,74.56248872725149,1.8356475126880762,2.78811587686045,17.85253604177258
2017-10-29,12.258055092338147,88.022153317108,2.009027220112619,2.402083426340625,12.096758487230245
2017-10-30,12.165844257834115,79.76955850039074,2.1626046109366217,2.1984920509341914,11.943073763056859
2017-10-31,13.721167380159235,78.35832647787159,1.985432601696245,2.8440258496366875,14.535278966932058
2017-11-01,13.281494233934751,82.09947444090415,1.9956651568761952,2.617933279462828,13.80249038989125
2017-11-02,17.350501326589864,87.00740769873899,2.1256597370006776,2.652142486983952,20.584168877649773
2017-11-03,14.55924850923214,74.98240010938419,2.4135874019087677,2.298396106702705,15.932080848720231
2017-11-04,11.805104783274416,73.69684848876778,1.9437948807208068,2.8505233213403516,11.34184130545736
2017-11-05,19.67132205546735,83.58241333578194,1.578228556088084,2.514571221565582,24.45220342577891
2017-11-06,14.147924994560668,77.03670601760453,1.9875060921507726,2.235476748072835,15.246541657601114
2017-11-07,16.306519027906692,80.60274257229374,1.8293097972238006,2.4797229026091356,18.844198379844485
2017-11-08,12.175320477665721,83.80235277883406,2.333884329184701,2.46074464716203,11.958867462776205
2017-11-09,15.08934688323357,81.88989636962766,2.1462014693345264,2.844869713754618,16.815578138722618
2017-11-10,14.933329973429586,72.54243845869524,1.7619259563417178,2.601710848060977,16.555549955715975
2017-11-11,9.0,75.01366671790265,1.9810389999350886,2.4026789367267827,5.551753539519236
2017-11-12,20.04582533138192,86.06377030902308,2.2333969715902278,2.445412922918404,25.0763755523032
2017-11-13,17.87193338276764,81.98144412920627,1.5808057718888286,2.2149164692725942,21.453222304612737
2017-11-14,12.808414051562037,79.55557279572999,2.2816417858745623,2.6910716568722868,13.014023419270062
2017-11-15,10.693190778632435,79.28122471107163,2.9559453242033773,2.4231281591887264,9.488651297720722
2017-11-16,15.042684841410656,91.94437076980972,2.343963993174288,2.3779542997224756,16.73780806901776
2017-11-17,14.260093098243189,78.70123771122869,1.6564777057659539,2.680065904257134,15.433488497071982
2017-11-18,15.067006845689688,76.20541645815796,1.794771769417349,2.753693115871232,16.778344742816145
2017-11-19,14.574732188582269,60.07410091970259,2.0547128452866197,2.437088063581699,15.957886980970448
2017-11-20,15.518722967917778,79.47583545430109,2.5432256739685437,2.392871243056978,17.53120494652963
2017-11-21,18.34191709817542,87.6065527598042,1.8460425523110688,2.6756074627117297,22.236528496959032
2017-11-22,15.704309615385938,65.96162392329492,2.364076692416769,2.6124791111131116,17.840516025643232
2017-11-23,10.851033503270177,80.5544829707342,1.3395658525529526,2.4062109958299898,9.751722505450294
2017-11-24,18.087688558137355,82.04967306212109,2.4128380774907656,2.4002132324793672,21.81281426356226
2017-11-25,18.92184369046486,69.07429514088184,1.8365342970412948,2.5967631934987434,23.203072817441438
2017-11-26,23.456170203536253,74.29820439721107,1.8314139736086394,2.5828850344228096,30.760283672560426
2017-11-27,10.629517900281206,87.2596144853542,2.1833037047792616,2.392232547029968,9.38252983380201
2017-11-28,14.728646039450824,89.92328474260069,1.9941433026986102,2.5004729169469724,16.214410065751373
2017-11-29,9.0,88.2100774992143,2.679795272894778,2.65333873137101,5.0
2017-11-30,15.659447469137628,75.9320322372148,2.1113054333684715,2.5692577798919345,17.765745781896044
2017-12-01,12.355399105499682,75.91189776772909,1.5258184614406238,2.2420222090902486,12.258998509166137
2017-12-02,19.77033738447486,65.93215277902654,2.1435671433230925,2.637889071229645,24.617228974124764
2017-12-03,11.676155089944254,69.50750838294368,2.056999290911134,2.7494169272731477,11.126925149907091
2017-12-04,9.0,85.78077258794542,2.4343829937687356,2.6007223372312795,6.554084810163692
2017-12-05,12.586208777892441,75.44375984968235,1.3974971779546275,2.395738527222331,12.6436812964874
2017-12-06,9.0,82.02670927749813,1.6835929572543356,2.4295670656174484,5.122561143914313
2017-12-07,16.25329836352193,84.3155501073539,1.967191330555519,2.645929992058083,18.75549727253655
2017-12-08,9.0,84.71453084161627,2.050537973731246,2.413209018817449,5.0
2017-12-09,14.085372743549476,80.76480269523492,1.7940619305078445,2.728317823638003,15.142287905915794
2017-12-10,9.0,80.22975736314835,1.8223080886039014,2.4999604224192518,5.0
2017-12-11,13.039106586390075,75.18561390784637,1.9950356354352001,2.5299361479277036,13.398510977316791
2017-12-12,18.930134467413602,87.37416861600482,1.8022429791070271,2.5165755766246427,23.21689077902267
2017-12-13,15.081943674307386,82.82636662173101,1.8782852186169063,2.8571779818169163,16.803239457178975
2017-12-14,11.409519185105198,74.15911498552032,2.6414181289224747,2.0434561578501143,10.68253197517533
2017-12-15,13.906389533182749,76.28580976832427,2.1810129760647037,2.6831952929968135,14.84398255530458
2017-12-16,14.05405061613334,87.54742372518706,2.10435198304018,2.2023686051369737,15.090084360222233
2017-12-17,15.417891037530216,93.33851515148626,1.7614052909745703,2.6785019256537805,17.36315172921703
2017-12-18,9.89942491015752,75.12795452887693,1.5919990238224806,2.3134294955863375,8.165708183595868
2017-12-19,15.777701821541992,84.3212232591804,1.762669410248701,2.4913647648444046,17.962836369236655
2017-12-20,9.0,80.64068973344536,1.8215248326206348,2.3696112899151673,5.0
2017-12-21,12.110346342908569,74.69328117150819,2.1881732602016517,1.997126870886514,11.850577238180948
2017-12-22,12.535178472645367,77.57776906976095,2.5094310883009316,2.022760717337853,12.558630787742278
2017-12-23,15.899980478213715,68.6913352753643,1.5807203677785369,2.6362738989484598,18.166634130356194
2017-12-24,14.067892558030607,73.71559401062007,2.0260224744580846,2.4380944559382156,15.113154263384345
2017-12-25,9.78331083843114,80.8634917184693,1.9458427757149446,2.445361488797976,7.972184730718567
2017-12-26,11.045020622548954,87.73913744222227,1.5194856736065563,2.6067974966996332,10.075034370914924
2017-12-27,14.596040028642221,74.39506109726257,1.7624972309686964,2.4706906995289337,15.993400047737035
2017-12-28,13.76279797440633,75.96400275591186,2.028103033569401,2.7306954159426553,14.604663290677218
2017-12-29,12.26262767109276,75.78048862102654,1.4808254120012987,2.5028586909106987,12.104379451821268
2017-12-30,12.557498631464062,75.34183655006646,2.0977950295529366,2.517097439319777,12.595831052440104
2017-12-31,16.088503991477868,80.69062665386289,2.419109138914985,2.616177791372511,18.480839985796443
2018-01-01,12.446922281392355,69.61201574643327,1.853131808036774,2.9584618186066516,12.411537135653926
2018-01-02,13.73572626791278,78.96074884285699,1.8021732248669375,2.4099990950846646,14.559543779854634
2018-01-03,20.50980976424163,81.30467745645161,1.8679110434362303,2.754019919294628,25.849682940402715
2018-01-04,9.72895208934823,89.26085833766484,1.5676188768933106,2.4539402929752767,7.881586815580385
2018-01-05,9.0,79.93076409461075,2.1177184346887783,2.1953597488956915,5.740786342126707
2018-01-06,16.35076899439582,78.98303821126929,1.7566558015454814,2.4873686955406487,18.917948323993034
2018-01-07,11.96407081611769,81.25608320665923,1.927769815699676,2.1993971844927698,11.606784693529484
2018-01-08,13.045287416772139,84.41922391630328,2.016115550261813,2.5426386722353946,13.408812361286898
2018-01-09,11.656530865606658,73.22298688495185,1.7651238395183855,2.3712816919299002,11.094218109344428
2018-01-10,13.220599577697463,79.78831189472353,1.5751740344768954,2.874711761065989,13.700999296162438
2018-01-11,18.795614336289024,86.64900718179267,2.039201988478123,2.271122126577624,22.992690560481705
2018-01-12,16.40638537585436,74.3541586746133,2.2759085311243585,2.563391614464125,19.010642293090598
2018-01-13,16.586670535660932,70.66836224121079,2.382333322177935,2.7116478538689908,19.311117559434884
2018-01-14,9.751318832622063,95.0860973413105,1.4971292848423605,2.916334584855311,7.918864721036773
2018-01-15,10.546538790341392,69.76795497386495,1.495115429615949,2.461122646781764,9.244231317235654
2018-01-16,9.0,79.89168496392884,2.2361090551930296,2.2649363706606938,5.0
2018-01-17,11.571857536751738,86.29407711309497,2.079138235581149,2.5513655586454402,10.95309589458623
2018-01-18,16.870109559156976,79.2893422934271,1.9678813176330583,2.6301883117445533,19.783515931928292
2018-01-19,15.550839547245113,75.96668007567301,1.9100516663690807,2.663483556436529,17.584732578741853
2018-01-20,13.335460211143628,77.06270024656182,2.118752578437766,2.432397494683659,13.89243368523938
2018-01-21,13.93309914884584,72.15663149420533,1.8218131359325236,2.2616615727518314,14.888498581409735
2018-01-22,11.933343372273782,78.60871850008512,2.308467256933072,2.3591101139849115,11.555572287122972
2018-01-23,14.614276647205353,83.39882144461967,2.0468943466966345,2.3936715439667875,16.02379441200892
2018-01-24,16.297634838441844,63.529300941713856,2.0175053733209465,2.0677975601178025,18.829391397403075
2018-01-25,9.15233963776858,83.73093756901076,1.4681582375503253,2.7339436787341325,6.9205660629476355
2018-01-26,34.139276150519194,76.55423638520891,2.1663439896997,2.4347743346186266,16.49823843918674
2018-01-27,44.98398259955578,74.12102416099914,1.7006293077383616,2.251337022791607,19.662174354773335
2018-01-28,42.0651037685931,75.13717526830156,2.024834287251663,2.3557574772064127,12.924498555183153
2018-01-29,46.70483084345752,75.78860457959507,2.2825397769861424,2.5838185622575778,18.503503060602917
2018-01-30,47.857726769419315,84.41461036288779,2.0769588910671217,2.5000220863168274,29.073272222362764
2018-01-31,52.05666024447663,75.28514853553523,2.2492906077070636,2.6383855153980704,14.47828603506554
2018-02-01,51.91381459048481,93.75111157122235,2.155013273450238,2.210023400029075,16.966535250026617
2018-02-02,52.761286650441185,84.24087224523697,1.8002035276030484,2.528679029661039,11.309714581693042
2018-02-03,54.02468127666495,86.65945258268128,1.768622830982228,2.7096731741937385,15.906255813010253
2018-02-04,50.290515939263784,85.84598717135727,2.0921405142582494,2.401599919619283,17.30135812491152
2018-02-05,50.12874034814736,90.32753923218912,1.7651722671367425,2.4086887040062526,15.97421170135069
2018-02-06,52.61626833271334,64.63842705002037,1.286247446605569,2.5377981267452725,9.901523401455716
2018-02-07,51.17832380573209,67.65484490988415,1.9732551802356302,2.804559576346609,16.031808856627254
2018-02-08,46.13873505304696,78.74580591780057,2.524531708150225,2.195523241373048,22.310979693588184
2018-02-09,48.11929363523307,87.3199833579629,2.0943547001776714,2.4688681377828967,17.243178822572638
2018-02-10,45.48461413286162,81.82793499691418,1.700935906385748,2.2030935727198524,19.809935945359207
2018-02-11,41.334268366159776,76.52965559605641,2.3434519560547424,2.4665090156858134,13.814940149936861
2018-02-12,49.0368429655054,82.05098975933352,1.9748997814958111,2.3688458881119447,18.74950119711855
2018-02-13,43.220796970120354,82.14169908927204,2.6788903267751785,2.6965408549992453,16.396339191082628
2018-02-14,50.3198330307954,74.45880297572742,1.853195783911189,2.43302338047661,10.245446351563839
2018-02-15,34.74803091920067,87.96358092583819,2.3736460789967015,2.417351841397207,16.592605023994373
2018-02-16,38.14788490862654,75.71289964396186,1.8241389884646582,2.537028795793739,10.041516682798449
2018-02-17,39.63055534676349,77.45822312925162,2.0828979350475487,2.374090508049628,11.83559862557604
2018-02-18,43.17452439051566,88.83824176783243,2.1390518950870265,2.6988584371841555,15.94664153646187
2018-02-19,39.34787749040874,99.53462351185607,2.1748528863891807,2.257488763424628,16.48622136690062
2018-02-20,38.116891016723,88.9083061613004,1.7151442323760102,2.4552970823122133,9.053837674614353
2018-02-21,31.490944829783412,74.69128267764665,2.1672504554366925,2.442870622415079,20.26992885591438
2018-02-22,30.497234411082115,85.41950073409383,2.2208809780152405,2.312817158090207,17.860031391502364
2018-02-23,35.54001864115962,85.33727558868063,2.2464676115578044,2.368237664059889,11.47635782194558
2018-02-24,27.918576024726566,76.86948726599839,1.9656912721484934,2.574956373943308,7.312076017754123
2018-02-25,30.372488998842684,78.73216975790265,1.962693959796538,2.353676964095394,14.275477104592843
2018-02-26,33.628669316343434,81.4467735735731,1.7815838965629658,2.106192131746489,12.7702814306942
2018-02-27,26.820702910892898,76.80061316063025,1.9507760844979096,2.5541995361614105,15.565702285265115
2018-02-28,36.29642384944722,74.22864260633212,2.0448187328750214,2.387412431224986,13.184416694222168
2018-03-01,33.89574537695156,64.51496278370149,2.244754522084409,2.0840286714536282,5.0
2018-03-02,21.839320006646798,94.52603442241036,1.9288933223109699,2.817170378667428,13.058265308494208
2018-03-03,23.52051502727205,74.73528066338373,2.1900524305770395,2.685045174155766,13.471904444658435
2018-03-04,17.2318910220202,71.73456128404129,2.2959909463437986,2.7703760512728146,18.168305123870294
2018-03-05,22.36963454980747,84.74594069999218,1.9696211535151762,2.097798404026319,11.509001626944752
2018-03-06,27.690553906289598,87.99164485174991,1.8086163243736102,2.5824328908032284,23.393373366862832
2018-03-07,22.09442023090057,78.20386021490002,1.8131204922778021,2.2410676326785834,5.441797246741215
2018-03-08,24.71818897446387,77.02934513229226,1.8162094247210339,2.3483571207944207,21.555837489013122
2018-03-09,15.910662726873024,83.77303586263906,1.8554290799276916,2.4016740392820815,13.878405145609475
2018-03-10,24.31690101832762,84.2124519533046,1.6687938113482281,1.9954499743764507,19.297924361717783
2018-03-11,18.0295630882866,82.46498983110415,1.4324365837966673,2.6033688502640016,15.399007420293666
2018-03-12,19.42367872913162,91.86627747497364,1.9313895571059685,2.3074447983231705,20.697777680127345
2018-03-13,18.12850199442779,82.09455611176585,1.685080464124838,2.515993793268199,13.063190177235944
2018-03-14,12.538805916430864,74.92995666663823,2.2103921228655206,2.458354960372887,9.506897874110939
2018-03-15,12.137662673040872,77.54760691747946,1.9556082165168538,2.7739857099192435,22.102521436355318
2018-03-16,19.746177876013704,82.49196229088005,1.6746923881330105,2.2639928165466108,14.432596770589294
2018-03-17,16.595968630006784,68.40676920096756,2.1477990568495517,2.2237037658235432,16.107792368121054
2018-03-18,19.200196166213708,87.75194448279836,2.2170621790581393,2.419630390868082,21.173759570223975
2018-03-19,16.298632942010073,74.4909585911735,2.208635635201994,2.5612464195069893,9.840223789527826
2018-03-20,15.571962539236866,84.70433769948896,2.108911473020522,2.8014180436503175,17.977454488196287
2018-03-21,9.0,92.55735943553896,1.272076427836162,2.3816133824875636,12.050526217685546
2018-03-22,13.918533212955321,75.6212919060132,1.932096860700428,2.4751054402327113,14.33915322177814
2018-03-23,14.890462718385024,90.18763156453512,2.194289905805465,2.3922717131971645,15.361394826921444
2018-03-24,22.812428793090298,83.9043455719766,1.6087086522607723,2.693918058265398,7.49889069276532
2018-03-25,17.74782652839471,78.04434951335736,1.6820921940809597,2.4866803423790715,11.105814785897827
2018-03-26,21.144244726838114,99.52859653386173,2.630407396079018,2.6742326186019993,21.755364462065696
2018-03-27,17.390150823578914,81.93459508757897,1.3642028069752734,3.001632472575217,19.43095594292398
2018-03-28,12.154787092202083,81.21609815335296,2.048226688711214,2.3892732332441446,14.686802113363825
2018-03-29,15.468496864599405,81.30031605059959,2.251318477201386,2.679585593097826,16.215617292564467
2018-03-30,15.944894585056932,86.42697911119097,2.0778559053819103,2.339927583152011,13.528787471817711
2018-03-31,11.243377720917273,80.72907219602347,2.4807839685737125,2.297886442312959,21.78291692913991
2018-04-01,13.462450493628316,74.80217292157118,1.8201434450276497,2.6941689585650743,13.99823711102918
2018-04-02,14.176932025291311,80.07170433248662,1.9931894919947555,2.8644773940485297,16.15921046067424
2018-04-03,21.422479330260472,84.98393347572107,2.036260706990873,2.425569983609126,20.730150720710327
2018-04-04,9.0,80.87419193237298,1.4324269652632555,2.393521933887214,11.113142575770468
2018-04-05,19.823273682864173,84.89735647729913,1.7617810057359231,2.7669851326571786,22.79394592248447
2018-04-06,11.25281906016247,84.83273407447905,1.979816983023714,2.3616650240492003,7.347692951283116
2018-04-07,18.888926393338394,70.34024092629551,1.7055152840218943,2.3053591777595117,23.148210655563993
2018-04-08,12.881973248144076,85.72256501926975,1.9131941576841438,3.0354720150074446,13.136622080240127
2018-04-09,13.271903756524155,92.83149364442825,2.515092344019403,2.344537687388597,13.78650626087359
2018-04-10,9.0,77.83670703981012,1.9773795712903328,2.302641991076071,5.549949144085286
2018-04-11,12.635615847866921,96.08084574616832,2.1688371869287253,2.6858705704671837,12.726026413111535
2018-04-12,10.880580406919346,72.26862346355111,2.1481922469533203,2.4663911624504458,9.80096734486558
2018-04-13,12.177060963879581,77.46196748711584,2.149902909639538,2.588612978147744,11.961768273132638
2018-04-14,13.588067102633362,86.83464583115163,1.8831600254822574,2.5360450624565565,14.313445171055601
2018-04-15,16.873374843418716,71.33025101732578,2.3329276606889664,2.4522018090530597,19.78895807236453
2018-04-16,14.622810054201878,74.29362325842649,1.8983264021121782,1.9814012425392478,16.038016757003128
2018-04-17,14.923029960203342,76.3665845639888,2.1235418789057645,2.7042057816741014,16.53838326700557
2018-04-18,10.713441833463314,87.94290964359996,1.7837772420494515,2.5695975582113193,9.522403055772187
2018-04-19,11.35773773119181,98.46245762438039,1.6564911915800202,2.963689034157681,10.59622955198635
2018-04-20,19.396175055053938,82.28792730374182,2.0204403995402784,2.3948668928575234,23.99362509175656
2018-04-21,11.79439689571026,86.04740226894867,1.6499185492430584,2.604191474794563,11.323994826183768
2018-04-22,18.968624756171888,77.85532844935959,1.94019992774516,2.321418388079702,23.28104126028648
2018-04-23,13.2708164033574,80.85926898146027,1.686067052985749,2.632295645762393,13.784694005595668
2018-04-24,14.006863808430513,73.9789820347352,2.107337317278561,2.4850107751844233,15.01143968071752
2018-04-25,17.21109548068979,80.7674252355924,2.2917706641691757,2.9147363361634193,20.351825801149648
2018-04-26,17.81567726581597,83.97625323151173,1.6828383907858717,2.4600771938457298,21.359462109693283
2018-04-27,13.667562319162737,82.23259412106414,2.1736688265190165,2.2240234856760326,14.445937198604563
2018-04-28,12.835270839435383,64.10623041656251,2.1164720328046873,2.3895099762012006,13.058784732392306
2018-04-29,13.832238654433361,76.68626569141804,1.9531596070555464,2.4775533240462573,14.720397757388934
2018-04-30,15.013872584696355,79.4974664681744,1.5829786200506772,2.8243831745501673,16.689787641160592
2018-05-01,16.673911060609267,84.63878358700961,1.4619804507301883,2.4009685325394736,19.456518434348776
2018-05-02,14.012689576982455,72.85962744791534,1.9501679374254839,2.5075722421583087,15.021149294970758
2018-05-03,15.856658894069461,65.89489520163013,2.409101201486215,2.3841793385144436,18.094431490115767
2018-05-04,18.915079196812822,79.80371337196331,2.016105223172521,2.6683468567599826,23.191798661354703
2018-05-05,15.143928836794354,77.48063001848764,1.792541384651498,2.94092181461186,16.906548061323925
2018-05-06,14.934958568014334,90.92746276176915,1.9492939883058087,2.2173237506515164,16.55826428002389
2018-05-07,9.443267524729796,64.6429113123138,2.1977176999936465,2.5757091738290976,7.405445874549661
2018-05-08,9.0,90.0060030969587,2.057388229084744,2.377893089344648,5.0
2018-05-09,15.165127187690505,66.14205986483047,1.5769397936156335,2.4971125012856317,16.94187864615084
2018-05-10,13.715527306157384,86.54015526842909,1.6690972063890377,2.2079144204336383,14.525878843595638
2018-05-11,12.455651975255774,66.98046401528072,2.341268744992501,2.954046367836625,12.42608662542629
2018-05-12,14.730590612559034,69.0471748643519,2.1651817047940423,2.579967533110985,16.217651020931722
2018-05-13,13.818788812409275,77.56825763713267,2.427672089774338,2.7048357390731455,14.69798135401546
2018-05-14,17.383340751901695,91.05178422651096,2.574985152130231,2.632028470125672,20.638901253169493
2018-05-15,14.258332604776934,78.52391894618471,1.8371711777254858,2.5029817787144957,15.43055434129489
2018-05-16,11.759230144789498,71.9485949667969,1.8415073777862951,2.5593871502140373,11.265383574649162
2018-05-17,16.970498716877866,79.94638975809646,2.083329221392657,2.5257347144581894,19.950831194796443
2018-05-18,13.348606775161393,86.5489431195952,2.241816908771725,2.8559878288399148,13.914344625268988
2018-05-19,15.579610051016921,81.59122240525296,2.3402354441038007,2.4693134096643723,17.632683418361538
2018-05-20,12.567767881421599,72.89423956054759,2.11059383982081,2.136567274112333,12.612946469035997
2018-05-21,12.050519343507691,74.62602857329618,1.598067859559208,2.228190497710465,11.750865572512819
2018-05-22,14.252504690557089,81.42165768184222,1.7265393679002947,2.4179258412021034,15.420841150928482
2018-05-23,14.038485930631055,70.89429026908613,2.2406112749563847,2.4125181149414288,15.064143217718426
2018-05-24,15.4394811061005,65.25967103848572,1.9706921522065977,2.2970382461486873,17.399135176834164
2018-05-25,13.194062740070773,64.8560650047096,1.375506281323709,2.4276338822787005,13.656771233451288
2018-05-26,9.0,84.623586715936,2.4885036275443415,2.5189466033641685,5.818201081148013
2018-05-27,12.701678349234834,72.99115391833537,1.8171103246073623,2.714047056623582,12.836130582058058
2018-05-28,16.381455401431445,90.23706718434534,2.193723916568224,2.2195760705553567,18.96909233571908
2018-05-29,13.10787176227068,84.03328133877066,2.5963850850266086,2.4013857729216688,13.513119603784467
2018-05-30,13.260849792456355,80.45777356793799,2.5856236699649897,2.6875480125715225,13.76808298742726
2018-05-31,16.959129517717813,93.43143961787416,2.033268099814593,2.734015906912535,19.931882529529688
2018-06-01,11.864080318223232,80.8448746437946,2.067678562317762,2.4663662222099063,11.440133863705386
2018-06-02,9.3715903452713,95.86092064331515,1.719626796553059,2.3397669062850155,7.285983908785502
2018-06-03,13.518106641423516,80.71287767201558,2.4298788455016194,2.0688077286320024,14.196844402372529
2018-06-04,12.54747814625379,81.77281305450744,1.9960197545986897,2.3473472517778804,12.579130243756314
2018-06-05,11.101261040740237,80.1238780004569,2.336059616980094,2.605950125189211,10.16876840123373
2018-06-06,13.473864632303927,83.29574185372714,2.3941902697618374,2.5413750540621862,14.123107720506546
2018-06-07,15.474516941740351,79.25047015564051,1.6318217192436777,2.490840018505179,17.45752823623392
2018-06-08,13.972134315296552,72.55551253410938,1.8889701771491554,2.5799404150151415,14.953557192160922
2018-06-09,14.920943218058714,87.19179009127001,2.3503674642030603,2.512613540687858,16.53490536343119
2018-06-10,19.44022309554627,65.05785151117468,1.6250518467133201,2.560596295608462,24.067038492577115
2018-06-11,12.971363415327307,74.36294731804719,2.291967520364855,2.5561892188448088,13.28560569221218
2018-06-12,14.83504590393401,77.78767958921846,1.5417717845426757,2.5951815267294744,16.391743173223347
2018-06-13,12.472359912202597,77.67831145706596,2.0766881460210938,2.7006647286020344,12.453933187004328
2018-06-14,11.460920840339082,74.04702866925112,2.330895801716932,2.525439400820274,10.768201400565136
2018-06-15,12.245277039746691,93.85677135484127,1.7233389626825533,2.3905344732714244,12.075461732911151
2018-06-16,12.563724285434935,78.39929844085535,1.3538238873701682,1.9878161323011747,12.606207142391558
2018-06-17,15.078427392641377,76.68479923744962,2.0658857472670227,2.4016337008835884,16.797378987735627
2018-06-18,21.047227360102273,83.78725216520813,1.973720891253104,2.3946773626421813,26.745378933503787
2018-06-19,11.851869691172478,86.99896156253783,1.766354401800926,2.657596457020291,11.4197828186208
2018-06-20,12.750124083153612,85.07810295583961,2.1840367968908474,2.864350691010322,12.916873471922688
2018-06-21,13.810630960666256,80.99368970512845,2.0865791772761786,2.5542580916294337,14.68438493444376
2018-06-22,15.187396546129241,91.5007396664746,1.730124124743194,2.2942882435158385,16.978994243548737
2018-06-23,14.790652435864356,90.05358946122757,1.981754552142113,2.810605773906963,16.317754059773925
2018-06-24,17.852287381844352,91.08543864263632,2.495754471149521,2.606015321677123,21.420478969740586
2018-06-25,9.0,72.56727389358754,2.3145171659709116,2.4522338578087424,5.0
2018-06-26,9.0,87.25225325742277,2.490512048519511,2.480220736777663,5.0
2018-06-27,12.512365483969552,85.50366862538954,1.6438331604276104,2.3795243061522746,12.520609139949254
2018-06-28,17.291900562631128,79.39024719728988,1.936417976500182,2.352552622998619,20.486500937718546
2018-06-29,9.30305590518321,84.20641898546828,1.8757903506056484,2.8427212105460087,7.171759841972019
2018-06-30,9.0,65.43753745376173,2.2136811583296914,2.4499006695661394,5.0
2018-07-01,15.713538218657625,64.24031256498326,2.1576501914706103,2.2900391381246843,17.855897031096042
2018-07-02,14.730971671108144,86.52568261311717,1.8812695543708964,2.5310971564686917,16.21828611851357
2018-07-03,10.729374779601711,71.55442896129578,2.3592887768250317,2.420997335824512,9.54895796600285
2018-07-04,11.04338119783721,85.83854880841223,1.9063449013532663,2.420846461588219,10.07230199639535
2018-07-05,11.090768841095976,70.16793838445194,2.6837030393459598,2.355999764263948,10.151281401826628
2018-07-06,14.331605952421821,72.87246498550076,1.8956122966752302,2.5245201236839088,15.552676587369701
2018-07-07,12.121054171450979,85.96446937375035,1.9087982702337027,2.589699309326377,11.868423619084965
2018-07-08,15.482191756926559,80.8906791037641,2.0010156693009247,2.319691095695715,17.470319594877598
2018-07-09,9.0,84.83865583291674,2.559232400250478,2.322870976792285,5.0
2018-07-10,11.429444404616602,90.50266762592068,1.9848457216532143,2.7290768780689882,10.715740674361005
2018-07-11,10.621838117266849,89.84747375051143,1.7793243189846513,2.6292814041163304,9.369730195444749
2018-07-12,13.230977964882523,68.69582122206964,1.6636411229894112,2.5382487245268,13.718296608137539
2018-07-13,12.385856724529585,92.17761934491674,1.9989822167317004,2.558219331321581,12.309761207549307
2018-07-14,16.3935313396873,74.04979686222306,2.4010866152471175,2.3805317874057184,18.989218899478832
2018-07-15,9.0,77.39811082384456,1.9613605223733583,2.4878109650690488,5.7033161416997125
2018-07-16,14.136474428992257,77.80482463084368,2.02690528513403,2.4009601480568796,15.22745738165376
2018-07-17,15.675009269635117,82.42912741082634,2.0931586488819915,2.6593564056327352,17.791682116058528
2018-07-18,19.569942309685864,79.62541553544779,2.1354937353108756,2.4323759996197305,24.283237182809774
2018-07-19,12.554702086719574,81.46330833991908,1.951314065993403,2.455977441482866,12.591170144532624
2018-07-20,14.973375813057551,86.46134666094841,1.9185450150279981,2.6142357108394356,16.622293021762584
2018-07-21,9.0,77.04400916766767,1.7455412768323417,2.47966794611448,5.980686037188175
2018-07-22,9.0,83.2851190854866,1.7374197639392854,2.3914230862072836,5.0
2018-07-23,16.5343231273451,76.01298352663575,1.8542540645551344,2.6535342989743684,19.2238718789085
2018-07-24,13.983319119055789,75.0389671919719,1.9061466117906893,2.63577113149556,14.972198531759647
2018-07-25,17.53553806939527,73.32010635823072,1.641199636547105,2.3599434502793653,20.892563448992114
2018-07-26,9.879791333090752,72.48897292463165,2.3248680149087813,2.2902230549127305,8.132985555151254
2018-07-27,15.559706418586257,91.30827874205023,2.0201950073732746,2.5105446021377467,17.599510697643762
2018-07-28,19.606453521631558,88.13889120729941,1.9761298850232196,2.4673897671703613,24.344089202719267
2018-07-29,15.259116825071798,83.46059080901199,1.8497066343402209,2.7213084810445305,17.09852804178633
2018-07-30,14.829744516773147,88.00636568243755,2.0411066253738936,2.10645319720507,16.382907527955243
2018-07-31,14.02566824247305,75.07837643318739,2.079936953988544,2.5274677611512235,15.04278040412175
2018-08-01,9.287355628622263,79.08470953913725,1.567180627832907,2.3676967176413273,7.145592714370439
2018-08-02,18.066718807131046,75.65208681698705,2.2041804489032475,2.55962336496429,21.77786467855174
2018-08-03,12.167427080584803,70.99293500673855,1.982865655158645,2.415134160257988,11.94571180097467
2018-08-04,15.513449769149052,75.15282366573663,1.7286726413012714,2.5650108481721676,17.522416281915085
2018-08-05,9.310897080286239,77.07046169338507,2.2903607758736384,2.7329745932198684,7.184828467143732
2018-08-06,10.461621006476658,88.08708758426621,2.1828256768307814,2.4540528582419046,9.102701677461098
2018-08-07,18.305262197666707,81.93153497224498,2.3970921904261155,2.3423427413706066,22.175436996111177
2018-08-08,12.958093133126471,64.79303185495868,2.324039983967719,2.576371617540256,13.263488555210785
2018-08-09,18.359826428127633,74.83781593280739,1.5547206101011282,2.4807275641498125,22.266377380212724
2018-08-10,13.765308022824447,82.04940078658899,1.4706815614066662,2.2833027553757406,14.60884670470741
2018-08-11,9.0,73.55187806691207,1.9002548631775003,2.6086410106930775,5.790511135210712
2018-08-12,16.67620279919516,81.12659037663069,2.1074095311841408,2.6613137628578976,19.460337998658602
2018-08-13,12.230323046733176,72.49577054359014,2.559070223684496,2.3874464664315864,12.050538411221961
2018-08-14,16.09606644055113,88.74978534492003,1.5253764781649632,2.154479138264282,18.493444067585216
2018-08-15,14.075632602620246,80.05432225972864,2.0110783729564172,2.2944254975817344,15.12605433770041
2018-08-16,9.37064531617139,72.98462887505887,2.2685077037886554,2.8095569163361986,7.284408860285648
2018-08-17,14.492884296111708,96.46885426290187,1.9916033323203675,2.740691170240549,15.821473826852845
2018-08-18,20.588669426458395,80.94853932241897,2.3841820667661207,2.442640192027113,25.981115710763994
2018-08-19,15.478959375543377,82.02804735305322,1.5832889559446677,2.352402245731902,17.464932292572296
2018-08-20,13.82744674098361,91.07406839442032,1.9929121626336186,2.50657277100064,14.712411234972684
2018-08-21,17.226030205870693,87.84557616633367,1.9755314622361215,2.3389071295853876,20.37671700978449
2018-08-22,14.632005395609333,85.01551221444831,2.1199096369547514,2.2574138674214974,16.053342326015553
2018-08-23,14.628602690788384,86.66251149732048,1.6747240749993129,2.6071490027526085,16.04767115131397
2018-08-24,10.725124483522691,77.99235607830391,1.8340159971727696,2.400859574011294,9.541874139204488
2018-08-25,14.701544077368794,67.36110113922315,2.0965942296693756,2.6834618652990003,16.16924012894799
2018-08-26,17.106330249250835,82.82569805186698,1.2183393676105925,2.453801691384321,20.177217082084724
2018-08-27,11.491813543699926,74.74813048596305,2.1580163257492275,2.750875165564505,10.819689239499876
2018-08-28,18.273487463740842,67.95934976678836,2.0334450427956066,2.3460201151398303,22.12247910623474
2018-08-29,13.724881927564622,68.73877126854896,1.6344558922262868,2.4440760980542606,14.54146987927437
2018-08-30,11.336691465384378,66.71264941395941,2.037857996610175,2.228898194963765,10.561152442307296
2018-08-31,16.992896230760735,77.87373675924167,1.750292483460921,2.9252778160430286,19.988160384601223
2018-09-01,13.139617292785193,76.1564938906195,1.9541692430473545,2.747390060657264,13.566028821308654
2018-09-02,16.278544662458323,90.24907433090948,1.7133235814449819,2.687932398821032,18.79757443743054
2018-09-03,13.124724103224388,64.98678234154042,1.9905795496444703,2.2502758442012514,13.541206838707314
2018-09-04,13.820521569410289,77.73236798074582,1.725661019360049,2.2860554138560842,14.700869282350482
2018-09-05,15.480680613002875,78.7653542466569,2.4726638108466448,2.477261184316152,17.46780102167146
2018-09-06,14.872691172770018,83.70809794106727,1.866720650271833,2.7958889246245295,16.45448528795003
2018-09-07,9.0,83.80349930448705,2.0447577906434553,2.4602465927627017,5.022341097741307
2018-09-08,10.636268779716826,80.35568550419259,2.301652352434822,2.326065375018237,9.39378129952804
2018-09-09,16.788229954372447,79.37058662949629,1.8856264431859164,2.3891555470658474,19.64704992395408
2018-09-10,13.603590233295359,67.8884076585721,2.660822493194963,2.503176126299892,14.339317055492264
2018-09-11,12.428806091685734,90.04201696911463,1.5827489637260348,2.788250392148842,12.38134348614289
2018-09-12,9.924277954227577,72.58174569182745,2.4766713735153973,2.3420541981488974,8.207129923712628
2018-09-13,10.760791036172455,87.00121526547605,1.786017194857359,2.4391720774847023,9.601318393620758
2018-09-14,9.0,70.37861935806069,1.5219384235851023,2.5018833220855545,5.0
2018-09-15,13.696157843895401,81.31052082777107,1.8427999299165354,2.206420572947537,14.493596406492335
2018-09-16,12.20468725825686,80.9802248282137,1.788162530095233,2.2937450859482866,12.007812097094765
2018-09-17,11.100236327044055,88.32610592587392,1.6633383029252449,2.317342693807341,10.167060545073424
2018-09-18,13.795629724496141,73.8451476422201,2.0778692932024723,2.5610980423609946,14.659382874160235
2018-09-19,15.091911892558214,89.3521856888203,2.6074452264598285,2.8331635921865725,16.81985315426369
2018-09-20,20.279593796629833,88.40985775238954,1.630042913117537,2.4644974513211046,25.465989661049726
2018-09-21,9.46434974131036,92.67849398599087,1.7289854597290122,2.4756924981403374,7.440582902183932
2018-09-22,17.478143129901568,98.4153517398296,2.144971457949306,2.5113982340595347,20.79690521650261
2018-09-23,16.919304683045215,70.08277356713718,1.6528943121066806,2.6518194620114777,19.86550780507536
2018-09-24,11.662721781869898,63.14595266674495,1.9064414696553609,2.4669952726874986,11.104536303116497
2018-09-25,14.609707863758093,73.16383960214364,2.024785388318802,2.561276929977787,16.016179772930155
2018-09-26,12.627100251987155,80.06868535284153,2.4480045981731524,2.4333175599425028,12.711833753311923
2018-09-27,14.557065741256217,93.6550176699204,2.5695260487108684,2.295833613322736,15.928442902093694
2018-09-28,18.527393040213653,75.84492839670243,2.3215730721161574,2.6665258328667747,22.545655067022754
2018-09-29,15.81681869789394,90.5422760558916,1.6811101904609944,2.377534967542206,18.028031163156566
2018-09-30,15.525825119700325,83.94750266023011,2.2572359963379363,2.5156550259127433,17.54304186616721
2018-10-01,12.709072040136073,72.80697334214379,1.8962375809857468,3.0011600395474267,12.848453400226788
2018-10-02,9.547830005226995,87.68949329582246,1.2592396265184607,2.4708340848565817,7.579716675378324
2018-10-03,13.374595368378776,82.4812165831836,1.787508090905299,2.679858671073796,13.957658947297961
2018-10-04,17.619824464591744,75.73095372885946,1.994175885586681,2.2781632978274557,21.033040774319574
2018-10-05,9.418496430231057,84.32861296852782,1.7362568629399557,2.2068894649645436,7.364160717051762
2018-10-06,10.834731895469915,88.00508768713263,2.280018874899588,2.6518921801741047,9.724553159116525
2018-10-07,14.378803208702205,89.85293904467689,1.536520422654327,2.6806621268060002,15.631338681170341
2018-10-08,11.046035645458213,69.48064847973734,2.0767508750137287,2.6592711773934243,10.076726075763688
2018-10-09,11.622429658654362,78.3891509442073,1.9081285699482857,2.270371701150391,11.037382764423937
2018-10-10,12.72920425481547,71.3371375150541,2.73001304516772,2.3931386705042903,12.882007091359114
2018-10-11,9.903147787429551,72.35758908165369,1.8067046520281318,2.601646294114517,8.171912979049253
2018-10-12,11.077634461350895,79.31824742064892,2.211307078162223,2.191109735393624,10.129390768918158
2018-10-13,16.110283750361926,76.1798411616297,1.974243226901594,2.6277333999244132,18.517139583936544
2018-10-14,10.077890653307108,83.93677189960316,1.9604994329807863,2.5941393816553977,8.46315108884518
2018-10-15,9.206383596515487,71.5770031744135,1.741167074576587,2.5172427054519257,7.010639327525812
2018-10-16,12.109925061398316,63.81374709852723,2.636725136022881,2.419708045426795,11.849875102330529
2018-10-17,16.195866507529537,80.9495308361299,2.0426218906738853,2.338056240183603,18.65977751254923
2018-10-18,13.40923457600933,84.77143222528407,1.777230568724414,2.7400294567300922,14.015390960015552
2018-10-19,12.606256765653145,88.13845552173686,2.150740100006766,2.421494446254627,12.677094609421909
2018-10-20,14.13307639254682,76.49355920066974,1.9847421057552745,2.7398183588701905,15.221793987578035
2018-10-21,9.0,69.63300457876028,2.2325310828909166,2.297656324980144,6.27146283570174
2018-10-22,15.484116961325098,78.54693798730236,1.9235474180813028,2.4411589197332213,17.473528268875164
2018-10-23,15.150305094210932,89.60381317080163,2.195536562197269,2.7131736438663303,16.91717515701822
2018-10-24,12.772074577712836,88.3846235675513,1.6981883322961502,2.6310076183282884,12.953457629521393
2018-10-25,17.01777353538925,79.67655605760217,2.0855205250463564,2.8090092806388167,20.029622558982084
2018-10-26,10.617511703140885,87.88612203019683,2.310852951172113,2.496015614252969,9.362519505234808
2018-10-27,17.38372697976071,76.80917765907667,1.9822500763488775,2.2869452885787824,20.639544966267845
2018-10-28,14.463480996785753,73.67842123533651,2.1122731689068415,2.260608223823428,15.772468327976256
2018-10-29,12.99034223036548,71.74259180299524,1.6222489699026967,2.3704404122928358,13.317237050609133
2018-10-30,13.940379093895066,69.39967365178691,1.981328478905704,2.6197239006108206,14.900631823158442
2018-10-31,13.678205702567174,89.03921669173523,2.7553392792588243,2.3879035996359734,14.463676170945291
2018-11-01,17.66084868925315,71.63746619874578,1.7818576029575586,2.6389680928056003,21.101414482088586
2018-11-02,10.769962617586959,88.94999220456378,2.2602637770621885,2.3822030341157454,9.616604362644932
2018-11-03,11.712442282560206,79.45430782588537,1.7106740860693521,2.3501954132421154,11.187403804267008
2018-11-04,17.10890867621744,90.15077819499551,2.052242813724266,2.476862258564437,20.1815144603624
2018-11-05,12.213395194448422,84.03246533967715,2.437389340964171,2.688353061004341,12.022325324080704
2018-11-06,16.701599231994773,90.72082841219601,1.9686022786143922,2.4397826949740566,19.50266538665796
2018-11-07,19.09830794902613,71.8435427246311,1.746101693413177,2.56383772101979,23.497179915043546
2018-11-08,12.7946149191751,89.47623904234511,2.1735983030653196,2.411900128807854,12.991024865291832
2018-11-09,16.044086979725915,81.5478538769937,1.686563398126812,2.6427847798665622,18.406811632876526
2018-11-10,10.538923155980424,78.87906440470044,1.8864931039603487,2.4714129028949685,9.231538593300709
2018-11-11,16.26419989420343,75.94475373509886,2.0865118835672956,2.606470221769018,18.773666490339046
2018-11-12,14.598271957960302,79.04921919518618,2.4281199459687723,2.6478575971217704,15.997119929933836
2018-11-13,15.419114846480646,75.57790815538296,2.1465686754609443,2.572383506179028,17.365191410801074
2018-11-14,12.063283783893816,76.06146094549446,1.8403458137278876,2.4564994336869748,11.772139639823024
2018-11-15,9.016749753298482,86.57254023167519,2.003527211584138,2.6508615649044702,6.6945829221641375
2018-11-16,15.509756194248514,69.66900017707313,2.2105074940500433,2.7257761798402504,17.516260323747524
2018-11-17,9.0,86.74315573284885,2.2155914927984264,2.514564747278637,5.0
2018-11-18,13.047948523272396,80.78605982058862,1.808422855575311,2.641050100173877,13.413247538787326
2018-11-19,16.82354559925991,88.31217007535632,2.101342906365295,2.565154206488231,19.70590933209985
2018-11-20,14.575693207619109,66.0957137284154,1.5773991632157984,2.35800139628745,15.95948867936518
2018-11-21,19.84502793436944,81.084843686102,1.9428495714844456,2.522908238176368,24.741713223949066
2018-11-22,17.07532745774532,69.18278460002732,2.1297057498915235,2.5002857814671695,20.125545762908867
2018-11-23,12.03830483502327,80.24362502756918,1.9277360391760328,2.616679820809711,11.730508058372118
2018-11-24,14.081940139554316,77.89452056495915,2.0887940245887258,2.853130962755592,15.136566899257193
2018-11-25,13.857887892366692,79.85546007012263,2.235901555175978,2.5250726530177783,14.76314648727782
2018-11-26,9.253469709961617,70.66509594885764,2.0643530513539,2.8999924318522448,7.089116183269364
2018-11-27,11.17880325054694,72.20425112725076,1.7794339213715766,2.533057345614689,10.298005417578235
2018-11-28,12.31771727906042,95.50604349198416,2.117982152926258,2.3849609206641587,12.196195465100699
2018-11-29,9.0,84.17951376323629,2.133125287564562,2.12133152335592,5.0
2018-11-30,14.142480404754929,88.9409558574263,1.7386627174995724,2.8543586756204418,15.237467341258215
2018-12-01,13.252784466040877,85.40835573548011,1.7403725056594261,2.5578522715739953,13.754640776734796
2018-12-02,9.0,79.61672738808386,1.6091245075073468,2.698970014421865,6.635530493442129
2018-12-03,15.212638595831997,90.79538436695785,2.705586243571779,1.9383380104565409,17.02106432638666
2018-12-04,16.14761823407288,95.604260215055,1.281407670145795,2.5897244273836795,18.579363723454797
2018-12-05,14.681103436594666,80.81265415579985,1.4459054215325908,2.285151906738393,16.135172394324446
2018-12-06,13.02779547437309,94.55164282544827,1.6407230518115745,1.8780287153639983,13.379659123955149
2018-12-07,15.774326455255565,90.48851457680261,1.620794683214506,2.569554001586928,17.957210758759274
2018-12-08,16.040661081430073,80.3369886266278,1.9312289302125085,2.5665980614945854,18.401101802383454
2018-12-09,14.922210709159065,82.90628769282502,1.9748146723681204,2.328319967569849,16.537017848598442
2018-12-10,11.526163248695717,103.89990239993023,1.8066566560910993,2.5063057856576765,10.876938747826195
2018-12-11,14.829802296533542,78.68308368702252,1.583162711033265,2.229655917093724,16.383003827555903
2018-12-12,17.586441952476438,76.3286494117946,2.234984931980648,2.6933797705268,20.977403254127395
2018-12-13,12.21011282416481,70.22632363121156,1.8102210238169982,2.323084860505978,12.016854706941348
2018-12-14,20.293818017397292,85.12716927913924,1.8625686575993163,2.741149350180538,25.489696695662154
2018-12-15,12.423107198043846,64.08024406758062,2.4333343721415224,2.4178582568379907,12.371845330073079
2018-12-16,14.09722104002041,73.41094165262552,1.7625139745876974,2.2939741212109586,15.162035066700682
2018-12-17,11.982543211980992,88.23085357800991,1.8251212719918217,2.215701503081116,11.637572019968319
2018-12-18,14.669812507760783,64.44745520483391,1.566035285521843,2.627118192351913,16.116354179601306
2018-12-19,9.0,78.29318650030464,1.870265614639327,2.38820095523068,6.288891536823623
2018-12-20,12.361874603549836,81.69487101428244,2.0714836324507337,2.2990674745980826,12.269791005916394
2018-12-21,10.723636398954298,70.09997408643004,1.8896144264352268,2.7991692103615162,9.539393998257164
2018-12-22,14.406015043676872,81.55384490643786,1.9457418331465515,2.570487493014745,15.676691739461454
2018-12-23,16.983342126526722,81.94879390189672,2.5549849940825995,2.5616836827648277,19.97223687754454
2018-12-24,15.938018561343654,85.0148047741265,1.2819825377699172,2.707820520882795,18.230030935572756
2018-12-25,9.0,89.09678237130126,2.1511476059615102,2.392680501025685,5.0
2018-12-26,20.126208958783643,95.72234664517606,2.102162007489961,2.5285909326207197,25.2103482646394
2018-12-27,14.885839821862605,86.18251042603657,1.7473229166017,2.6546057308556703,16.47639970310434
2018-12-28,11.670502578520999,82.95372048797971,1.7820770408534228,2.524731125810835,11.117504297535
2018-12-29,14.471383756972823,79.2081613290829,1.9815704974156774,2.557128289325121,15.785639594954704
2018-12-30,14.528569467508078,78.32448819869998,2.050423860109225,2.263491426975543,15.880949112513463
2018-12-31,11.99945384914531,76.72341149745168,2.003206922426035,2.54276767193638,11.665756415242182
2019-01-01,14.593750002026226,89.30414048146318,2.4395340925778344,2.5621888080938575,15.989583336710378
2019-01-02,12.177583137139077,67.42469865007666,1.8409288674396191,2.4940053498909647,11.962638561898464
2019-01-03,12.786914021929931,90.96273788789632,2.1622475150962366,2.404155303990483,12.978190036549886
2019-01-04,11.941162592734747,93.30842588231704,1.857552286800367,2.533614947739231,11.568604321224578
2019-01-05,9.70198613078104,75.09209962532682,1.7483398702616089,2.2722825012809276,7.836643551301736
2019-01-06,14.437509410646152,87.64216737567229,1.8691715928882533,2.3253917277488356,15.72918235107692
2019-01-07,15.755898309549014,84.22540885772558,1.9245662938782357,2.5171038617659964,17.92649718258169
2019-01-08,15.544650788229117,79.84705972582955,1.714435382474838,2.4735884794727148,17.57441798038186
2019-01-09,16.459775757905703,85.66996618353218,2.1202296846743574,2.63734958996777,19.09962626317617
2019-01-10,14.973020630044605,89.21870422275828,2.470296210171786,2.620424222592702,16.621701050074343
2019-01-11,12.40182350534929,91.72163952204468,2.517694048447428,2.304966667144189,12.336372508915483
2019-01-12,16.518991593293567,80.56288253679627,1.9336288922823448,2.292750918554285,19.198319322155946
2019-01-13,9.927447380474195,73.43417321649939,1.9094500221718262,2.7853566371435265,8.212412300790325
2019-01-14,11.29798585246256,90.81719082814216,2.082078199057653,2.076199382008354,10.496643087437599
2019-01-15,11.107399785730266,73.66428027618598,2.1593169406857147,2.393170752774598,10.178999642883777
2019-01-16,17.24016817741793,88.38199501410227,1.9238790601618025,2.4611123554039165,20.40028029569655
2019-01-17,16.828365542420226,86.87605888672437,2.0795443472032664,2.328468674668244,19.71394257070038
2019-01-18,15.461915711134985,80.6986251694352,1.772823306358731,2.4831147552945136,17.436526185224974
2019-01-19,17.215789595635393,59.46086464984306,1.7031582830442968,2.6228645014100227,20.359649326058985
2019-01-20,11.362151652764036,79.14539255708499,1.5431790561365384,2.276811431524893,10.603586087940059
2019-01-21,15.045785359582942,73.28463228198326,2.706045508567479,2.287645958362208,16.742975599304902
2019-01-22,13.624476714850507,81.69975934577958,1.788489811147611,2.740510973275444,14.37412785808418
2019-01-23,16.54064631165474,84.5789073887126,2.144089490365305,2.7236256835896753,19.23441051942457
2019-01-24,13.654327302343408,66.9044316220032,1.6740692539728905,2.321318883846816,14.423878837239013
2019-01-25,12.845171334769756,77.08141017022587,2.217205508119421,2.2126646822576688,13.075285557949595
2019-01-26,15.622725555682969,97.56605041915861,1.4402310050771248,2.328833747045639,17.70454259280495
2019-01-27,16.628507501573697,94.46886941498003,1.8777014315616603,2.4821909294119497,19.380845835956166
2019-01-28,11.994964415459595,84.37988208429432,2.219706236654618,2.833666546603531,11.65827402576599
2019-01-29,13.816772985942873,83.52475302314167,1.9942929431667638,2.527946421056486,14.69462164323812
2019-01-30,10.824678099075042,82.33172797778788,1.8047419751824534,2.3995996931275947,9.707796831791736
2019-01-31,9.0,77.08535041565176,2.0662183294904453,2.6587661654098103,5.0
2019-02-01,14.601378894241186,79.17647611131162,1.704469089977168,2.4154179457029805,16.002298157068644
2019-02-02,15.826716068763895,77.34355284476013,2.220720182362625,2.3252227221940456,18.04452678127316
2019-02-03,14.786200427260177,82.77486295458932,1.846505535160774,2.5395893927563566,16.310334045433628
2019-02-04,9.0,77.67672868273466,1.627115514507661,2.723324900329986,5.252191411228164
2019-02-05,12.947451709770576,82.11786685078789,2.3862474126606075,2.874975463750085,13.245752849617627
2019-02-06,9.0,79.93174143710775,2.218834360096642,2.7611190262318854,5.0
2019-02-07,18.109103322962554,86.47737545027893,2.1131834308251087,2.691975662601757,21.848505538270924
2019-02-08,10.741836253645742,62.86774239986366,1.8425382532218841,2.688511671239731,9.56972708940957
2019-02-09,17.76621082837969,84.73215349632014,1.7544422050175865,2.5505800380758963,21.27701804729948
2019-02-10,16.837608931052436,78.4187360661462,2.2875946284321573,2.588356029557533,19.72934821842073
2019-02-11,11.298228942391816,84.32459854316794,2.4882227713177367,2.623428370133319,10.497048237319692
2019-02-12,10.601645146196764,88.03660837941553,1.5592204806654608,2.608404151526105,9.336075243661275
2019-02-13,15.051110649159014,82.47552507145916,2.1985745177940386,2.8201930343519215,16.75185108193169
2019-02-14,11.467027888450787,88.30715012158974,2.1182096838158517,2.525004193352503,10.778379814084644
2019-02-15,14.307453926474622,77.33041047571902,2.147784878328557,2.2628963670228677,15.512423210791038
2019-02-16,12.551517227579245,79.44319436334676,2.175405754405247,2.5846924469773023,12.585862045965408
2019-02-17,9.0,77.40529501806957,1.2316228832912053,2.4898621382672026,6.0942079276718335
2019-02-18,9.0,65.33754522408317,3.010805172596548,2.780431205427554,5.0
2019-02-19,14.680052745483792,72.96801505887359,2.167753124993493,2.339898598802636,16.133421242472984
2019-02-20,12.315326761008123,90.38788297082486,1.9093893549896819,2.735009581710747,12.192211268346874
2019-02-21,12.340730549257604,81.28354736751878,2.300855329893511,2.5345488805452305,12.234550915429338
2019-02-22,16.087591517281357,90.91542257803756,2.1832270086495664,2.2129937692665296,18.479319195468925
2019-02-23,17.520326829897336,91.45855553082717,2.214857493641156,2.129188110833252,20.867211383162225
2019-02-24,13.182365835914572,84.80194427417008,1.9344274000614285,2.483370803136606,13.637276393190954
2019-02-25,12.978203879270415,58.66888065206996,2.1977081526624227,2.463395251327732,13.297006465450693
2019-02-26,15.500429099341652,87.34115820171945,2.0092463883490197,1.9926369871225469,17.500715165569417
2019-02-27,9.929193290901274,64.12366199533142,2.5286875718826343,2.516606125108771,8.215322151502123
2019-02-28,14.669459164243092,81.26519806442212,2.15980180999319,2.2983959621438115,16.115765273738486
2019-03-01,15.655657915466461,71.17570996108758,1.657572820134136,2.4798115283374016,17.75942985911077
2019-03-02,16.040690625252886,90.854457961359,2.355155802259514,2.4469166079083213,18.401151042088145
2019-03-03,9.0,73.47737488161023,2.064015862785272,2.5915712444643364,5.316236487487675
2019-03-04,11.715934190573178,78.81963660128342,2.2803760764135945,2.586015960007478,11.193223650955296
2019-03-05,11.3652102415296,100.30813245037888,2.081522888072509,2.755973265776437,10.608683735882668
2019-03-06,14.29966086322764,81.99490493456712,1.76155256679074,2.5855422939496804,15.499434772046065
2019-03-07,15.442233739303951,88.89790598660262,1.7521526766140223,2.5569380630237966,17.40372289883992
2019-03-08,18.490131222337943,72.49968697182956,1.9177795926469339,2.9767325531774818,22.483552037229906
2019-03-09,12.515103558895781,99.46224679934807,2.033081009640795,2.437416507935345,12.525172598159635
2019-03-10,12.507282505072359,84.738771818747,2.2903188117616473,2.736201218320478,12.51213750845393
2019-03-11,17.44901605663624,90.84209670307827,2.176209752590501,2.586931937391446,20.748360094393735
2019-03-12,14.889730815590916,62.375496908058324,1.7461412735585369,2.694250306187099,16.482884692651524
2019-03-13,17.80295453356392,82.43816165280845,2.4734899802395027,2.240805813075753,21.33825755593987
2019-03-14,14.866184009029508,80.92311477209499,1.713351057207831,2.5626229934840055,16.44364001504918
2019-03-15,10.528650143860187,93.97948702765046,2.0445877855107026,2.659217278537212,9.214416906433645
2019-03-16,10.00061493566658,67.27496963028942,1.8972556617912149,2.733686252837459,8.334358226110968
2019-03-17,9.345463252823212,73.47293767141966,2.3820083851290352,2.5153816836703533,7.242438754705355
2019-03-18,15.98615550427542,90.98719696476705,1.3183779121698456,2.5191276386855446,18.310259173792367
2019-03-19,17.565790469261024,81.03927826522296,1.9861896689601997,2.341643713590756,20.94298411543504
2019-03-20,19.548086424159145,78.18790205896143,2.0430829221656306,2.462000379950449,24.246810706931903
2019-03-21,16.52931599696972,77.02895848878117,1.7461500805748131,2.242339333985649,19.215526661616202
2019-03-22,17.48851573260496,84.19478964094829,2.1620406017183753,2.5997466414936428,20.814192887674928
2019-03-23,12.259951002038946,83.39697614769024,2.0319603891982805,2.2620754932914267,12.099918336731577
2019-03-24,10.53075254976843,76.40249001633339,1.4043391184640823,2.6095612251145055,9.217920916280717
2019-03-25,16.55023799725266,78.3601986623196,1.8201570745588,2.1926776837000705,19.250396662087766
2019-03-26,15.253042256718203,72.4158599045206,2.4668239802557337,2.6050397335924624,17.088403761197004
2019-03-27,14.322333123022677,89.30561886521689,2.2487838836208343,2.4525345547794224,15.537221871704462
2019-03-28,15.16211444189897,71.2067413489565,1.6731872544680613,2.5535994089737786,16.93685740316495
2019-03-29,14.969556447374618,80.24680185676323,2.210895315117709,2.706400130211916,16.61592741229103
2019-03-30,17.851450579560684,86.03671532974494,2.0529963967688936,2.8325070410583715,21.41908429926781
2019-03-31,17.88495675445087,88.09966608227829,1.7005442956601553,3.036646513305597,21.47492792408478
2019-04-01,15.632661057021041,70.23181088053633,2.015641298350384,2.5343539205842482,17.721101761701735
2019-04-02,16.537408617688783,81.36926430396926,1.7833219707565768,2.358242907666596,19.22901436281464
2019-04-03,15.542187657274328,82.22557743501318,2.3967179453229517,2.8665462278942284,17.57031276212388
2019-04-04,12.616490803896143,85.42547765798275,2.307487062969272,3.0172547223613924,12.694151339826906
2019-04-05,16.26969402473942,73.15556087058475,2.0641427462488657,2.670362982444061,18.7828233745657
2019-04-06,9.816514793422215,80.36725100894215,1.949577786772862,2.237176763410236,8.027524655703692
2019-04-07,17.161674656887648,79.1342642767869,1.8648589804564517,2.7021211827040563,20.269457761479416
2019-04-08,10.416431180701895,74.68452343919358,2.1973606981657756,2.475169627986176,9.027385301169826
2019-04-09,14.857409860384198,70.50244314786782,1.850543682763546,2.629055396794711,16.429016433973665
2019-04-10,11.464538124721523,69.2717571964565,2.2787446473383923,2.7449583849662686,10.774230207869206
2019-04-11,15.66016694922328,72.10030476612609,2.2290980577487516,2.660346649254738,17.766944915372132
2019-04-12,13.898224322216274,79.6736875770416,2.2323023779784834,2.238205499812611,14.830373870360456
2019-04-13,9.215732125510003,81.9828954561155,1.7364140130204229,2.524533380490328,7.026220209183338
2019-04-14,15.262098893055438,78.64547031635425,2.3201963629149303,2.5014031427755565,17.103498155092396
2019-04-15,12.266237669501868,85.2964578800714,1.338870173772651,2.6042046155266,12.110396115836448
2019-04-16,16.643440162440108,72.86266508821103,2.2754897459931853,2.4122565702913183,19.405733604066846
2019-04-17,14.003977066203221,81.73606568961921,2.0656043045892596,2.427026999257323,15.006628443672037
2019-04-18,15.186262956164114,82.95905880891769,1.8757423808328637,2.4357876339158344,16.97710492694019
2019-04-19,11.127293134954364,77.20115962372024,1.492145957560412,2.8381287030067273,10.21215522492394
2019-04-20,12.232003305717914,79.45029071302925,1.8477869248048062,2.392648162253163,12.053338842863191
2019-04-21,12.624084091696746,86.40558763644715,2.3122859273338494,2.6364175631243167,12.706806819494577
2019-04-22,16.570107440727668,76.0395974911211,2.0984336502017973,2.593085005803649,19.28351240121278
2019-04-23,19.032131263416467,70.01405850697977,2.1798754667974403,2.7494318502265234,23.386885439027445
2019-04-24,11.584484744771371,65.32996057719205,1.9519512010383393,2.8933322629018225,10.974141241285619
2019-04-25,17.23054443397304,74.76244311524046,2.0709114359559258,2.217499635770355,20.3842407232884
2019-04-26,9.0,93.40980718857462,1.8830335742590396,2.659676519307721,5.0
2019-04-27,10.417431796723132,81.30335373210606,1.163154828640354,2.433410722091527,9.029052994538553
2019-04-28,11.123664631439675,87.68014931026951,2.3039646395104505,2.6534489009392,10.206107719066125
2019-04-29,9.942473931677833,66.39273692219304,2.4003544532910555,2.294072545635861,8.237456552796388
2019-04-30,9.24923483063726,90.58165805124216,1.9575698957096188,2.448695254146168,7.0820580510621
2019-05-01,15.238996736413393,87.43217585123583,1.9094570455498894,2.3952974416041526,17.064994560688987
2019-05-02,13.357796906816416,89.54506812047322,2.244141721907108,2.46370813263407,13.929661511360694
2019-05-03,15.13821619281533,81.71166406434394,2.1702232639812657,2.458791195508454,16.897026988025548
2019-05-04,16.07141805836454,78.52881490156044,1.863084507569856,2.3001307548907413,18.452363430607566
2019-05-05,14.7968509795176,74.43435109001844,1.696180126744225,2.3113902521078264,16.32808496586267
2019-05-06,15.97328952845112,70.05013825643192,1.9052417448031707,2.523972028791666,18.28881588075187
2019-05-07,13.791403141273191,75.03706845049719,1.8216522375434747,2.595708459976252,14.652338568788654
2019-05-08,10.439019835082766,84.01878296711578,1.9272854782039612,2.572166705757271,9.065033058471277
2019-05-09,17.17344254246239,85.89198922553743,2.644583684577914,2.2513358005149033,20.28907090410398
2019-05-10,12.232663601656618,86.99239620738356,2.146633584331471,2.2647232128188675,12.054439336094365
2019-05-11,11.193211103712722,87.74688688382447,1.7632906933042813,2.6524182505494935,10.32201850618787
2019-05-12,13.466246372586806,89.81310825936959,1.8724177274231422,2.6131793976971442,14.110410620978008
2019-05-13,11.261567242110461,86.48084697033455,1.898212396201574,2.3539751343003212,10.435945403517435
2019-05-14,12.747708854031703,85.1498550712159,2.487233979158937,2.316801519795312,12.912848090052838
2019-05-15,15.0321617646904,82.12834221469757,2.122010742038569,2.269276996558596,16.720269607817333
2019-05-16,15.045025217738381,82.68085948409076,1.6604674300255438,2.668711323525822,16.741708696230635
2019-05-17,11.306509800723113,88.52854911163986,1.9575625348036494,2.6696061072074455,10.510849667871852
2019-05-18,12.536883881153766,89.1120179966887,1.5201895202639932,2.337855218467285,12.561473135256277
2019-05-19,17.22299901431073,90.12487158559942,1.874594161803974,2.5834940893474987,20.371665023851218
2019-05-20,15.489200353201824,81.32807689319364,2.423708978365073,2.5547714919010156,17.482000588669706
2019-05-21,20.225195118045626,63.488255519107454,1.7383077910517346,2.5184793969870136,25.375325196742708
2019-05-22,17.54038452122458,80.66003350272744,2.035082507770046,2.6288180332804103,20.90064086870764
2019-05-23,17.432879205679818,72.64210759981532,2.1196908580292853,2.7028393254319214,20.721465342799696
2019-05-24,9.836394348632595,69.30365033499677,1.7435879472435813,2.7161775809304514,8.06065724772099
2019-05-25,16.291581054900266,79.10358104606811,2.1596061767440426,2.204488501577948,18.819301758167114
2019-05-26,13.840679594909268,81.8940380626755,1.9494647592886156,2.4453558933364365,14.734465991515446
2019-05-27,12.347054589385252,76.8319738989148,1.6496262633829974,2.2567579251182037,12.245090982308753
2019-05-28,14.504046021597585,73.36486505869111,2.0132842834722924,2.6815271261533646,15.840076702662643
2019-05-29,16.83563460383445,94.58132282617316,2.0177439325809297,2.3535850502750217,19.72605767305742
2019-05-30,15.502494773012636,80.86534430673939,2.1471589465775116,2.8695001739821007,17.504157955021057
2019-05-31,11.36457859597382,77.92685747447953,1.961216210949934,2.671164081490331,10.6076309932897
2019-06-01,16.22737674077786,69.51285610887852,1.7477359950683125,2.532719520600996,18.712294567963102
2019-06-02,12.087237373772108,85.42262329622694,2.167825457243008,2.510872001806497,11.81206228962018
2019-06-03,14.65004935689286,78.47209266096354,2.026278015350997,2.316565717167143,16.08341559482143
2019-06-04,13.089949797568597,77.86171729033902,1.9292736646891382,2.5505214713036977,13.483249662614329
2019-06-05,13.343401244793123,85.25181266348739,1.8026831522460391,2.6594710256193497,13.905668741321872
2019-06-06,16.29872892512153,55.687282332868314,1.7344765918242824,2.710799765807514,18.831214875202548
2019-06-07,10.879418840552306,82.26374246014105,2.0989661198791016,2.4166402931775544,9.79903140092051
2019-06-08,19.8355852228308,66.937069660109,2.375492384803776,3.2544727552946173,24.725975371384664
2019-06-09,9.0,81.41747710499587,1.599627893394467,2.8604888831378865,5.894569653527519
2019-06-10,12.206996950235428,82.0944983116964,1.821495329096583,2.557463259690581,12.011661583725715
2019-06-11,15.110635669825223,66.40401201599533,1.9809612433240826,2.0525775355093927,16.851059449708703
2019-06-12,15.752942499305929,83.94431409726661,1.7402467363606322,2.4531973667023457,17.92157083217655
2019-06-13,13.698572838284885,82.49160492205617,1.7884265114088314,2.5309562401464394,14.497621397141474
2019-06-14,13.827827890995373,75.1205134969639,2.6491756680034593,2.8201074387028666,14.713046484992288
2019-06-15,15.23165025598285,86.88186873003383,1.7475347351727433,2.387382293380271,17.052750426638084
2019-06-16,13.30679156762696,75.77253715092469,1.8278952456246638,2.120185394808311,13.844652612711599
2019-06-17,18.179543773804717,75.76698490150844,2.036527811297205,2.4315093495574662,21.96590628967453
2019-06-18,16.518047342694807,70.46687579307775,2.399386691332688,2.755758565933693,19.19674557115801
2019-06-19,16.618473053016903,77.11246251702919,1.9553557608080563,2.4779787256707704,19.364121755028172
2019-06-20,11.101529829888749,88.17287580318492,2.369684717653243,2.32412991762037,10.169216383147916
2019-06-21,13.761834726782892,63.44124671086013,2.188460792266034,3.023585190342437,14.603057877971485
2019-06-22,13.09860215383789,78.87356685992765,1.9046310734010286,2.7119504458200834,13.497670256396482
2019-06-23,10.983195872931603,76.91469435193267,1.8149936799133566,2.8496134297181603,9.971993121552671
2019-06-24,15.0804925518373,76.6448499511342,2.2331324860384916,2.294046614350497,16.800820919728835
2019-06-25,12.38706272666055,79.31189793229085,2.1567965724205473,2.658143790580387,12.311771211100918
2019-06-26,15.96621148955071,77.37738696450343,1.5679360093434207,2.879926760606504,18.277019149251185
2019-06-27,10.789425311317004,70.98844739657645,1.818715785356951,2.2037232372151068,9.64904218552834
2019-06-28,19.157121838525462,82.06566797971414,1.7168158879597546,2.768255263534566,23.595203064209105
2019-06-29,11.311002024223814,70.42279405985407,2.2238351772832794,2.527987308171319,10.51833670703969
2019-06-30,14.657907011601308,71.2601616370334,1.9332974027266512,2.4634130859810446,16.09651168600218
2019-07-01,16.3755779311642,74.2943455248278,1.4763374900655792,2.5635336753119535,18.959296551940337
2019-07-02,12.288078709399661,74.39714419000158,2.217292669765466,2.6502231964086898,12.146797848999435
2019-07-03,16.557405930298852,72.07060186841822,2.294862760231391,2.424449657267866,19.262343217164755
2019-07-04,10.312449206598751,88.8460952777256,2.0015942099760813,2.552216536938187,8.854082010997919
2019-07-05,18.356353097547682,85.65310037812759,1.6590750903583118,2.5347252772889095,22.260588495912803
2019-07-06,14.042447794897274,80.08701236767028,1.8499940566421444,2.499749412910366,15.070746324828791
2019-07-07,12.21076577609336,87.39300831885737,2.0241521935501807,2.57195675537466,12.017942960155601
2019-07-08,13.102454682717697,76.56760475500774,2.3466615115541316,2.6465087398374636,13.504091137862828
2019-07-09,16.42675780817816,88.3695756105846,2.268537497941391,2.5573833588465185,19.044596346963598
2019-07-10,12.246634124448686,89.5897764555835,1.9593736774126729,2.1309357861897293,12.077723540747808
2019-07-11,11.751926931731667,77.63437659089526,2.009115495801346,2.602332669221095,11.253211552886112
2019-07-12,13.335390207248786,78.69827691103293,2.3276117993306125,2.60077867412632,13.892317012081309
2019-07-13,10.469113661690095,70.33629722970305,1.9315879724821035,2.5933045616181514,9.11518943615016
2019-07-14,19.461631723825448,71.83438440324603,2.0547706966999058,2.9030532829555615,24.102719539709078
2019-07-15,12.300816226355831,90.73734480322257,1.9398521383193483,2.592931077022439,12.168027043926383
2019-07-16,16.49485035854121,80.43347452833615,1.9265315871731454,2.8809942131497026,19.158083930902016
2019-07-17,14.628410250943318,90.61026862670029,1.7453038441551725,2.479478410081565,16.047350418238864
2019-07-18,11.046397848554095,78.48491612437915,1.9784987055199983,2.762909727381385,10.07732974759016
2019-07-19,13.982135872361813,69.8579800326641,1.4500394297001922,2.9620622339283513,14.970226453936354
2019-07-20,16.352008337932244,82.60162559835393,2.336684277512089,2.434151137363956,18.92001389655374
2019-07-21,13.43521599474108,80.14211041360304,2.2270477456761966,2.54205486759195,14.058693324568468
2019-07-22,17.579338837553085,84.3454205289324,2.1893848642964833,2.4739338271793767,20.96556472925514
2019-07-23,17.06454617834559,84.74997578349215,2.3016914447220254,2.3063994783355044,20.10757696390932
2019-07-24,16.756744563974987,67.00324550058046,2.0254833342505294,2.487650107638882,19.59457427329165
2019-07-25,12.621029683181009,81.05910820507982,2.0105023942325406,2.7778951460106995,12.701716138635016
2019-07-26,10.760472656655539,89.30220332647048,1.8094926104962905,2.3875879611672044,9.600787761092565
2019-07-27,12.159237183911618,70.74271488051221,2.1903005952239263,2.581568527610031,11.932061973186027
2019-07-28,14.588722822000161,70.13259481320834,2.6018998768960238,2.941977674568069,15.981204703333603
2019-07-29,15.637360140597067,74.87981941010997,1.714267202519155,2.3915595554644145,17.728933567661777
2019-07-30,9.0,83.93363627185249,2.2907825158673054,2.7404808148684174,5.0
2019-07-31,13.975660395164748,78.68638112067808,1.866946883740536,2.5499409185521915,14.959433991941248
2019-08-01,14.474267675969553,86.67248763815459,1.5456249628806566,2.6787516651224337,15.790446126615922
2019-08-02,13.167367231053346,80.70138514926197,2.0845749383478376,2.3818780627478136,13.612278718422242
2019-08-03,17.873821517047638,79.85606101314725,2.3547863217791467,2.618687482723514,21.456369195079397
2019-08-04,15.265340222752613,84.38924344880803,1.9221648779910123,2.59351124075808,17.108900371254354
2019-08-05,17.93057572424269,74.53748242301043,1.7467867697338657,2.430953592306569,21.550959540404484
2019-08-06,13.352118438949303,83.24531662403288,1.7727174523900764,2.207294125133859,13.920197398248838
2019-08-07,16.812432477520776,86.68148081866674,2.372060637251292,2.7768941624859846,19.687387462534623
2019-08-08,18.90519918358256,94.79125621589984,2.1920910898118633,2.5220498234694277,23.175331972637597
2019-08-09,17.935080347817983,65.79578411730742,1.940128993193172,2.694225598580409,21.558467246363307
2019-08-10,10.723575219713801,83.84296568767682,1.7392814768277767,2.3324515322000305,9.539292032856334
2019-08-11,13.238971767372856,74.62674756205982,2.5003578779752997,2.4636321041070297,13.731619612288096
2019-08-12,12.964505883650611,87.55292221969998,2.4830015165018495,2.7207445203679854,13.274176472751018
2019-08-13,15.467763605228983,82.00458145319632,2.081697930393134,2.393247552087929,17.44627267538164
2019-08-14,16.0590606650436,74.29989459252658,1.2317642412819918,2.6858226381018273,18.431767775072665
2019-08-15,11.483321977922792,85.26452679805494,2.0379104339428404,2.287522683144802,10.80553662987132
2019-08-16,14.203515541750813,84.0507042965821,1.875805639544329,2.5060623495422387,15.339192569584688
2019-08-17,9.0,91.0723345364288,2.6147298987164675,2.2863016214560994,5.0
2019-08-18,18.32583501740567,81.10278432486118,2.1376831046242466,2.6053078327996273,22.209725029009448
2019-08-19,12.46287727796992,90.85873763742742,1.6453957643072807,2.42398476808108,12.438128796616532
2019-08-20,14.167591819533492,76.8899871733189,1.8534543885582149,2.330834033651162,15.279319699222485
2019-08-21,13.071050858035816,84.00993620004334,1.575449180118278,2.59792264771447,13.451751430059694
2019-08-22,17.438082725040246,76.80154016164187,2.6026341971122346,2.5486563511695572,20.730137875067076
2019-08-23,9.0,71.81485680012432,2.1261438159119814,2.4911502116692765,5.0
2019-08-24,13.950168973022272,80.76254227827332,2.4817306777241197,2.458146635158109,14.916948288370454
2019-08-25,13.682543727506907,77.04449369347533,1.8097459698777092,2.8433997058073883,14.47090621251151
2019-08-26,12.639090837224952,84.47837566945707,2.5624450547200706,2.768469889613252,12.731818062041587
2019-08-27,19.1786796369069,78.30851949758565,1.7496947091786634,2.2605968538927756,23.631132728178162
2019-08-28,11.338011623432687,61.1560802098402,1.7882248641231018,2.783298076820408,10.563352705721144
2019-08-29,16.315388531706983,90.24229422474414,2.2738188891088784,2.335596305896815,18.858980886178305
2019-08-30,15.068758366118251,92.66551415537921,2.0970395107921562,2.5590011973523574,16.78126394353042
2019-08-31,17.78455775760655,80.20771825181691,2.132202329846395,2.3435782184882434,21.307596262677578
2019-09-01,11.998432745667484,77.13289354689064,1.2968831574227413,2.397316806150615,11.664054576112473
2019-09-02,11.801093302628724,80.58845656154,1.339249233671707,2.4070703214261924,11.335155504381206
2019-09-03,17.288209722432196,73.49500675856208,2.0618612766318853,2.616243128149863,20.480349537386992
2019-09-04,15.27596392499033,84.10928029713169,2.29742535362284,2.2143578166582696,17.126606541650553
2019-09-05,9.365187959969724,81.06163028785173,1.8023949182866759,2.657344866449743,7.275313266616207
2019-09-06,12.38208495661019,90.13677485434525,2.0196640812662525,2.8294117738407545,12.303474927683649
2019-09-07,15.159147961544182,76.04663849760576,2.0472630629517905,2.4271043918935207,16.931913269240304
2019-09-08,16.513292664639767,79.6069818454318,2.1605910871518867,2.523826031070982,19.188821107732945
2019-09-09,11.962308040421135,70.2428495795081,2.0478566389765374,2.582709460086802,11.603846734035224
2019-09-10,9.0,64.59641289624662,2.230763673939819,2.8483649658466534,5.0
2019-09-11,15.5696695572111,79.51577339930162,1.9699473860060401,2.493600382156835,17.616115928685165
2019-09-12,10.339037930168072,80.04499168118727,2.3062350077021225,2.617091098622829,8.898396550280122
2019-09-13,9.0,81.27814948111585,2.245901306634206,2.6059105744831546,5.0
2019-09-14,9.0,69.99850669948577,1.6389035870637292,2.4817719575919446,5.0
2019-09-15,16.441942580593224,75.06007595802465,2.2746709564942034,2.6193115280353547,19.069904300988707
2019-09-16,14.385852351214899,70.03705506188149,1.308808136022185,2.6465916860182657,15.643087252024833
2019-09-17,13.323030857863245,86.29060973696649,2.203491568346422,2.6146087425313835,13.871718096438741
2019-09-18,18.167073088888287,85.6310192640162,1.9557866378586632,2.5020608549196663,21.94512181481381
2019-09-19,15.911974049069217,76.83636004479669,2.288736601873663,2.4307533734742117,18.186623415115363
2019-09-20,18.84890012816575,73.83316672181346,2.361575301696781,2.722659550069525,23.081500213609583
2019-09-21,9.82179358349901,68.84364580117715,1.9523826930400536,2.508681797883301,8.036322639165018
2019-09-22,13.89634812813811,83.05029767379156,1.8375585124216116,2.435013682603233,14.827246880230183
2019-09-23,9.149859875155958,80.33297008695645,2.3502772083900676,2.633516487794537,6.916433125259928
2019-09-24,13.311853004433598,75.80386916883226,2.1324350045057687,2.095880982712348,13.853088340722664
2019-09-25,13.254152438699968,84.42121960185216,1.7589864580778802,2.578595181567894,13.756920731166613
2019-09-26,15.879840911789213,78.02144477179094,2.1543416626541814,2.393251858584626,18.133068186315356
2019-09-27,14.136691643425696,71.00036149839663,2.4953345113303627,2.4400048949550652,15.227819405709491
2019-09-28,15.870221414839747,92.67311941483563,2.065097398438443,2.4352134510563106,18.11703569139958
2019-09-29,16.110320399416683,95.36007866428886,1.9917660303655371,2.389358490123951,18.51720066569447
2019-09-30,20.464786032149426,85.4563676021808,2.009812273537604,2.648128437316607,25.77464338691571
2019-10-01,13.054110034141626,89.50120485930853,1.915079105572787,2.6008027731487164,13.423516723569378
2019-10-02,11.176931898000863,80.59457169603168,2.464473124041514,2.5781182034147982,10.294886496668106
2019-10-03,14.738250845949226,93.71837393405053,1.7006989256322165,2.7004762781063687,16.230418076582044
2019-10-04,11.59315991858137,85.30080937839188,2.0055667956377956,2.4845487355709617,10.988599864302284
2019-10-05,18.44588230530961,87.28170239663113,2.100141425662308,2.6779575246132716,22.40980384218268
2019-10-06,13.150345883164302,73.75271513166814,2.548996332221525,2.6163411766268165,13.583909805273837
2019-10-07,12.303270896378029,90.12751568130172,1.9255115831835878,2.2176389192575336,12.172118160630049
2019-10-08,12.586052836546646,93.1531789122612,2.0787004997487517,2.912582227274121,12.64342139424441
2019-10-09,16.155252270414923,93.62831504145525,2.1511383363193968,1.9774132174389818,18.592087117358204
2019-10-10,13.526759050305545,82.19441164017206,2.138836665114264,2.671113713657615,14.211265083842573
2019-10-11,12.074999539608854,103.66658194173307,2.419742420516909,2.8237897948662063,11.79166589934809
2019-10-12,18.996055752870593,79.87539982751956,2.101593972738366,2.3551282535303244,23.326759588117653
2019-10-13,11.43149047801475,72.84634789408898,2.0174256918511047,2.424548025762638,10.719150796691249
2019-10-14,14.10669822209898,88.97418128030188,1.9006749861516368,2.429453670984446,15.177830370164967
2019-10-15,15.956918454830692,81.03271466517221,1.9669062935266808,2.528576355197782,18.26153075805115
2019-10-16,9.10599466874878,71.68514791071829,1.833307193316083,2.679676580784969,6.843324447914634
2019-10-17,15.440781504217775,84.50339734120638,1.6090685591037412,2.196365609464607,17.401302507029627
2019-10-18,10.834676973558652,78.327948497151,2.357381056820806,2.675863924419096,9.724461622597753
2019-10-19,16.468348342502008,83.97211352891902,1.9651439412123097,2.4957387981953394,19.113913904170012
2019-10-20,11.11204696424307,88.41453979188712,2.426330832327585,2.200180363785819,10.186744940405118
2019-10-21,16.07830709554658,101.21119078955522,1.9962207278555983,2.1778645963086007,18.463845159244304
2019-10-22,17.31749919888414,74.67563169187059,1.6870730917615837,2.1011630439524227,20.529165331473564
2019-10-23,16.584309576898413,83.65310333320069,1.658231422018726,2.3945968091779166,19.307182628164025
2019-10-24,14.753949944714307,87.11942833581216,1.5322582367492534,2.431281293101777,16.256583241190512
2019-10-25,13.3060971712109,82.30651643866187,1.9273888166596156,2.875382888355756,13.843495285351503
2019-10-26,12.270741270995469,89.4836974550821,2.211346244448725,2.2730808126996966,12.11790211832578
2019-10-27,18.41310407245131,82.84358051500277,2.2100592931882996,2.4198303318659518,22.35517345408552
2019-10-28,11.90151433949707,89.3674166291982,2.0206150264312,2.6633528984237635,11.502523899161783
2019-10-29,10.888801779290011,67.8145285504155,2.025940292460097,2.2150845841570272,9.81466963215002
2019-10-30,15.99610680509849,82.59450928535362,1.5617619208228068,3.1272169155861653,18.32684467516415
2019-10-31,11.611589590440513,81.28460809522406,2.169033698928342,2.37613740403778,11.019315984067523
2019-11-01,11.149809507601619,68.4800950129256,1.8692138086886796,2.6996037146154985,10.249682512669363
2019-11-02,9.669187213490705,96.70712840706096,2.3180802884227494,2.309396433718121,7.781978689151176
2019-11-03,12.551270481618447,92.3860253192939,2.0340571920887998,2.6873018448282724,12.585450802697412
2019-11-04,13.75185492831052,78.70174118081061,2.187176101205833,2.5819213301066886,14.586424880517534
2019-11-05,14.729275182982096,67.61857149022673,1.6940863673144193,2.8447233875194473,16.215458638303495
2019-11-06,16.85391873289845,85.97431086609636,2.052438403075488,2.305759188458871,19.75653122149742
2019-11-07,15.580693770997382,86.41248619457325,1.8635411700682907,2.4168005762204,17.634489618328967
2019-11-08,13.42738334134046,78.78764978784893,1.9655936328147046,2.539117992033893,14.045638902234101
2019-11-09,13.40541297086084,81.437508523915,2.2158531838301236,2.748968160721378,14.0090216181014
2019-11-10,15.53047240674555,73.28613996171133,2.169765383774574,2.517423188523573,17.550787344575916
2019-11-11,17.817710488785707,84.78513015285567,2.3473762964772678,2.6863093796550315,21.362850814642847
2019-11-12,14.378942598449601,81.71692762699567,1.6225712426948673,2.23453738869047,15.631570997416
2019-11-13,12.592607437368773,91.30420194851511,2.602118414670308,2.5791700758669305,12.654345728947956
2019-11-14,11.021401996743364,86.03071738054156,2.396161892673797,2.6451671044782903,10.035669994572274
2019-11-15,9.664384206763323,79.27631429133453,1.9387472936206125,2.397836527549371,7.773973677938873
2019-11-16,15.998809016130568,80.58339303764743,1.3595955033856715,2.4081097015355737,18.331348360217618
2019-11-17,15.733935570918671,79.86021067576907,1.8142828129023147,2.2901739941834753,17.889892618197784
2019-11-18,15.732090575319985,82.70315519814599,2.0124584659220606,2.723291064286159,17.886817625533308
2019-11-19,13.614021660943832,77.90668181813733,1.631440744810421,2.210892764618127,14.356702768239721
2019-11-20,18.220804237675253,86.7509032542454,1.501528361383481,2.6516545644354865,22.034673729458753
2019-11-21,12.547644516245548,83.49002968568621,1.769190204813252,2.48386817956311,12.579407527075912
2019-11-22,16.865807711621617,80.37697955658072,1.9106151439963357,2.6237971712670745,19.77634618603603
2019-11-23,13.883771315031371,78.33889753469009,1.7833374447239065,2.7320279684765536,14.806285525052285
2019-11-24,12.174947705961987,76.77108255020065,2.106342956876171,2.6120569319532727,11.958246176603312
2019-11-25,15.777590921953283,70.66406996721331,2.1401581023539205,2.424917563016086,17.962651536588808
2019-11-26,15.228908356051981,80.29306132292999,2.1246012301580532,2.622239971628484,17.048180593419968
2019-11-27,15.070918277800779,84.06290541900444,2.1565657885735323,2.648958088859458,16.78486379633463
2019-11-28,14.243835266168595,69.83014524719313,2.199152691138831,2.699467576289681,15.406392110280994
2019-11-29,13.886320754849507,73.83345620962034,2.2341766433322072,2.515894230945589,14.810534591415845
2019-11-30,21.165115978611315,72.51938359166066,2.173858256397217,2.033438631577527,26.941859964352194
2019-12-01,17.55276993558852,76.8947929736911,1.956077227154785,2.7893745180526115,20.921283225980865
2019-12-02,16.168480684956535,78.14520406477014,2.059159423551099,2.829855354864508,18.61413447492756
2019-12-03,14.335397474610165,87.09965866234397,2.705658640551556,2.2198502097442665,15.558995791016942
2019-12-04,17.021471601790008,75.79260283939398,1.6154502773275814,2.1203171358529205,20.035786002983347
2019-12-05,15.553984329174355,73.690415371722,2.1530685645376946,2.577419298489651,17.58997388195726
2019-12-06,14.078614258322107,64.66452518327755,1.8531362651816108,2.6634870837411375,15.131023763870179
2019-12-07,13.089307024202254,80.68970227900053,1.8786283468890517,2.380791580090801,13.482178373670425
2019-12-08,13.757247987011935,86.81875666046541,2.2564279091357298,2.789557574367668,14.59541331168656
2019-12-09,9.0,85.77421521397112,2.6480795890439155,2.3777897162137016,5.0
2019-12-10,14.631802517892925,86.8981370615333,2.1478766112501955,2.321219898093647,16.05300419648821
2019-12-11,12.534571759668921,80.68330752009113,1.7084701006364655,2.6104466064049983,12.557619599448202
2019-12-12,18.778009994848652,81.09860875978126,1.6782991741125568,2.6790271069229012,22.963349991414418
2019-12-13,14.058032212435263,80.28891676356365,2.3266941448065417,2.391630085380529,15.096720354058771
2019-12-14,10.433109741395114,63.059069769671495,2.1302482489155294,2.1661017441375643,9.05518290232519
2019-12-15,13.850359537615647,77.12564553282257,1.870039420153612,2.5890568826464815,14.75059922935941
2019-12-16,10.861636744812486,91.74174948862407,2.426887102043347,2.5103943398283466,9.769394574687478
2019-12-17,15.4202222471374,99.73727513238632,1.9311643451416172,2.203785077147926,17.367037078562333
2019-12-18,14.872842093018456,84.62984860505763,1.9363806946240414,2.9289474822521164,16.454736821697427
2019-12-19,16.873518893324803,64.89874254106498,2.0972165659913573,2.8885376291495057,19.78919815554134
2019-12-20,11.627354624916304,78.79792330961487,2.1635936226476007,2.470891376200949,11.045591041527173
2019-12-21,14.10202428868444,88.20625408196585,1.9242183468309928,2.195560549321045,15.170040481140735
2019-12-22,9.904934613720094,101.41283316433882,2.0432984499385634,2.619008648991072,8.174891022866824
2019-12-23,16.104484345774143,84.51155457765252,1.7818997728382935,2.286402839150078,18.507473909623574
2019-12-24,15.556613541320367,76.68802385366746,2.2087458427417443,2.5376509258231006,17.59435590220061
2019-12-25,15.487415063082713,62.54641220665004,1.7395998281837057,2.687629442832984,17.479025105137854
2019-12-26,14.004857094070823,74.48276848930327,2.122739442522664,2.3358490653446533,15.008095156784705
2019-12-27,15.244318672366372,86.15750768907002,1.7363361671441149,2.5081529499372657,17.073864453943955
2019-12-28,18.813017324925788,92.43363975633164,2.019925841566135,2.5065073123787247,23.021695541542982
2019-12-29,13.144717228873958,70.25882175828319,1.946331584847427,2.2984863383904615,13.574528714789931
2019-12-30,14.415935551130254,92.18413801958697,2.8422115301408595,2.7249903989948807,15.693225918550423
2019-12-31,10.74162110245577,68.82051790040148,1.9209981596040282,2.227688274961274,9.569368504092951
2020-01-01,11.395217115205003,68.6793042267832,1.8064427602036903,0.6427396075780836,10.658695192008338
2020-01-02,14.293439879279923,88.16223397643313,1.3556046576117913,1.1342310692987636,15.489066465466538
2020-01-03,17.311800640105723,76.67139270380459,1.6668566025897056,1.1921219610748046,20.519667733509536
2020-01-04,13.231157527245283,81.50157126657142,1.8720286943961766,0.9880854911722619,13.718595878742137
2020-01-05,13.292250412063629,95.5246789576145,1.837168268855843,0.6262160180426506,13.82041735343938
2020-01-06,12.779344266486875,86.74710582838907,2.4565387969842485,1.0322843629941731,12.965573777478127
2020-01-07,12.39572998746703,88.98837702981123,1.6420210414608123,0.9419769322896011,12.326216645778384
2020-01-08,14.884914367126465,87.61913950953043,2.31365285270653,1.034931932426386,16.474857278544107
2020-01-09,9.508227064464066,78.72067908804719,1.8429993896952868,1.0582164939011647,7.513711774106778
2020-01-10,17.842818730000182,65.70552664540524,2.3828443478578754,0.7376836261200181,21.40469788333364
2020-01-11,12.00373310561162,82.93401660318102,1.9183238126823483,1.254546864835186,11.672888509352697
2020-01-12,16.165710456314425,88.40515952202614,2.330535560422421,1.1797705826431695,18.609517427190706
2020-01-13,10.190004207818372,73.2415358813441,1.6742784787326748,1.116756894489718,8.65000701303062
2020-01-14,16.006520391638656,83.7330599726042,2.512742551910338,1.1256585836939548,18.34420065273109
2020-01-15,16.015833823443494,91.95205161506719,1.9476733989076682,1.3339043765993077,18.359723039072488
2020-01-16,15.15260621601769,77.01609573036939,2.2790077093244183,0.7469216304682027,16.921010360029484
2020-01-17,11.016714434600622,61.21030276505546,1.8423504613014423,1.2024579374606077,10.027857391001039
2020-01-18,14.748644568794232,70.99546397659726,2.7434001517546003,0.6678948604843993,16.247740947990387
2020-01-19,10.450831445796833,71.54904884314816,2.291598338738557,0.8966614920434995,9.084719076328055
2020-01-20,13.241710234711444,69.64745381477093,2.264928463901348,0.866481914336596,13.736183724519073
2020-01-21,17.08823930286598,65.00120128411062,1.9265630494236194,0.8645702112413144,20.14706550477663
2020-01-22,16.390105781212227,88.43560539661956,1.884874807634544,0.7989242263543177,18.98350963535371
2020-01-23,14.0455488276213,87.6729488228794,1.8625432334779952,1.2318974979760853,15.075914712702165
2020-01-24,11.075580272231473,67.08824871695073,1.9045145467663744,0.9217354925892218,10.125967120385791
2020-01-25,15.93676313652258,88.84686315721731,1.546291486072037,1.092440416079488,18.227938560870967
2020-01-26,14.058143713094076,77.53220466824344,1.9588742965913613,1.028241432917892,15.096906188490125
2020-01-27,9.0,85.73447389868036,2.149333645885634,0.9141745327193038,5.0
2020-01-28,16.347889478949554,78.22153536174298,1.9107870208096833,1.0019832612204986,18.913149131582593
2020-01-29,13.927301498390923,87.57130635037635,2.0095107693789496,1.412576196768827,14.87883583065154
2020-01-30,17.60735374394922,84.29503041597557,2.0936827343390068,1.1208722523591188,21.01225623991536
2020-01-31,10.714188443471585,74.09249049701197,2.1887821133392498,1.4094826637660944,9.523647405785976
2020-02-01,9.0,65.0865464455619,1.904769682248851,0.7207034326421338,5.0
2020-02-02,14.837251575035555,67.28334461772036,1.4047491896929718,1.0925526880736824,16.395419291725926
2020-02-03,14.874691030045918,87.1558543212928,1.4590737250480945,0.965966800064718,16.457818383409865
2020-02-04,9.0,68.56799737120673,1.9365517187678465,0.7336370398436843,6.546641861967741
2020-02-05,11.064501362400181,77.94883182280141,2.0953000118300125,0.6088754357322586,10.107502270666968
2020-02-06,22.265653231159703,79.48820315488571,2.06612325960554,0.9600231463080368,28.77608871859951
2020-02-07,13.08316815753859,88.17730626476877,2.44555195006532,1.1542788073448649,13.471946929230983
2020-02-08,16.192876929128648,77.47747537667934,1.7518501221913472,0.9679602148754954,18.65479488188108
2020-02-09,12.048020517894848,72.73821157875736,2.140243650197318,0.9692774096995526,11.746700863158082
2020-02-10,9.0,72.52919770507123,2.2522557392446605,1.297736269942447,5.0
2020-02-11,13.489225259612283,86.45941654716032,1.8131427363585606,1.025665996770182,14.148708766020473
2020-02-12,13.203186319141684,75.8154252718119,1.9641774771007319,1.0730384276521683,13.671977198569474
2020-02-13,12.800365283994886,75.6110071225942,2.11330513941214,0.9990748710649349,13.000608806658143
2020-02-14,13.656077493480822,87.22945609721145,2.3849440465075875,0.6839628836802227,14.426795822468037
2020-02-15,14.79280481493691,98.27612137501845,2.0855620392477703,1.1113157097539048,16.32134135822818
2020-02-16,13.54964914623858,76.21854149291401,1.6654199448271616,1.2176714060498695,14.249415243730967
2020-02-17,10.20798149615791,75.51104717445199,2.2754485244254163,1.20657418989138,8.67996916026318
2020-02-18,15.458554374685816,77.58088918534573,2.0451757315839405,1.0464498214745437,17.430923957809696
2020-02-19,9.0,82.80950602383803,2.1499220661379397,1.1866989197968945,5.253141223387884
2020-02-20,9.0,80.77114115148535,2.270757839962081,1.3009098236025691,98.8942875875443
2020-02-21,27.119537040307712,101.51413944202059,2.590728495380644,1.2255067092914518,101.75287053582882
2020-02-22,26.215184553875048,65.25337505447251,2.4208538207200525,0.7119366255408037,69.86113380961844
2020-02-23,33.07614961904952,81.75470000758928,1.8879719088228177,0.6752541265865943,87.477332582247
2020-02-24,32.12561558036461,88.54800144215123,2.385679502773988,1.0162521481251772,90.42187380924021
2020-02-25,44.87876001389921,100.3642044997563,3.296756735299983,0.8549300997604311,121.0809911704879
2020-02-26,35.549790695555885,107.26086100811449,2.476056364775953,1.002576339609714,123.70729658526082
2020-02-27,32.50818099101474,112.05849033212566,2.8445655221597,0.652810709165572,117.360546640598
2020-02-28,39.18341101857074,134.59138808619656,2.9157512419306557,1.0187744012665296,126.73654345283559
2020-02-29,49.067753026767704,104.01060380959039,4.001853251283174,0.9858432256200255,113.7877588091734
2020-03-01,35.56499739791906,119.56222087317595,3.8293261885919794,0.7821311185175207,136.15397504309314
2020-03-02,39.26489133974896,119.0224909277366,2.6155271338137647,0.8259516125688307,120.13182663948108
2020-03-03,44.688319883216735,141.6630012242761,2.561570270281457,0.682850292715789,122.74296071140135
2020-03-04,33.00333760987735,98.28169836224123,4.243055629943855,0.7730370396676255,119.76611050106384
2020-03-05,53.62462726734038,127.26196134568154,3.51575612477001,0.6310871096426032,135.89175716454642
2020-03-06,40.11097036839179,133.486936884458,4.11253013875137,0.5032054710624045,121.1820177508063
2020-03-07,58.30447450346095,146.10723193862276,3.9168610588415227,0.5,144.021470657971
2020-03-08,67.482318049082,128.2787346698844,3.266862932813113,0.6711717759679945,114.2677628892599
2020-03-09,59.42498831484931,160.2150787480305,3.23355652763676,0.5190166265829689,116.64125617907709
2020-03-10,79.33692696149497,180.34521368682655,5.295025935338451,0.6015091480978223,145.31140132689757
2020-03-11,56.91599280465209,136.35290021193325,3.8865418332494404,0.5391432443180806,135.5468367812548
2020-03-12,80.81008545305465,191.69078063598226,4.069773749122049,0.5679546818939774,131.94162875770309
2020-03-13,79.36109645125538,152.78312797256638,4.561195874538419,0.5826892260132104,153.9758659871319
2020-03-14,62.91173401351449,160.35750193421225,4.517166682971422,0.6636579729782675,133.39107878870874
2020-03-15,90.0,174.0263351997198,5.032865283644081,0.7057864816700644,141.37198118549446
2020-03-16,80.24503195568873,178.49697741978466,4.188877468134668,0.6091911707532588,167.2384192510674
2020-03-17,72.71997683129591,176.72421709529425,5.258933318967334,0.7951087701872787,171.21213518715976
2020-03-18,79.00489183404196,176.95908948072946,5.983407935824344,0.7319128416298241,173.5859731540549
2020-03-19,78.72305876566024,182.7753913099756,5.624168684490662,0.7554146876255668,147.64311334599134
2020-03-20,79.265873171238,174.32250369998627,6.216818478023295,0.8422624690221512,172.21054357476706
2020-03-21,76.02572306265624,185.72270757583922,5.706195111546627,0.7082041243987045,141.39070758346983
2020-03-22,80.77435186069056,167.3328736971511,5.696350238923782,0.8737659600918963,143.89645687916908
2020-03-23,57.130071765519055,177.14637446300247,6.255541680320647,0.7529108915431248,124.11816221063458
2020-03-24,74.40383102610217,183.00925186288623,6.382399913664555,0.7853844777718185,186.34302302847794
2020-03-25,60.25763407976034,178.28194760849368,6.201698022732612,0.8886950507040843,150.16530226385882
2020-03-26,75.74762378534834,172.34634145063637,6.143869890553616,0.8696721922158007,163.10201130379411
2020-03-27,66.91169861830419,163.8604129575362,5.8301728056549385,0.9452068739346379,149.47013487107574
2020-03-28,72.93016212949479,163.50570279425736,5.987727573469647,0.8734345070896645,171.6774787249521
2020-03-29,78.99694988914763,162.36456243261304,5.606418241883541,1.0160585817203138,153.7404950892399
2020-03-30,64.58250782839201,164.6392107576693,5.930849353113856,1.0359795315873639,137.92774664350577
2020-03-31,75.8050375510727,169.75534905777835,6.264039659506814,1.0568729820719274,162.2499384627909
2020-04-01,65.99966259988308,149.57190100255164,5.703558282921391,1.1911895996036177,132.24404962784658
2020-04-02,78.2816688123935,147.33538060021664,6.070075405917836,1.1525997224897497,139.31391412026764
2020-04-03,64.73408432081074,139.32769180554376,5.480753133147894,1.1215516487710844,118.39666328060879
2020-04-04,61.04454208695986,132.3230841571764,5.8249514660101145,1.2755925424101187,126.76562831703589
2020-04-05,69.37343070237173,141.60805294241922,5.760067058420428,1.099247169429419,148.92793754580717
2020-04-06,61.79776162225818,140.56058854884282,5.888786734889431,1.1610609356658708,114.90695942845613
2020-04-07,58.52630291522595,134.8459529610839,5.847078408898698,1.2420712577283708,120.28281413067427
2020-04-08,59.870460895777256,135.4928531991012,5.688847890049424,1.227646556204887,140.5894662580079
2020-04-09,61.63236080690199,146.46066791740597,5.393278117382483,1.4316498044837966,130.5958965586042
2020-04-10,69.11558078746913,149.89345571903965,5.942631910450542,1.3753198495182661,166.75554953938962
2020-04-11,48.62047352724254,159.65609502433466,5.866397537093053,1.3400966247892987,162.50844819036564
2020-04-12,59.52598395370252,161.103153118598,5.208183318779906,1.330188604735251,120.10616305873269
2020-04-13,62.29942156792426,129.9094018511391,6.655118619361169,1.2857519518636051,139.60706427605223
2020-04-14,58.873191449950774,139.4767063713461,5.577584834820047,1.3310150346167349,140.61423835319178
2020-04-15,64.7341910166012,140.98101056068253,5.532919661807709,1.5213073221640665,118.53781712963395
2020-04-16,55.591428021448856,126.24590520626317,5.548110901821013,1.4409208640540372,103.19187695252694
2020-04-17,54.09269134688432,146.15454061153747,4.8803942807545795,1.350010308729818,123.56552326037914
2020-04-18,57.916477282080066,138.6997534140807,5.728272236718398,1.4212558176554355,119.28231487778834
2020-04-19,54.1208828897081,118.70770212904458,5.15186442515355,1.4753800000663204,113.46353254544071
2020-04-20,50.34504757031718,128.41124625499185,5.643021406179317,1.5897751518341923,124.75975302246728
2020-04-21,54.94686423751828,121.97323657267711,5.291656257439832,1.5125525769685193,104.98905589491602
2020-04-22,47.097330240700124,135.73118826177196,4.727237587178676,1.4412546554848538,97.09503678631285
2020-04-23,46.507937087884045,135.87816798262267,4.503329918649211,1.572073290396378,114.13624455524747
2020-04-24,46.16953586940632,114.45412775003894,5.288325656372655,1.4165521011470017,116.41455138853314
2020-04-25,56.61841496099844,139.22923475894856,5.682995607192618,1.5688290779613965,91.1003258414992
2020-04-26,28.336401864085722,120.42239681390491,4.9111388193685865,1.6396259382396847,120.79635916486622
2020-04-27,49.19859300857766,115.53942067344234,5.193115750006841,1.561506648907795,78.44278293335883
2020-04-28,46.19313088520133,102.0537540797708,5.919430552507639,1.4087729427164315,94.45329811926536
2020-04-29,35.064777244571275,125.12453267174568,4.526267495044014,1.1066130734788384,97.37987195703586
2020-04-30,46.17086067481601,117.40374143756989,5.631893051117779,1.327920009092639,89.83164431022105
2020-05-01,46.32951195098919,111.57447387731354,5.561232461110857,1.2067391124618265,89.02409289673211
2020-05-02,46.175335388144404,117.89869450328696,5.629675760583728,0.8064032113119656,123.69111723462171
2020-05-03,25.889031621730304,118.37997019422583,4.48053560489939,0.7788904330638622,80.98673866441652
2020-05-04,49.16083647112663,104.19877391247222,4.840089391933701,0.9827792354695368,128.49332583707871
2020-05-05,35.698579771890955,113.14466943002382,5.0956588409366494,1.1623347698566975,96.55690169596578
2020-05-06,43.406906480519055,118.97074301999756,5.26522342202117,0.978733799113577,89.50582705967987
2020-05-07,42.89644268409372,108.20855991590905,5.5360569422764545,1.22691446535226,93.39360530081498
2020-05-08,32.35231748628424,108.43447436897951,5.159834176138273,0.9960182661605136,122.32391623877928
2020-05-09,40.7377597141093,100.48502192487611,5.17319254783167,0.6951090129469892,67.59610494102827
2020-05-10,33.62454055452585,97.99575160873802,5.223016424966221,0.6569302019849214,63.81873121595416
2020-05-11,22.671736923971057,84.62029119510439,4.74113771214198,1.0890030662386716,67.42700705142119
2020-05-12,41.26895155316667,103.98235651145973,4.810890230326953,1.0231346921806383,77.35714720446842
2020-05-13,28.77473022190256,86.05101530043056,5.422909550418501,0.9114981345430769,49.113433127811405
2020-05-14,27.460539223571672,90.3851205550483,4.773308384003054,0.9766440420394344,73.46008858977912
2020-05-15,29.331604791779668,89.3352971041761,5.6571208924750005,0.6824036262196531,96.65320700120508
2020-05-16,32.54592035196433,87.68575310288095,5.835688683862293,0.8484768069680697,71.64611085937166
2020-05-17,29.731377535067384,94.47212031613381,5.20479745189892,0.9094947194985522,63.109718115370846
2020-05-18,32.52590154824303,85.74612604225449,4.6535161840593835,1.2702112641156222,56.35259326974559
2020-05-19,20.363063800828044,99.46914164147341,4.906253998436386,1.1294141876192145,77.22767556827345
2020-05-20,23.10818177741559,75.55040660188759,4.867847425976593,1.150535063387478,49.48750840142929
2020-05-21,26.0290175660708,86.7796634495559,4.924237892390154,1.0130936564318476,87.69593880898873
2020-05-22,37.274823755952234,81.98642344990226,4.569827622809729,1.0250472260802894,87.12539621571536
2020-05-23,24.367124769517453,57.331092125057964,4.928655402170157,0.9294933937958554,60.10126197992681
2020-05-24,30.72383358196979,73.31929079989976,4.868228338229862,1.1300750956708798,54.20227367885032
2020-05-25,23.606331012705905,87.52561558936662,5.205975536132865,0.8284772072869138,67.95989712362339
2020-05-26,19.63554817537459,70.17594631070935,4.138167759492976,1.3017275583944086,67.04697753340989
2020-05-27,20.219653455313356,81.16297720386589,4.085333359981685,1.1303358448051513,36.66012403410877
2020-05-28,19.851981727826715,90.88381830596391,4.358397493783549,0.8538835179060735,38.97667300294947
2020-05-29,23.64687443376443,84.99890557350757,4.997932357457661,0.7826596075754773,25.16478847975056
2020-05-30,27.435167605459327,94.24230146716093,4.272913127843624,0.8008913143078765,49.26097407501086
2020-05-31,20.508085086117926,88.74513971235282,4.173158060018328,0.9390131940335884,51.24941825185337
2020-06-01,24.63496607245053,95.09819778758087,4.839728052204134,0.5,19.126115432080905
2020-06-02,10.886261574221887,74.89360407542607,4.366699835170232,1.0548802561982407,30.67201642775761
2020-06-03,13.349716947115812,77.55892103768113,4.836911397701578,1.132284426861008,15.416191236279754
2020-06-04,10.654184794753998,72.785278434459,4.018679173610966,1.4175723008757481,20.268002846342434
2020-06-05,16.886667545249114,81.93509690332714,4.652556698743027,0.9194565396457832,40.1402559033945
2020-06-06,12.846249688923518,66.40016001827604,4.100068419011616,1.0428061267473312,18.997768999825805
2020-06-07,19.378637622205172,86.52169863552552,4.3703780805606485,1.1825060878682903,23.612610659515525
2020-06-08,9.413989730205351,84.0945730591344,4.300251618776082,0.7447323782745949,5.0
2020-06-09,15.25818583992769,90.6387025718148,4.305996844309996,1.0710304491279574,27.179853145869963
2020-06-10,19.121147466073538,104.84911022679017,4.565601512705093,1.1128121379732847,21.835900202330276
2020-06-11,9.0,93.79579953823725,4.013647227053135,1.2413789185687845,9.690611249502563
2020-06-12,27.72978784398122,83.6780120580664,4.48976558623165,1.3478642805284875,15.914785534762892
2020-06-13,13.301088690720746,74.64032129956341,4.500790339187931,1.4325630043691038,19.57942320755166
2020-06-14,9.0,93.4652394415525,5.007133995035749,1.0499075714372355,5.0
2020-06-15,15.948563391460716,100.76269954647998,4.871141916181601,1.0263592725475967,5.0
2020-06-16,15.200660807838906,77.50167445314301,4.166432169041616,1.0664268978219424,42.083616490302234
2020-06-17,14.508633722565042,72.39538190472848,4.713957633214006,1.0026821460073476,5.50090942934591
2020-06-18,20.94714667756,78.94146636288828,4.4426246401032525,0.8810833093231031,13.54859845219666
2020-06-19,19.484669828562335,75.84418992815905,3.530554266629835,0.8677232857560875,30.1625960253047
2020-06-20,16.78725714614307,91.11859700179201,4.430153966610702,0.9989337473412556,67.93582781355727
2020-06-21,17.700933803679884,96.95669305357039,4.072059152295969,1.1779747394018152,5.0
2020-06-22,14.37384930337148,89.610801145916,4.1944746849254715,0.937406199325614,21.74740820589765
2020-06-23,25.652945095440288,86.79602130242796,4.703641856475248,1.1249647473648376,5.0
2020-06-24,9.0,86.03021404176351,4.051862283540818,1.2577504919825446,6.918145431349338
2020-06-25,15.342181811206927,92.72912468529705,3.9561860028612763,1.1158218755885942,17.236969685344878
2020-06-26,12.496297676629363,83.27363637629192,4.961156665147649,0.7977287234640821,12.493829461048936
2020-06-27,12.654371490416416,73.23138617882636,3.716550318878785,0.9069850415832653,12.757285817360692
2020-06-28,14.715664861321217,84.84294601540874,3.245999086871347,1.0709923943214426,16.192774768868695
2020-06-29,10.128315734161344,93.42344154960881,4.168958929406789,0.7072104983780587,8.547192890268906
2020-06-30,13.570223253907422,81.16560504299427,4.108806492768369,0.9414715434807064,14.283705423179036
2020-07-01,17.28964135469076,98.21584842150986,3.818646994335576,1.1172673337561092,20.48273559115127
2020-07-02,9.0,82.03039127903835,4.626756294389602,0.7237680369302333,5.0
2020-07-03,18.603446305383546,84.81753113443264,4.279939699848611,1.0068374915730511,22.672410508972575
2020-07-04,17.36712265610948,85.43609653983758,4.299692897997784,1.0550100008552108,20.6118710935158
2020-07-05,12.620706152508571,65.00374970757021,3.6730991444561223,1.3092904077537217,12.701176920847619
2020-07-06,15.630172483615429,89.10814766178397,3.8895226115838253,1.0239273503992818,17.716954139359046
2020-07-07,14.00944318071898,85.81590067579563,4.066060397713622,1.3750647208610678,15.015738634531633
2020-07-08,17.689971105316047,60.46233173518304,3.6867752858977108,1.029053991620826,21.149951842193417
2020-07-09,16.948049428309822,72.69539869377618,3.536229275494323,0.5428746390729791,19.913415713849705
2020-07-10,9.799787830450972,81.41968043254317,3.497208394584067,0.9807305211186131,7.999646384084954
2020-07-11,15.76178724039253,94.5966915245829,3.5583535563504216,1.196834390239686,17.936312067320884
2020-07-12,13.383116439070257,80.46735994305813,3.904467647884269,1.0230600036677278,13.971860731783762
2020-07-13,14.2484977115543,81.01859212737044,4.23608601457782,0.9127645614082167,15.414162852590499
2020-07-14,11.815484297090553,87.91729090407378,3.9682347429114277,0.8917222251863829,11.359140495150921
2020-07-15,19.244411207362507,76.08933821706998,3.449770786246736,0.6704537568811613,23.740685345604177
2020-07-16,17.120185459707727,76.83431695961295,3.6947454151087373,0.9347661312364489,20.20030909951288
2020-07-17,11.780686508081098,79.09636985200548,3.196671091345744,0.6959843167407289,11.301144180135164
2020-07-18,9.996168179269302,80.96702840160269,4.2282900820265725,0.8121305524780837,8.326946965448837
2020-07-19,12.842982107066454,77.06682542775103,3.866183462933625,0.8917186951337396,13.07163684511076
2020-07-20,15.303507938273917,104.5955505571024,3.7361479604217065,1.0886988879007624,17.17251323045653
2020-07-21,14.72061753183867,96.01384708532358,2.8220627609293016,0.9025588365570977,16.201029219731115
2020-07-22,17.75939847430473,77.36466220440478,3.3152498262345276,1.0969554101229066,21.26566412384122
2020-07-23,16.369759166542558,81.00180545460842,3.3819782599508623,1.074504095566885,18.94959861090426
2020-07-24,16.908707077258722,75.26249506552973,3.4480711973113003,1.0928813976886838,19.847845128764533
2020-07-25,14.980566201831312,74.32298392227125,3.9215382129998164,1.129578172989305,16.634277003052187
2020-07-26,9.83210380936703,71.90000010195227,3.265166207470659,1.045774994828133,8.05350634894505
2020-07-27,13.412904406559296,77.78959368609365,3.3076120966869156,0.8996500710453688,14.021507344265492
2020-07-28,17.180269219725997,85.49212916445317,3.874754992770374,0.9162285041200737,20.300448699543328
2020-07-29,13.845431214426062,73.30157127881651,3.6207637492836904,1.3769263406888832,14.74238535737677
2020-07-30,15.50927110587124,85.5598982946489,3.148699166519454,0.9822871790883666,17.515451843118733
2020-07-31,13.0437550542616,72.90820284280444,3.322082584631304,0.9327994976802921,13.406258423769334
2020-08-01,10.910564454374466,88.62072415062762,3.566500388619672,0.854841443853447,9.850940757290775
2020-08-02,13.629967807861668,67.13663359224775,3.2963147244528317,0.9005755423304108,14.383279679769448
2020-08-03,14.927142329097961,81.26577739296174,3.740427018128219,1.4344071026638385,16.54523721516327
2020-08-04,12.032936841615669,82.45044546980114,3.262279002841616,1.1562794335365385,11.721561402692782
2020-08-05,13.292866265429994,82.32252349563375,2.819525848459371,1.0481987261408015,13.821443775716657
2020-08-06,11.181610274042052,71.57932847376179,3.8065591217279477,1.047191539808903,10.302683790070088
2020-08-07,17.357734752692288,83.9919691717446,3.6377941250808545,0.6641169391244013,20.59622458782048
2020-08-08,13.116632727235897,77.99936923688539,3.767031646106267,0.9059728049686809,13.52772121205983
2020-08-09,18.35826663537855,84.22529191125332,3.5135528155341835,0.892494719924694,22.263777725630916
2020-08-10,18.586243551622726,76.96084634375464,2.689315755393084,1.1986827784925285,22.643739252704542
2020-08-11,13.756862105834768,69.8842782610299,2.892664398863311,0.9489781813593233,14.59477017639128
2020-08-12,10.97465380235795,84.37783256041786,2.8929318913264606,0.9222586217095442,9.957756337263252
2020-08-13,9.0,84.81452650281084,2.3124797090678024,1.0917746454332462,5.0
2020-08-14,9.583888780919626,65.76220910757472,2.6845999050228397,1.0229835560977032,7.639814634866042
2020-08-15,9.87849552530402,84.64947974498897,2.8748917771567175,0.9575659565090165,8.1308258755067
2020-08-16,18.135408882384514,76.98409638991397,3.048234919583428,1.3446637392617355,21.892348137307522
2020-08-17,14.347473761680838,78.7867894994365,3.467109043757187,1.3544841425988123,15.57912293613473
2020-08-18,15.168813572275964,83.2055894610667,3.3260612224674437,0.7565802305285965,16.948022620459938
2020-08-19,9.0,87.21861425396814,2.9611217928584335,1.0778239570957608,5.0
2020-08-20,10.406100712348216,80.02247443053277,2.86121534812903,1.1217468255962382,9.010167853913693
2020-08-21,16.661239329338862,77.32688112381642,3.1637906607965967,1.1202088566087864,19.435398882231436
2020-08-22,14.860322337147759,77.18517048802865,3.964717499538761,0.7188927382250749,16.433870561912933
2020-08-23,13.558384163943208,69.75702470053076,2.9126360434391456,1.0723615794388606,14.263973606572014
2020-08-24,15.694527075800368,83.82969966306311,2.6784843968347434,0.9121025300021595,17.824211793000615
2020-08-25,18.907393418407445,76.1965529259646,2.8342584475491446,1.024067143375792,23.178989030679077
2020-08-26,13.336872609388848,75.7032838599038,3.009497454096892,1.1721322095885949,13.894787682314748
2020-08-27,14.208109407974208,84.4582800807898,3.079595648953443,1.052262859761449,15.346849013290347
2020-08-28,14.577790756193915,82.28147180596227,3.0488273957242122,0.679851442278173,15.962984593656525
2020-08-29,21.176328905821975,74.59053902831793,3.013368663495129,1.009817174956587,26.96054817636996
2020-08-30,9.0,85.211381204045,2.571358767992774,0.8149394102316553,5.0
2020-08-31,16.049669044366425,78.62887359142675,2.2701343678671844,0.8953395381454733,18.41611507394404
2020-09-01,13.65559325372281,70.2885867320745,2.6455426525066685,0.786028565338068,14.425988756204681
2020-09-02,15.70031517855254,73.64614283186943,2.297283744826428,1.0147078408554961,17.833858630920897
2020-09-03,12.027882338015827,80.46532637624712,2.6977702047405923,1.0254265994345173,11.713137230026378
2020-09-04,13.85310490742465,73.61986985789036,2.075947541861627,1.0181657592874906,14.75517484570775
2020-09-05,16.134231738396487,81.11897601834514,2.8821586012220806,0.9034794637158005,18.557052897327477
2020-09-06,23.338730603131523,83.27472853186714,2.714172694801268,0.5757708983797369,30.564551005219204
2020-09-07,16.424108568206215,81.72346168687572,2.92359218501311,0.9668893494083619,19.040180947010356
2020-09-08,11.455803205908474,81.30573260219612,2.1464059833054314,0.8288796950266594,10.759672009847456
2020-09-09,12.72872095393189,80.11699347564648,1.949224132707363,1.1758036225560962,12.881201589886484
2020-09-10,12.639757674848438,83.44022641168189,2.878917933599373,0.9678031852106082,12.73292945808073
2020-09-11,9.0,97.12517307123969,2.728305752412887,0.8003208675584104,6.021784136849925
2020-09-12,13.009729424895689,84.56968336862519,2.6221554057683183,0.7483871267646957,13.349549041492814
2020-09-13,16.198487245465234,81.79062958255868,3.642589699927969,0.9638338148782073,18.664145409108727
2020-09-14,10.177303642769616,80.81578680490618,1.9828411963440518,1.0226234575583084,8.628839404616024
2020-09-15,17.145447953151777,83.55665307111654,2.762144685030938,0.5057895244758905,20.242413255252963
2020-09-16,15.463324463253015,89.16010613285904,2.72788167349215,0.5769475219109464,17.43887410542169
2020-09-17,11.797300034086886,78.21044943115575,2.7381563490108283,1.1216365000328026,11.32883339014481
2020-09-18,13.575411087986458,78.04005117284959,2.382398915457396,1.0102536877984394,14.292351813310763
2020-09-19,18.7949654229231,76.76354223842155,2.0171891933905957,0.7142556305277772,22.991609038205166
2020-09-20,16.2006434405176,87.08380216020787,2.494485411306483,0.9440352241895882,18.66773906752933
2020-09-21,14.026350964694444,94.97409890567542,2.14330075102635,1.0785611518673288,15.04391827449074
2020-09-22,13.286950049117047,77.92126532376294,1.9453758374433463,1.1314563757331801,13.811583415195079
2020-09-23,14.229827211354978,80.75148174107055,2.8931631476426367,0.940369600856901,15.383045352258298
2020-09-24,12.46470932617309,70.7142973004211,1.964905832004567,0.8847537260383871,12.441182210288483
2020-09-25,9.0,80.44938355346196,2.8591923595233144,0.8478864166609748,5.0
2020-09-26,20.12653373160419,64.99346848497943,1.8448656502033285,0.8757443224754848,25.210889552673656
2020-09-27,14.465974997598204,81.7759068093714,2.1417623399699055,0.9903306727716996,15.776624995997008
2020-09-28,15.194441795367611,73.07928148355435,2.00986928659066,0.6204152921736135,16.990736325612687
2020-09-29,13.826276750369274,88.87174308970249,2.751567351239495,1.0006827125345046,14.710461250615456
2020-09-30,11.794649597826236,76.10587602873882,2.4657077121673026,0.8910794387450268,11.32441599637706
2020-10-01,13.442226557153688,76.57897809178812,2.648653310243697,1.1354501611623413,14.070377595256147
2020-10-02,9.201815713417066,88.83818047955762,1.9696505367293617,0.6683983466370467,7.003026189028444
2020-10-03,20.831259494159916,79.02385890413913,2.228614492829871,0.7947496383599465,26.385432490266524
2020-10-04,10.296464004732812,84.62819528250922,2.58875010978725,0.6641799829474946,8.82744000788802
2020-10-05,10.904101148458462,92.74605449815341,1.9420935910451982,1.147759863576953,9.840168580764104
2020-10-06,12.679222386840799,89.05330786389734,2.2248289978467675,1.0215109363161814,12.798703978067998
2020-10-07,17.864227174557133,65.63423545873083,2.0454362487685227,1.121196972710118,21.44037862426189
2020-10-08,14.043526997787962,88.91887200204718,2.039034765777597,0.6517075407199813,15.07254499631327
2020-10-09,10.291592611908612,96.87089468575675,2.3484410379613907,0.9339994652342795,8.819321019847688
2020-10-10,17.76301508227202,79.50686150788671,2.588452899309628,1.266138110131716,21.271691803786698
2020-10-11,16.193001880356444,85.48455329787897,2.4632644602172262,1.2472111885107986,18.65500313392741
2020-10-12,15.615304871649357,75.19314457585195,2.532313394650047,1.0802399986869347,17.692174786082262
2020-10-13,16.14720272351252,85.14421441280533,1.775005239443063,0.6910076735463708,18.578671205854203
2020-10-14,21.183085701747352,81.8656933384078,1.508280074460617,1.0420693738486624,26.971809502912254
2020-10-15,20.555284685108337,76.72986291007042,1.7388231670336203,1.1564343714003655,25.92547447518056
2020-10-16,11.939853970990114,71.22341008836482,2.174606294985024,0.9634555415376664,11.566423284983523
2020-10-17,18.871654978433455,94.08197544459529,1.8918866648049928,1.2949316545813416,23.11942496405576
2020-10-18,15.1495045692767,79.36360636472615,1.970844792920519,0.7303945508724148,16.9158409487945
2020-10-19,15.497287448413248,90.5002834520572,2.345559444730163,0.9992042326237945,17.495479080688746
2020-10-20,9.0,90.36857705306316,2.022546163329884,1.190597803559672,6.538645841783357
2020-10-21,13.488842703835411,86.34916092059173,1.9167715936067684,1.0792053465075273,14.14807117305902
2020-10-22,11.561529228990306,77.43710096447695,2.430810404686688,1.2086856068992202,10.935882048317175
2020-10-23,16.484176444679928,82.89234310876391,2.0307780081469944,1.3735867553756633,19.140294074466546
2020-10-24,17.213241501208415,78.29822018884066,1.9715026727939233,0.8622676006849045,20.355402502014023
2020-10-25,9.0,76.49054788661182,2.354052589119101,1.027065240818955,5.0
2020-10-26,13.933895407987189,83.11283854397226,1.6120621683002523,1.4039564971591303,14.889825679978648
2020-10-27,17.365584514382757,82.68964334435631,1.9168981435814192,1.0532973068280158,20.60930752397126
2020-10-28,13.439963113059665,87.86703132064686,2.026392231733354,0.893092598514981,14.066605188432774
2020-10-29,16.187190935007095,78.29464713108484,2.4123555226356204,0.6881253184575737,18.64531822501182
2020-10-30,15.053496402881253,83.9311608426454,2.001235486440959,0.9341626013925767,16.755827338135422
2020-10-31,15.024980695857879,80.12075628010828,1.3596826555685706,0.9065423215355878,16.70830115976313
2020-11-01,13.186055065795108,82.33966020763218,1.3207938687838783,1.2414614422373773,13.643425109658512
2020-11-02,10.350257587592871,73.3863780343442,2.410279133654175,0.8145138476430183,8.917095979321452
2020-11-03,10.635409557724918,91.12158446312074,2.228166532907183,0.6216007855819927,9.392349262874863
2020-11-04,16.12805754336595,89.53157675515958,1.688183740742709,0.8949910096066351,18.546762572276585
2020-11-05,14.05837476655665,90.13144005652038,1.5090374351232425,1.2322221566511582,15.097291277594415
2020-11-06,13.584463266178325,86.41169455927758,2.2704348085821158,1.0452273560536247,14.307438776963876
2020-11-07,12.728329873032942,83.43451916001791,2.6973164728483443,1.1277271272544989,12.880549788388237
2020-11-08,13.084433463557744,75.60068954748407,1.8965928538370103,0.9262952345708271,13.474055772596241
2020-11-09,17.140735383464417,74.36025497698064,1.5956337902026045,0.9769402635664564,20.234558972440695
2020-11-10,12.99426775439592,80.63124699208136,1.608888769086199,1.139260906543676,13.323779590659866
2020-11-11,9.976805860095293,79.74865541628009,2.8038869443207624,0.9991739625508533,8.294676433492157
2020-11-12,16.23095532662052,81.5896821094463,1.9752445203606905,1.2478032008519004,18.718258877700865
2020-11-13,13.385370008405848,84.88734037559635,1.9101478445509839,0.8955551017944159,13.975616680676413
2020-11-14,14.09418759659833,79.39422668051695,1.8591757260552662,0.9510109602761023,15.156979327663882
2020-11-15,18.82273491919853,92.58039902014703,1.9290594704249087,0.873239641125851,23.037891531997552
2020-11-16,13.938318327948478,80.85048997596144,1.9885497786206667,0.8883039830242028,14.897197213247464
2020-11-17,14.867551019356176,80.53849540067307,2.1371677672668965,1.0282601857229205,16.445918365593627
2020-11-18,10.463229526105025,77.5687148403373,1.5282679578040088,1.0577561287415953,9.105382543508373
2020-11-19,13.34099164294712,77.34674791453115,1.6524523660116008,1.1194042325572413,13.901652738245199
2020-11-20,15.828578135625804,84.81658899063967,2.488238750560461,0.9555433518413177,18.047630226043005
2020-11-21,9.333878798476274,80.08681307739285,1.2550175530312253,1.3371060095573413,7.223131330793788
2020-11-22,14.602535279347128,88.85934215181545,1.509034926849836,0.8972018389169192,16.004225465578546
2020-11-23,14.302373217934418,72.13327488148707,1.7781199184573255,1.2255630727802718,15.503955363224032
2020-11-24,14.123862366762317,80.82185725921484,1.1395874976735523,0.9579790590062877,15.206437277937196
2020-11-25,17.11147669597473,85.06596896855874,2.4734662143063,1.3006166180504921,20.185794493291215
2020-11-26,15.003315544545565,78.70844428339163,1.9473113877866457,0.8207289334078839,16.672192574242608
2020-11-27,18.434215695069334,82.84712144945019,1.328912751964079,0.6819868465312178,22.39035949178222
2020-11-28,11.019231453217891,72.27490049273864,2.037822761646529,0.7384011912850738,10.03205242202982
2020-11-29,14.407773701655044,82.87333181337954,2.0126485120242164,0.8419574887821653,15.67962283609174
2020-11-30,14.253400359169841,74.76505482889246,1.8227432685932559,0.8521725677840208,15.422333931949737
2020-12-01,10.79223651873476,74.46213216770265,2.1574909250002303,0.8259252232385037,9.6537275312246
2020-12-02,16.868885006274038,65.53548574019396,2.262266328992109,1.2983953552493461,19.78147501045673
2020-12-03,20.974019917558454,83.20630608590594,2.280270316901074,0.6955932630399686,26.62336652926409
2020-12-04,13.948981776548507,79.78149255874885,2.1729897736569246,1.0178773944580028,14.914969627580845
2020-12-05,15.5150632648213,77.49028525544264,2.044325748595125,0.8938238298186383,17.525105441368837
2020-12-06,14.253555427445981,90.90213234098893,1.5357779243425442,0.6158651981421832,15.422592379076637
2020-12-07,11.859245990278472,73.44222428474586,1.8913495509560092,0.7758719895164137,11.43207665046412
2020-12-08,9.0,81.80747970841266,1.947935611197381,0.9171925528702021,5.896198610989918
2020-12-09,11.882679550713904,88.6707131461819,1.5505468275565226,1.1510224288068323,11.471132584523174
2020-12-10,9.824124857144806,89.41171039087689,2.0295198683609246,1.196982197419046,8.040208095241343
2020-12-11,19.112306234177353,95.09218756257692,1.9269919397538904,0.9688904685263384,23.52051039029559
2020-12-12,13.654670918230282,87.67114049607125,1.7806438846372123,1.1391322811916804,14.424451530383804
2020-12-13,12.962242012858487,66.83459574513957,1.6113045424565036,1.1956192975399929,13.270403354764147
2020-12-14,16.667461474363417,68.86551187400966,2.2130510919506388,1.1701535668155991,19.44576912393903
2020-12-15,10.634746691432337,81.31097417199999,1.8381052527184598,0.9520758713814697,9.39124448572056
2020-12-16,11.699407885986343,73.35248166133898,2.1805677002751067,0.8623676179412729,11.165679809977238
2020-12-17,14.204216807745864,82.5992619083336,2.052943790540073,1.0509352880198506,15.340361346243105
2020-12-18,17.086306974270443,84.09880584191322,1.8021126708190907,1.135945496162749,20.143844957117402
2020-12-19,15.505055135506364,88.76091478953737,1.800698262552047,1.3162168003270032,17.50842522584394
2020-12-20,14.744975427547647,77.12994192273042,2.016000208976481,0.9151557737100474,16.24162571257941
2020-12-21,14.234353205708048,75.39453491748122,1.7177103419560393,0.7763527046719948,15.390588676180082
2020-12-22,15.200707566580325,88.53241928801938,1.8762206570760551,0.9836360277320895,17.001179277633877
2020-12-23,14.604958715387763,91.22471635353985,2.333539352043066,1.244879871613525,16.008264525646272
2020-12-24,10.910083175669193,79.88145504129591,1.6647820904831614,0.9735156311426673,9.85013862611532
2020-12-25,14.138237664899455,72.20044465868529,2.3091307932794467,0.9392601755089384,15.230396108165756
2020-12-26,10.778934023246743,89.52356372522635,1.689896885168447,0.9646972077487541,9.631556705411237
2020-12-27,14.243247628702472,81.47082063486518,1.6920781511539682,1.0039971213498784,15.405412714504118
2020-12-28,12.558056175535276,79.80225211813497,2.16565718299625,0.6913127869565507,12.596760292558793
2020-12-29,21.618144868348583,67.61439000426662,2.0121814194689427,0.7892757844679731,27.696908113914308
2020-12-30,13.880316848744863,89.93239297638372,1.5972416319000138,0.9391123504942364,14.80052808124144
2020-12-31,9.787281301215234,81.67902787555543,1.761759883987532,0.8348781474396405,7.978802168692056
2021-01-01,13.597459367969225,89.94325752809422,2.199041747722764,1.9457607890779096,14.329098946615376
2021-01-02,15.558076236913664,82.75841506782652,1.9691015372487781,1.4079074026714387,17.59679372818944
2021-01-03,19.02009183845757,71.1917216732737,1.582367966347685,1.5801444749396263,23.366819730762618
2021-01-04,12.231642800183845,66.8652957783836,1.650994175831615,1.4645288806294516,12.052738000306409
2021-01-05,9.25271607792908,77.17961618866231,1.9325771311730362,1.3184186537882394,7.0878601298818005
2021-01-06,16.450511034292944,80.37291357693755,1.7183934287118037,1.6530283116532987,19.084185057154905
2021-01-07,9.858203882301046,79.13625778925741,2.2720350986411146,1.5682653880931603,8.097006470501745
2021-01-08,12.691533675477546,67.2857343032708,1.9008467231332487,1.342295203198845,12.819222792462575
2021-01-09,13.227138543467017,76.42277088426543,1.8227491879398499,1.710878086073189,13.71189757244503
2021-01-10,13.791099640099675,90.48371902105521,2.107751123845403,1.20054761865304,14.65183273349946
2021-01-11,16.06749337122301,85.80623563624238,2.146925360317479,1.2543504379967219,18.445822285371676
2021-01-12,11.949097153140837,85.25047864667688,1.7849502726687185,1.3243747518861493,11.581828588568062
2021-01-13,13.178812243499717,82.76427106861956,2.1422256732703726,1.571621160695643,13.631353739166197
2021-01-14,13.957188941151834,72.48665561262852,1.9283716250460825,1.6138935874213112,14.928648235253057
2021-01-15,14.448793872556363,74.93841755754174,1.532517676407735,1.4161085967197236,15.74798978759394
2021-01-16,14.293481524123768,93.20569450212683,2.2581517302648852,1.5583799008993748,15.489135873539613
2021-01-17,15.30801732566774,79.22203257516433,2.2347906736974634,1.1720299699584091,17.1800288761129
2021-01-18,16.53151852892521,78.2846954174517,2.515511477778464,1.6228644742756144,19.219197548208687
2021-01-19,15.177902346952903,93.47033227821669,2.067923169123022,1.375740257349785,16.96317057825484
2021-01-20,15.360756570527656,83.87981887537484,2.313333069990659,1.5442000805470835,17.267927617546093
2021-01-21,9.253330499760567,77.0122492433646,1.608972962837732,1.4768324691227384,7.088884166267611
2021-01-22,14.15068309749704,84.38529052180353,1.9126912420925726,1.2569240059781683,15.251138495828402
2021-01-23,15.438522644004825,78.29864288219379,2.5272635913590022,1.5442132073037098,17.397537740008044
2021-01-24,16.18682358371135,65.87094277602476,1.8062282274614412,1.3250767331408155,18.64470597285225
2021-01-25,11.922947677298618,73.21845209991393,2.026531941437836,1.4540542123433522,11.538246128831029
2021-01-26,12.022882175334065,91.59618783871724,1.8585967854074614,1.4422117733583926,11.704803625556774
2021-01-27,12.277697974149206,91.08680383601245,1.7939844846126272,1.4947764250864164,12.129496623582009
2021-01-28,15.60924169967403,77.98757062583421,1.9470277701964127,1.3213033692605105,17.682069499456716
2021-01-29,17.101643164772625,82.82167986600474,2.479009000754534,1.5367828691309615,20.16940527462104
2021-01-30,12.777619678125195,66.60383107936478,1.6209796506158534,1.2823343842913109,12.962699463541991
2021-01-31,16.723886940881147,86.42059628933625,2.837388990560124,1.5897470802891744,19.539811568135246
2021-02-01,14.370439427493782,77.14137488903246,2.0671450183358138,1.379129521542205,15.617399045822971
2021-02-02,13.627142668512692,68.33424611255326,1.8550698736946838,1.5639196901643653,14.37857111418782
2021-02-03,13.365847310546092,71.46341770079849,1.709701944207882,1.498600009145916,13.943078850910155
2021-02-04,16.239834093806472,80.32491458636322,1.7960790766435375,1.7228393050379496,18.733056823010784
2021-02-05,14.97673345036121,86.54305356927779,1.5696433580132558,1.5464029508071744,16.62788908393535
2021-02-06,20.82747628294291,82.26628186345587,1.9436613527902555,1.2669348017865376,26.37912713823819
2021-02-07,11.443326071008027,79.00412177677336,1.7944278110264873,1.475828979172345,10.738876785013378
2021-02-08,15.554305106089927,84.29957186940179,1.862533105562404,1.4927444635701406,17.590508510149878
2021-02-09,12.412396970565462,83.4749453759049,1.3723447224760834,1.5584187076363474,12.353994950942436
2021-02-10,11.392139039034069,76.68792987566673,2.3348731812076324,1.5369303529077878,10.653565065056782
2021-02-11,13.967398588895083,84.29564150757034,2.1173579273315,1.5616533395547754,14.94566431482514
2021-02-12,14.412057438221108,76.75934776690481,2.227277113316045,1.4835697417792786,15.68676239703518
2021-02-13,22.754520665180276,77.36710083770372,2.4731669274371693,1.3220471376751062,29.590867775300463
2021-02-14,13.447562552950394,66.93330100227496,2.2568557766872055,1.8038052874137325,14.079270921583989
2021-02-15,10.60946381154595,78.51924178239567,2.261829583091404,1.7011757250209985,9.349106352576584
2021-02-16,14.819032152483157,100.71766994988602,2.0122012739765456,1.8127882647536881,16.365053587471927
2021-02-17,9.0,83.4289929775154,2.219471223805821,1.145067172508206,5.0
2021-02-18,13.724129652187202,56.64020710352854,1.705909673434567,1.5195685382461772,14.54021608697867
2021-02-19,14.048075846885482,95.88534402565094,2.0357537907718344,1.7649666740338081,15.080126411475803
2021-02-20,16.383801148835634,88.64548486249905,1.4563751727792882,1.4064651214655535,18.97300191472606
2021-02-21,16.92086674828354,80.53991280769903,1.93527477109128,1.7424354618373787,19.868111247139232
2021-02-22,12.489291143276848,80.97935161234824,1.677191738861627,1.55334989932845,12.482151905461413
2021-02-23,13.5481579561102,84.065663374266,2.0185243062483993,1.4176555529096664,14.246929926850335
2021-02-24,11.701637508167988,78.07329584498352,2.215383750099003,1.6084926318686874,11.169395846946646
2021-02-25,10.61581233557692,85.19333666947499,2.424817858867498,1.6278242226898636,9.35968722596153
2021-02-26,14.929684338141904,87.59429181005375,2.2207347197610967,1.4628724007139997,16.549473896903173
2021-02-27,10.179243354210202,83.53818158124322,2.702745899748666,1.7889664567676067,8.632072257017004
2021-02-28,12.75611929828441,75.79034312385582,1.9369853637965988,1.2683276779678747,12.926865497140685
2021-03-01,11.014478120302288,82.00240260484735,2.2435438075445564,1.3717432558346898,10.024130200503812
2021-03-02,15.649049558870779,75.22191937287464,2.039989904287325,1.4767559793108425,17.748415931451298
2021-03-03,19.404290297799463,81.94614047046534,1.942472196305132,1.5215471419944049,24.00715049633244
2021-03-04,10.095236051590007,78.74895123678465,2.0638250653137136,1.8291826852337563,8.492060085983343
2021-03-05,9.0,83.80488672176388,1.8446552792080626,1.648999259447027,5.734907585512154
2021-03-06,13.625339343949797,81.7539412780729,1.663120945275402,1.665281354979205,14.375565573249663
2021-03-07,14.047093387873275,85.35258980467343,2.098564585653408,1.6306694339940955,15.078488979788792
2021-03-08,14.655977920271893,71.63223105972068,1.9266572518459568,1.467403972112448,16.09329653378649
2021-03-09,12.661038454296966,75.31927788008036,1.7455904850004107,1.5238896188772841,12.768397423828276
2021-03-10,13.398082103523704,96.495262975921,1.9939018877890269,1.3667537015823759,13.99680350587284
2021-03-11,15.102531231621807,86.24612819502079,1.8067553423959228,1.2525813976139812,16.83755205270301
2021-03-12,17.121292677934516,92.76585220054723,1.727227838759544,1.5681472681962862,20.202154463224193
2021-03-13,9.0,64.99267816626711,1.704366319396983,1.467951644630551,5.224756148408586
2021-03-14,12.893181682905613,74.72014782769908,2.0690279080138727,1.5250860831383801,13.15530280484269
2021-03-15,14.641426381823191,91.9587521728308,1.8373114389315854,1.114209230576873,16.069043969705316
2021-03-16,11.246071686167792,83.40273343828673,2.1002939314990337,1.4571233316349985,10.41011947694632
2021-03-17,19.1935088953019,83.10492652625068,1.4513650358490275,1.1664438652147666,23.6558481588365
2021-03-18,12.093770359313789,76.91487382090968,2.2504840542839313,1.5182004401868172,11.822950598856314
2021-03-19,13.876121938978152,87.91484019167663,2.355218696478032,1.390694785155123,14.793536564963587
2021-03-20,15.668066290526873,83.84756848956171,1.8656486420660536,1.5219815870563063,17.780110484211455
2021-03-21,12.226145633594317,71.37591112030623,1.8688957481416497,1.4823405518210309,12.043576055990528
2021-03-22,9.0,76.1109941967985,2.174440506761949,1.6268306794909722,5.767134760977914
2021-03-23,12.7140364192504,95.50814302884736,1.7981983035342508,1.700467483760973,12.856727365417333
2021-03-24,17.088321667781123,87.43486321354929,2.1297985148637197,1.5633282915781894,20.1472027796352
2021-03-25,12.989314619644585,78.62216047309317,2.152979484680307,1.5259979637461822,13.315524366074307
2021-03-26,11.460697095623065,83.05783272032707,2.016901522080061,1.3178464725134653,10.767828492705107
2021-03-27,16.777016628508164,81.41175062544846,2.0952268769090487,1.5268298064016848,19.628361047513607
2021-03-28,13.007675311930843,75.37951325826359,2.1604718226031836,1.3183238179785168,13.346125519884737
2021-03-29,12.469517559049349,72.36554074672028,1.5804057526024533,1.5395207468926753,12.449195931748914
2021-03-30,14.44836826898993,95.1828965032369,2.03883084061873,1.4900693650951864,15.747280448316548
2021-03-31,16.31225062885636,72.62459850979725,2.0868601076749007,1.6737831638677794,18.853751048093937
2021-04-01,21.14514059519764,87.39480775385744,2.4475552067947093,1.682742754001463,26.90856765866273
2021-04-02,16.48170832297227,83.08668054990667,1.9753386810207167,1.4539793652826,19.136180538287114
2021-04-03,17.479519899165034,79.37838076485436,2.0855816761625117,1.411249694791243,20.79919983194172
2021-04-04,12.482101403036435,76.75670043141464,2.415598087296485,1.798622587016145,12.470169005060724
2021-04-05,10.92239568209157,76.44203905499334,1.98609698147249,1.7447503029060807,9.870659470152619
2021-04-06,14.186994048857368,77.40551664304446,2.4811983787745016,1.4292155209629833,15.311656748095615
2021-04-07,14.321509745778789,77.83361595869371,2.8462073990984913,1.3784845369755527,15.53584957629798
2021-04-08,10.76446177590621,81.28590483107533,1.7530998257245238,1.6469967938616064,9.607436293177013
2021-04-09,13.474116410287962,70.27704439383487,1.8208944723993026,1.42253683923066,14.123527350479936
2021-04-10,15.197952805157392,83.12734811657197,1.7632182010808684,1.198532226534275,16.996588008595655
2021-04-11,15.08118018505424,76.2816548392367,1.997397113988106,1.6265986542886428,16.8019669750904
2021-04-12,15.512863560152818,71.08975436136484,2.031056979118451,1.6717753169413965,17.521439266921362
2021-04-13,14.872894190412328,89.76323967919704,1.6635198658275003,1.6953101004885835,16.454823650687214
2021-04-14,12.478974022189833,84.17033367832468,1.4946777287332869,1.578904762757628,12.46495670364972
2021-04-15,12.45829812005347,62.175761044668576,2.1105998704120403,1.8690953790368168,12.430496866755785
2021-04-16,10.403145806018372,98.76604375474737,2.121327130107086,1.525042430915212,9.00524301003062
2021-04-17,19.354325117555284,77.62829876231304,2.467171339783442,1.4888597471002996,23.923875195925476
2021-04-18,14.040351093857879,86.21422703766994,1.8930281815809427,1.3651449584161854,15.067251823096464
2021-04-19,13.325440832615444,88.94347092531993,1.6723870876751388,1.5258675605522598,13.87573472102574
2021-04-20,11.213623755642624,73.54603817897284,2.146295944558978,1.563429003511409,10.356039592737705
2021-04-21,22.806973706983335,80.4041657655296,2.239590290175673,1.429390491642774,29.67828951163889
2021-04-22,10.780015903331314,68.49963035035637,2.5216881120140155,1.1473047916279067,9.633359838885521
2021-04-23,12.71345622318178,98.76863226302692,1.5806488669347942,1.730045725160167,12.855760371969634
2021-04-24,15.24751050885818,82.38962809451279,1.802070864601855,1.5212645344151154,17.079184181430303
2021-04-25,15.800638897232833,77.42435355266853,2.3427385153174245,1.451634032540289,18.00106482872139
2021-04-26,16.87379616564705,100.37197194340655,2.3254427283429515,1.625403450697703,19.789660276078422
2021-04-27,19.42282552330779,90.76971377708995,1.8379314070448682,1.4147400551806502,24.038042538846316
2021-04-28,15.518472966382138,84.48946802961522,1.642773322293371,1.465327328900695,17.53078827730356
2021-04-29,10.831907600099997,75.8250796841478,1.7525598371121576,1.454717190680877,9.719846000166662
2021-04-30,13.229164624634656,80.89407134037394,2.437900662641498,1.574215308553535,13.715274374391093
2021-05-01,14.923497117541654,75.92116009726736,1.87453275418855,1.6727490379408692,16.539161862569426
2021-05-02,20.20467812451747,78.71210257970843,2.0513806417114377,1.4811335609056553,25.34113020752912
2021-05-03,9.80658356472711,58.889670740438554,1.8749293269001859,1.55096344803054,8.010972607878514
2021-05-04,17.607729515675683,77.35005570002735,2.137315364464874,1.62999433463177,21.012882526126138
2021-05-05,14.53974310863925,84.96659773256312,1.685958609551483,1.3276601323506847,15.899571847732084
2021-05-06,16.513491605688444,76.56299135667582,1.953166098896481,1.3924263046322884,19.189152676147405
2021-05-07,13.694015850092203,69.45510412684406,2.0257230645296636,1.5390160352823128,14.49002641682034
2021-05-08,11.472702109621022,70.2781873673122,1.7433368731186905,1.5453389326972211,10.787836849368368
2021-05-09,16.252618338203995,85.09883778433864,2.3705793945730136,1.4391204198024834,18.75436389700666
2021-05-10,15.963293081316863,76.5086316955723,2.1260437148064932,1.6954668477575137,18.272155135528106
2021-05-11,16.916170897219168,75.85530093930944,2.2832193503571183,1.4434430879260722,19.86028482869861
2021-05-12,13.960086093864094,78.39588308874455,1.8857866384391009,1.864203099969805,14.933476823106824
2021-05-13,12.200533930040452,80.48435480173937,2.0158979353849786,1.2682595494973774,12.000889883400752
2021-05-14,9.323639014928474,85.89427787338737,2.1121579469413208,1.1558222421981035,7.206065024880792
2021-05-15,16.458119804418217,96.19663641121237,2.2870324842173084,1.2730119293211772,19.096866340697034
2021-05-16,15.271668447331958,85.14930787410191,2.240972731714367,1.5435493596443504,17.11944741221993
2021-05-17,11.102652101408122,90.43688374465164,2.121116582200447,1.3127041382332503,10.171086835680203
2021-05-18,12.384278980110128,73.30106294082296,1.6449446579581881,1.3425254078430964,12.307131633516878
2021-05-19,12.599723564145679,76.28576880313659,2.160750814768356,1.3705739946431394,12.666205940242797
2021-05-20,9.551046704052744,92.18512775433203,1.7923564329602852,1.4099430068897068,7.5850778400879095
2021-05-21,11.5469528101846,77.13927674306761,1.5944607306669778,1.7241473018468816,10.911588016974331
2021-05-22,10.598508929580937,91.8751063081401,1.5763033850188752,1.4707984746754459,9.33084821596823
2021-05-23,12.76256296433619,92.60206376431161,1.867722495152994,1.5719319786214363,12.937604940560316
2021-05-24,11.783907505011312,63.41636127903422,1.9679176453047806,1.3585515271861404,11.306512508352187
2021-05-25,9.118985237399754,82.9415905550747,2.1357713905079905,1.8375325473794968,6.8649753956662565
2021-05-26,20.067770691708446,86.36657831100638,2.575411961298679,1.6710484989698666,25.11295115284741
2021-05-27,17.75762219308769,79.4927407266316,1.7190066639394583,1.4732427367544363,21.262703655146154
2021-05-28,11.662941735440043,75.225717493262,1.8858333786090213,1.3498403440696696,11.104902892400073
2021-05-29,14.817264189960829,67.2863477739274,1.4154280162490038,1.7108464397677143,16.36210698326805
2021-05-30,15.252395269463886,75.53718126446262,2.3948580956118253,1.7199467547936558,17.087325449106476
2021-05-31,17.57325756432043,88.31716356920288,1.973223444876374,1.2116647733797765,20.955429273867384
2021-06-01,11.544184920019763,83.14165832027813,2.048637681170669,1.5984417027782607,10.906974866699606
2021-06-02,17.276320351947277,97.22379486990324,2.456646314402213,1.6810214451825574,20.46053391991213
2021-06-03,12.356284087379194,75.88453389279623,2.3437696719293335,1.357498633378453,12.260473478965324
2021-06-04,9.99241278749416,83.23474408525271,1.320243557625168,1.4258809388819689,8.320687979156933
2021-06-05,16.17240967794349,73.46906066230952,2.2539442735064643,1.5920395761211816,18.62068279657249
2021-06-06,17.872275272367283,77.78468652705564,1.7998844086349843,1.1279904540819965,21.453792120612142
2021-06-07,21.763726920592056,85.3376328015956,2.0381843303595444,1.5030793552239152,27.939544867653424
2021-06-08,10.40082420472936,72.34537172174139,1.4526036957769026,1.3295092042594192,9.001373674548933
2021-06-09,16.096759055242366,95.67497280137468,2.0214607424518394,1.3888346563226155,18.494598425403943
2021-06-10,12.7705962686194,82.9193287401413,2.4058506200411105,1.06547265085683,12.950993781032334
2021-06-11,16.350076131572095,80.86642433771333,2.54068776157409,1.5607157049255689,18.916793552620156
2021-06-12,9.588531346306247,71.78970956553543,1.5877502995915371,1.3937382713932005,7.647552243843747
2021-06-13,10.211690672904307,72.69170987194768,1.577507067598262,1.4894065423792993,8.68615112150718
2021-06-14,11.672375530500549,85.49959297145874,2.052541405975199,1.460964886556328,11.12062588416758
2021-06-15,14.236892137004254,95.97779102881832,1.9173191002593477,1.1914131058558333,15.394820228340423
2021-06-16,12.076756200384933,77.80681825274019,2.142233515371296,1.9609609643234236,11.794593667308224
2021-06-17,15.97716303174026,87.75358603319621,2.2359996036601655,1.3356497786843877,18.295271719567097
2021-06-18,17.080683854773742,81.2471232486292,1.8649095995337313,1.1856209486922986,20.13447309128957
2021-06-19,15.798732623736068,75.94092538764227,1.868421072163765,1.5688819414507458,17.997887706226777
2021-06-20,18.856362918982605,76.36337571661416,2.1073216651983766,1.515727849123308,23.09393819830434
2021-06-21,15.24747988836603,90.65203960919641,1.5947487384271317,1.6559469572664076,17.079133147276714
2021-06-22,10.3493098689795,63.679730657908905,1.7491467215769165,1.5050140867143378,8.915516448299165
2021-06-23,18.09012954061502,71.00215369575837,2.070050359719484,1.3014606434119922,21.8168825676917
2021-06-24,12.184531293182008,66.70539509553859,1.8839959290722195,1.6001747877375503,11.974218821970013
2021-06-25,16.731255499056708,74.34547857292078,2.094353823456719,1.0017874833383507,19.55209249842785
2021-06-26,18.72120264966532,86.56173963705251,2.1892381470471083,1.6113851078400396,22.86867108277553
2021-06-27,15.370064032191198,74.94169889551874,2.1259651377004847,1.2573796677212397,17.283440053651997
2021-06-28,9.51152356050605,75.49573027415512,2.222173993504617,1.4962815333649162,7.519205934176751
2021-06-29,11.245363500470624,69.4626349954119,1.8530683593604658,1.372178106296754,10.408939167451042
2021-06-30,17.968233400655407,83.1852873729663,1.628297258136627,1.438089158123623,21.613722334425677
2021-07-01,13.492631943071551,70.73413140822655,1.5354035638994428,1.4515443974934021,14.154386571785919
2021-07-02,14.238720604826497,81.80717420589326,2.0149940374060216,1.1608578452640768,15.39786767471083
2021-07-03,16.276473248490827,72.39622532963111,2.207138671697008,1.4904881493157691,18.794122080818045
2021-07-04,16.08896858624097,82.7457172335368,1.8239074696097142,1.766904739360147,18.481614310401618
2021-07-05,14.836399437156382,91.60799779687552,1.8951322463432396,1.6121543677017998,16.393999061927303
2021-07-06,13.373994886338602,78.28096267943674,1.6292962822114065,1.684308779227822,13.956658143897672
2021-07-07,13.061994662802928,85.65689464009911,2.2860869180003465,1.5082383281853433,13.436657771338213
2021-07-08,16.57369647587403,70.19855488507257,2.403043512527327,1.5924435644286943,19.289494126456717
2021-07-09,15.66070859320338,73.68005616237905,2.132734730074237,1.253714402974845,17.767847655338965
2021-07-10,13.22809999814663,77.2782857332494,1.8927083045946271,1.7228461116754221,13.713499996911052
2021-07-11,17.24633693897942,69.17535884088853,2.201962537893056,1.3675776578682195,20.410561564965704
2021-07-12,13.612897654610649,86.57490192298071,2.253276076624048,1.505699442038105,14.354829424351081
2021-07-13,11.44501347699682,83.35875944326463,2.1050937166483887,1.6398301010620904,10.741689128328034
2021-07-14,11.723087903289965,75.37551634043085,2.0244642361121308,1.3790177881854067,11.205146505483276
2021-07-15,11.063777491070702,100.36466249081857,1.8370975095144504,2.0132444768788598,10.10629581845117
2021-07-16,13.182769950188938,75.296925282842,1.9404528189301373,1.371872977840283,13.637949916981563
2021-07-17,17.701172835008578,79.91063057463778,2.3294794932088436,1.7067411902861014,21.168621391680965
2021-07-18,11.584714456908474,80.24566776570744,2.178953634239795,1.2001944185228033,10.974524094847457
2021-07-19,14.565427283054309,69.49123240411765,1.8720402953723703,1.4430536879448321,15.942378805090515
2021-07-20,12.029931963117761,78.32896671862098,2.158084060383089,1.251693327433009,11.716553271862935
2021-07-21,13.219072876185688,76.29774924118352,1.7127885463999375,1.530238317505949,13.698454793642812
2021-07-22,9.469876364044243,72.36020745371934,2.2110542312403942,1.5836761782762379,7.449793940073739
2021-07-23,13.338385312530388,89.17704657477167,1.5076918973635522,1.6435043961773792,13.897308854217313
2021-07-24,13.418883860585114,79.42457237865199,2.033783366135697,1.6194719526158559,14.03147310097519
2021-07-25,15.620863832107085,77.68953717435764,1.936662733648253,1.7129040343035702,17.701439720178477
2021-07-26,14.669842739766112,95.76867723157184,2.60802110061974,1.8709811677094277,16.116404566276852
2021-07-27,10.404823625143864,75.88176624518883,2.451760458370033,1.1396216849627592,9.008039375239774
2021-07-28,17.25259473213063,79.32208307451555,1.7617138258889533,1.836479513298528,20.420991220217715
2021-07-29,14.630909120665986,86.76956952581487,1.6896182882267885,1.2947273027702675,16.05151520110998
2021-07-30,14.59518055153246,77.6629591372813,1.8887548123343754,1.8550831462257538,15.991967585887434
2021-07-31,13.972452939844583,87.43098816298654,2.1698525212587843,1.878870682078634,14.954088233074305
2021-08-01,12.44672765833334,81.26197862359217,2.2224412768903536,1.5352815652449752,12.411212763888901
2021-08-02,14.653407019246178,91.45637058558394,1.734833530646441,1.5352707867754678,16.08901169874363
2021-08-03,15.426765307785747,88.53223198220384,2.4037409313019085,1.370820936877406,17.37794217964291
2021-08-04,9.0,83.85078315914112,1.8316635869241986,1.4996056084833116,6.265521543272225
2021-08-05,12.383717487961713,72.75146482536172,1.6057583705456173,1.5699083536815037,12.306195813269522
2021-08-06,13.235159088789231,63.133710847592454,2.080282735608388,1.6650850401566943,13.725265147982054
2021-08-07,14.768511817082835,73.31195489436712,1.9502718727584063,1.9579429900163738,16.28085302847139
2021-08-08,17.57993301778138,70.22602173788201,1.5406724961791052,1.6280923532953837,20.96655502963563
2021-08-09,11.684777556209653,74.9022890659047,1.623456484998862,1.6766036795973154,11.141295927016088
2021-08-10,12.506114459546474,95.7526490889216,2.055001355918479,1.5433604304408315,12.51019076591079
2021-08-11,12.46239766806035,79.92712807157025,1.568491777084488,1.546693937653823,12.437329446767249
2021-08-12,11.595417229686376,85.72343146757191,1.7459594435888595,1.8165789769284786,10.992362049477293
2021-08-13,12.958440514663213,89.92902787036672,2.2563435037061086,1.5481429838770693,13.264067524438687
2021-08-14,16.312406659963912,78.7013537712021,2.0214430825671093,1.3349535493827906,18.854011099939857
2021-08-15,10.838493513906963,80.86443491524734,2.459850615350893,1.1614795665664626,9.730822523178272
2021-08-16,15.28344318545871,73.94446368568755,1.888489853784384,1.49229887544119,17.139071975764516
2021-08-17,9.0,88.40563552268394,1.8241667854406312,1.559239550790756,6.490488849908322
2021-08-18,12.315986010673383,76.07621905617086,2.0232425683704687,1.7420582504860025,12.19331001778897
2021-08-19,13.011532099346041,90.00602595363745,2.017129346968301,1.659711858459166,13.35255349891007
2021-08-20,19.024579018742195,85.09808704793086,1.9948451694067566,1.1903345022169831,23.374298364570322
2021-08-21,13.175593085741935,76.10001492097862,1.785946764987655,1.7749893719391736,13.62598847623656
2021-08-22,9.0,77.99136886671391,2.128679419376979,1.4553983607235854,5.0
2021-08-23,9.0,78.58401062349716,2.2346048865511365,1.3692598276740044,5.005555465693751
2021-08-24,14.102088759040043,83.84419811739157,1.5009760464523678,1.5872034801717434,15.170147931733405
2021-08-25,15.841312567369727,85.03419327782215,2.191335756261329,1.5656886874044136,18.068854278949544
2021-08-26,15.126367572881758,99.6408944476219,1.9335219142759967,1.5762658766742725,16.877279288136265
2021-08-27,14.50271031740297,77.95382090113714,2.1380998496374106,1.7635047499502197,15.837850529004951
2021-08-28,17.486778792517,84.98832784608264,2.2474070386265073,1.8451245236043061,20.811297987528334
2021-08-29,12.381226337788606,86.18644085115699,2.1183681678429442,1.3364915950402227,12.302043896314341
2021-08-30,16.684731668080474,78.82113029524864,2.428850058037407,1.491044918574927,19.474552780134125
2021-08-31,9.103955344920749,85.9377019072734,1.449835938620273,1.7574063850144663,6.839925574867912
2021-09-01,11.285156501185801,76.09436489286134,2.303580307245671,1.4243610017185935,10.475260835309669
2021-09-02,9.0,95.04050167685169,2.368979562905449,1.704704544719929,5.964793025340919
2021-09-03,13.175464097990623,80.89999194345874,2.561200573617319,1.6273036805161674,13.625773496651039
2021-09-04,13.861216348200973,93.22204389566049,1.8128559785761977,1.5762324810872235,14.768693913668287
2021-09-05,14.34230447667956,81.19694464639963,1.516539076498094,1.5553935466727116,15.5705074611326
2021-09-06,14.185650058661405,74.91584357734219,2.0454657257178437,1.2023196149242596,15.309416764435676
2021-09-07,11.217340007564816,85.87230542862677,1.6507766810950215,1.6127685216026402,10.362233345941359
2021-09-08,13.429277466760354,85.71769184539001,1.9213676558809887,1.4568624795501455,14.048795777933922
2021-09-09,9.507659994182754,75.64775419308248,1.731191405968139,1.4991084764845102,7.512766656971257
2021-09-10,18.08968692539675,68.81238485578632,2.015479060430436,1.6073639846682124,21.81614487566125
2021-09-11,13.089121781305996,72.56217708743185,2.1625397283197088,1.2666327896424106,13.481869635509995
2021-09-12,12.533341642868926,80.64427853337102,2.253685751933664,1.2962398948375031,12.555569404781544
2021-09-13,18.76682098533225,59.111429820551024,2.204285764266122,1.5761084277417305,22.944701642220416
2021-09-14,10.273260399352313,72.5091082408614,2.1819029409941915,1.220966654917046,8.788767332253855
2021-09-15,10.623238657904093,82.52824354668802,2.2957784926117464,1.6700511559756275,9.372064429840155
2021-09-16,10.711339025394304,93.29959214975979,1.5372605478640073,1.8901527611012634,9.518898375657175
2021-09-17,13.796385854901555,84.71841409306441,2.173724119661603,1.3796428309341746,14.66064309150259
2021-09-18,15.294894888912792,79.59943215148128,1.7948448358183704,1.3706752067724954,17.158158148187987
2021-09-19,16.2190264043535,63.168521703777714,2.0521323056729774,1.6043148691713371,18.69837734058917
2021-09-20,21.715985952484907,86.99169345833472,2.0496244742402583,1.415205450797318,27.859976587474844
2021-09-21,9.0,72.16879590587926,2.0190661344242,1.5691799244098221,5.0
2021-09-22,15.82620676737325,85.13766373452285,1.8631338242984965,1.6051843795525007,18.043677945622086
2021-09-23,12.328608282283307,70.1819700459258,1.9160774424946527,1.5362088734196389,12.214347137138844
2021-09-24,12.24075455333368,80.12303606267453,1.6175283389609318,1.363956098616343,12.067924255556132
2021-09-25,12.140683615238366,78.74554173689822,1.498620699563687,1.7207002116455514,11.901139358730612
2021-09-26,11.27369098757608,82.31524085086983,2.0509369681105984,1.44764402270004,10.456151645960134
2021-09-27,19.053574503810356,90.36863798258017,1.4462844966703585,1.4661988716028016,23.422624173017258
2021-09-28,16.526891981041707,86.56116794042306,2.098329009349862,1.5816652377010503,19.211486635069512
2021-09-29,14.069587935672125,78.12593874940575,1.9889462980028216,1.7029466412160572,15.115979892786875
2021-09-30,18.053047257461003,86.19914241788038,1.88408439964178,1.4642393067817365,21.755078762435
2021-10-01,9.462413104103373,70.94548441070177,1.9745519240393548,1.6362537300833404,7.4373551735056225
2021-10-02,10.007884606007222,83.67018911835629,2.431078061318046,1.1216023299568654,8.346474343345369
2021-10-03,9.0,94.98430648131762,2.4460537915888048,1.1896687798303147,5.0
2021-10-04,11.901756379630138,81.77426573273311,2.4075269078272146,1.806971971919295,11.502927299383563
2021-10-05,14.485095580114258,66.65402775973047,1.9791968456551245,1.3924288495274737,15.808492633523764
2021-10-06,14.308575733797003,89.99172881684464,1.8467353798681274,1.2986000487911902,15.51429288966167
2021-10-07,14.448025733179641,80.97969871243355,1.9143582077276629,1.6331513806402793,15.746709555299402
2021-10-08,9.766829506801756,74.85584971670428,2.360535995066781,1.1358729885987355,7.944715844669591
2021-10-09,16.409464227842065,76.12440678424134,1.9426660282739805,1.505712722121227,19.01577371307011
2021-10-10,14.718882554716993,75.38229317089501,1.7952798476766865,1.9187711802354228,16.19813759119499
2021-10-11,16.199162844397996,78.27849592015583,2.205036452838304,1.2890879078111293,18.665271407329993
2021-10-12,9.0,83.87720229570263,1.5726652108554156,1.3648045049114468,5.53618911204974
2021-10-13,14.93447257639337,86.7584009914392,2.414171940336707,1.7394957412799803,16.55745429398895
2021-10-14,10.436704280247419,91.13481778349625,2.502271785030373,1.706109086230081,9.061173800412366
2021-10-15,12.808030242345914,67.77224819206896,2.0641143809964784,1.3899683781275138,13.01338373724319
2021-10-16,15.60309469590915,79.2514795684339,2.642352964523398,1.4355371637176975,17.671824493181916
2021-10-17,14.27328081876774,78.16849828766352,2.430709926905317,1.4266652900281165,15.455468031279565
2021-10-18,11.445380060662043,78.64182688201248,1.1924720898361723,1.43925781215534,10.742300101103407
2021-10-19,14.018819468553255,66.2165422016255,1.8950455590449449,1.4940896685397735,15.03136578092209
2021-10-20,9.40539405426907,79.88781276317097,2.4458437719806634,1.4040622603594772,7.342323423781785
2021-10-21,17.45080218769489,74.15601474472152,1.7109698374554243,1.6957494710144232,20.75133697949148
2021-10-22,13.384147941511246,80.49881617346753,2.339095995760929,1.3892902370039448,13.973579902518743
2021-10-23,17.355649832765977,78.95586540406686,2.1974237653629003,1.452598973155282,20.59274972127663
2021-10-24,12.42040493871187,61.73278843003666,2.03147201626531,1.7935455282137116,12.367341564519785
2021-10-25,12.42927203478025,86.66717111552664,1.5907908897246565,1.7723735564235361,12.382120057967086
2021-10-26,11.707439640086461,85.86034357855387,1.8607361010016943,1.4773429289943567,11.179066066810767
2021-10-27,16.628521795079227,73.03497159334135,1.8340229293477717,1.5476370207008243,19.38086965846538
2021-10-28,11.871706528014572,95.36812269548246,2.231993562907312,1.4255099604383925,11.45284421335762
2021-10-29,15.933786297245529,90.92755233951384,1.8594889505987904,1.7148685319325754,18.222977162075882
2021-10-30,12.85264280699213,93.03543349717322,1.644846549916677,1.3486010399836932,13.087738011653549
2021-10-31,9.0,90.06062593919557,1.6122111692559171,1.4906654620941902,5.120183500541902
2021-11-01,12.289057796640602,82.79887647976149,1.781665052703393,1.7278560089100787,12.14842966106767
2021-11-02,10.462675356911456,70.09100208219984,1.775441596621399,1.6908866179033841,9.104458928185759
2021-11-03,14.101708171047013,74.19077387840422,1.959629699894639,1.4468436427048124,15.169513618411688
2021-11-04,10.42877679297653,89.87348487734232,2.0217973433674237,1.3327563592480762,9.047961321627549
2021-11-05,16.77792530214385,84.85222880407342,1.7938115802343404,1.482834588202432,19.629875503573082
2021-11-06,13.726772418940918,66.99719403795933,1.76179596143193,1.216236659609572,14.544620698234864
2021-11-07,13.467212015723783,62.705764304388374,2.0881045349624845,1.7351608467482458,14.112020026206306
2021-11-08,15.967676413362748,74.5600159796965,2.1425553307018252,1.5507895949557071,18.279460688937913
2021-11-09,16.89172080222759,83.78101109085127,1.8704580046150097,1.6097110086982793,19.819534670379312
2021-11-10,13.939703744691045,76.94633707160187,1.8351199894390497,1.7011346991924468,14.899506241151741
2021-11-11,11.686399101352128,82.91407033323445,2.099009163624649,0.9827526960604492,11.143998502253547
2021-11-12,9.0,82.43860104060579,2.192168219171428,1.7389499965554114,6.130151919439353
2021-11-13,11.94185072889446,73.90809398945245,1.849097469115303,1.6404248784255726,11.5697512148241
2021-11-14,12.148363260056115,84.66628662634224,2.0325729260101144,1.5130120201740493,11.913938766760193
2021-11-15,14.32117235897689,82.00124978187628,1.7851856253757494,1.3440296927759887,15.535287264961484
2021-11-16,12.96455935658592,79.78730593861393,1.3159890757093065,1.5642304007621712,13.274265594309863
2021-11-17,16.063798916154283,80.27147938988541,2.0914529050043447,1.5122717371309444,18.43966486025714
2021-11-18,12.161050186187932,77.9208370068703,2.3183514675158787,1.096844928636415,11.935083643646553
2021-11-19,13.828876499441174,63.81091825979425,1.9174511935196343,1.4761148214392232,14.714794165735292
2021-11-20,17.55196232959067,82.49553691402993,2.157533413040808,1.6679496677184473,20.919937215984447
2021-11-21,15.0254756418649,87.68391612013265,2.0546959946903454,1.0650573123519762,16.709126069774833
2021-11-22,13.819887374934307,88.25164799929405,2.2000434815420253,1.5447771349109556,14.699812291557178
2021-11-23,12.194166674194468,86.36357410070163,2.2235349500481654,1.797319476234209,11.990277790324114
2021-11-24,12.100305809855069,79.16035852676569,1.8722886487255126,1.4658843918031155,11.833843016425114
2021-11-25,11.448160241144157,89.22078297263877,2.169029419628638,1.3770560752377836,10.746933735240262
2021-11-26,12.376979402651301,85.51103674957794,1.9213982217304333,1.2605486252760747,12.294965671085503
2021-11-27,16.266997516232944,76.95902134822802,2.030648466895402,1.663294878504991,18.77832919372157
2021-11-28,13.334335186123194,76.85679039215391,1.9464327856866979,1.651044673209231,13.890558643538657
2021-11-29,9.950680791856307,77.36951825447386,2.565153972856566,1.2860519387536846,8.251134653093844
2021-11-30,19.30450787917935,84.63063928756605,2.032120170067025,1.216341038452692,23.840846465298917
2021-12-01,14.959895573435489,72.5265644763253,2.253557412018107,1.6126154696067356,16.599825955725816
2021-12-02,9.779169798460492,85.01319301293881,1.7227404599127683,1.2978984042773727,7.965282997434153
2021-12-03,12.67445321827753,86.42177884741548,1.715299403651784,1.5648973993318673,12.790755363795881
2021-12-04,14.332659148485254,79.54329860579419,1.805469845124589,1.8513895953353763,15.55443191414209
2021-12-05,19.113776279892132,78.45481897911206,1.9337747451983733,1.2582885325467146,23.522960466486886
2021-12-06,10.675662625223392,87.8960072850883,1.9858673607530901,1.3676013342603408,9.459437708705654
2021-12-07,16.92812215806784,76.93522280246968,1.9963256678879462,1.3623121106671532,19.880203596779733
2021-12-08,18.198459280917028,83.13746659905334,2.3191927986216654,1.5477812968574738,21.997432134861715
2021-12-09,12.114037084776289,69.7099352463171,2.2208687112848224,1.5466077433886969,11.856728474627149
2021-12-10,13.1674591434193,73.47357078029644,2.286403388791575,1.657899995170457,13.612431905698832
2021-12-11,10.89107225787869,87.80845964923714,2.410180599168084,1.3583109793109642,9.81845376313115
2021-12-12,13.389616576759085,69.42688764255024,2.164662679552927,1.5452643945107036,13.982694294598476
2021-12-13,13.890230076971207,78.7134647103587,2.258905835541919,1.5815868412160983,14.817050128285345
2021-12-14,15.978949994247111,90.60308027325969,1.8431569667312622,1.9115101196529627,18.298249990411854
2021-12-15,17.27055041306134,83.18669681723152,1.7757187741262388,1.8292851462159663,20.450917355102234
2021-12-16,11.755711806135059,65.40615132239692,1.7175534243646537,1.612192221961608,11.259519676891765
2021-12-17,9.0,86.18898675850369,1.8995907854043939,1.628756640425174,5.163374678870028
2021-12-18,13.936265662171273,82.33405018994532,1.769481525029684,1.5362004106790865,14.893776103618789
2021-12-19,14.880612589905923,78.94882911288474,1.8979815844909709,1.6666602224110085,16.467687649843203
2021-12-20,14.748253063055126,72.03360604669923,1.9858621989080874,1.3311559032866733,16.24708843842521
2021-12-21,13.019980257472868,69.26775023613459,1.8891444882022506,1.4139629011091293,13.36663376245478
2021-12-22,14.374256298991803,82.38917097766547,1.9580989369594088,1.3241311033114471,15.623760498319673
2021-12-23,18.54633442505674,88.82647330958284,2.1420967703171128,1.455029444538146,22.577224041761237
2021-12-24,15.145202506887529,83.89113824082388,2.544803190248021,1.3819788738562795,16.908670844812548
2021-12-25,12.879894724990747,73.11939094720337,1.9506211820589705,1.4717086402981938,13.133157874984578
2021-12-26,12.499406548712013,81.06617067173697,2.2771912945046684,1.1973216540414464,12.49901091452002
2021-12-27,13.490442926966807,82.35235277615699,1.7628912157543277,1.7161387084237751,14.150738211611348
2021-12-28,18.91021988549192,89.47264012609506,1.6241283529509303,1.3670773119332396,23.183699809153197
2021-12-29,13.450097871421407,78.28633991038475,2.0374521963107117,1.4104028715140755,14.083496452369014
2021-12-30,13.940616966437876,73.14169862561906,1.8781890504800156,1.0707406192588431,14.90102827739646
2021-12-31,12.553059287191092,87.35518528800937,2.457816657156593,1.4533441291752285,12.588432145318485
2022-01-01,17.296950072325895,106.74315263464607,1.7275269131754616,1.7675261917958829,20.494916787209824
2022-01-02,19.879511764234024,86.09994183797025,1.9255434669993459,1.7544346449453796,24.799186273723375
2022-01-03,15.351839148294165,63.859679255175074,1.4386504704589314,1.6721076567543636,17.25306524715694
2022-01-04,14.248318711356276,104.59042219266797,1.4075746697090747,1.964565955710269,15.413864518927129
2022-01-05,14.110348499522704,98.16767928796249,1.8104727920451045,1.8800943175872966,15.183914165871174
2022-01-06,9.0,117.63833387725843,2.002132055038511,1.546510834523958,5.0
2022-01-07,16.23545259285445,65.22769655657447,2.119452994607995,1.8791594649748422,18.725754321424088
2022-01-08,14.40249924798753,125.72776930849638,1.6613174095922594,1.8419103410284248,15.670832079979217
2022-01-09,15.285026151982175,96.60881798507003,2.1176956089020873,1.8347407088040848,17.141710253303625
2022-01-10,11.865613417748886,65.81068837562036,2.1044891881566303,1.4164657467681863,11.442689029581476
2022-01-11,12.846629363068725,122.26405560058373,2.042802579145966,1.6000333477410262,13.077715605114541
2022-01-12,12.76692519049048,101.68051963943444,1.6648766126952768,1.7846897137162128,12.944875317484135
2022-01-13,17.064868952219115,92.53738969351613,2.2464585025142245,1.692652132561093,20.108114920365196
2022-01-14,12.86372049019072,95.14871153167164,1.9725172356322938,1.8018911213796713,13.106200816984533
2022-01-15,20.247980966329393,91.23661013595739,1.9852688788866721,1.8786889483410798,25.413301610548988
2022-01-16,15.292587257045112,123.23468981522284,1.6935209575510872,1.6868273045933866,17.154312095075188
2022-01-17,10.172952020012804,86.98118479365634,2.327874959253352,1.8752220288841432,8.621586700021343
2022-01-18,13.61436112024413,103.41708510671893,2.1445912355759513,1.7256176969638513,14.357268533740216
2022-01-19,12.044974633530753,115.33181000958137,2.3129717063871493,1.6838511573655763,11.741624389217922
2022-01-20,9.0,87.46351613067574,1.5473100916340468,1.6555571685473598,5.0
2022-01-21,18.79841282034137,83.90772348474495,2.553805032486689,1.584986404980909,22.99735470056895
2022-01-22,16.10942762666001,90.36762129142156,2.1724954781790924,1.6487313823481338,18.51571271110002
2022-01-23,15.599621953697937,61.100851287552345,2.0301861621037864,1.8465807957137703,17.666036589496564
2022-01-24,14.496210980899113,108.59114905793821,2.0573081936053237,1.6300862482961587,15.827018301498521
2022-01-25,9.853947293922687,97.16476115106208,1.558040887401694,1.8808318608070431,8.089912156537812
2022-01-26,12.54914858133369,81.17155889845458,1.7282238087073196,1.7043694539051684,12.581914302222817
2022-01-27,16.52534232435204,114.4940890913321,1.7043830476346848,1.5448589861291881,19.208903873920065
2022-01-28,10.846339910652492,102.12174048711444,2.0578135709386385,1.6620154789782637,9.743899851087487
2022-01-29,9.0,129.3428393598196,1.9266718922640607,1.837262353027082,5.0
2022-01-30,13.318681976657222,93.22055853799854,1.6380292069904763,1.5344984265422852,13.86446996109537
2022-01-31,13.574727337917384,90.37455544644038,1.067738874108971,1.7384773945977416,14.291212229862307
2022-02-01,14.406690249244127,94.47968560150669,1.94503431323,1.9357974503116586,15.677817082073545
2022-02-02,16.185555930543607,102.35164516439409,2.0641301466943367,2.0764170901413608,18.64259321757268
2022-02-03,15.912817436693626,136.91290772119865,1.5634542697308238,1.9032669140381877,18.188029061156044
2022-02-04,14.776309415731765,114.82609633100984,2.3267666839029646,2.154391530905122,16.293849026219608
2022-02-05,17.586594164260127,89.02536679513015,2.32141675030621,1.991434344588198,20.977656940433548
2022-02-06,9.443090657560056,88.81873050334556,1.5839594891323001,1.7444997310194106,7.405151095933427
2022-02-07,15.513745443432171,87.31436095303069,1.789974177571584,1.9441910259789852,17.522909072386952
2022-02-08,15.879615090010827,96.49149478385017,1.992337183346253,2.141336763825312,18.132691816684712
2022-02-09,10.28131314175928,74.00059820652535,2.1044599093136256,2.1050340308712316,8.802188569598801
2022-02-10,9.491388173952831,95.32435289405583,2.12739024606865,2.126688998106153,7.485646956588053
2022-02-11,11.762173620573197,107.63000567361875,1.9253532468790564,1.9133487141473506,11.270289367621993
2022-02-12,12.015375672454125,90.52772065750739,1.9611684262551694,2.091760139186503,11.69229278742354
2022-02-13,16.260258390507293,106.28872179374555,1.9496102932575683,1.6443329673754703,18.767097317512153
2022-02-14,12.156383648926715,110.30362823214,2.1356836715133385,1.9729944472514498,11.927306081544526
2022-02-15,11.430954445156388,114.30574957429444,2.4588895609489136,1.9544632528634676,10.718257408593981
2022-02-16,12.165098789916323,93.75888949923629,1.8565754800514909,2.123702977101041,11.941831316527205
2022-02-17,17.355897002462633,86.96884539880556,2.73124189273713,1.9068599560417463,20.59316167077106
2022-02-18,14.039130123130857,112.36726224818375,1.9664736380889243,2.3332864868138303,15.065216871884761
2022-02-19,13.462246923929264,109.75770770853339,2.1610084167893566,2.021224671977578,14.10374487321544
2022-02-20,13.669983503896846,88.27067865768802,2.2040017932139127,1.857069186232664,14.449972506494742
2022-02-21,17.876181002979568,110.54450556444219,1.4814355813290332,2.1480272366059325,21.460301671632614
2022-02-22,11.752484820190276,103.97467962923392,2.0698458593874376,2.0981577539156806,11.254141366983792
2022-02-23,17.946524872820312,91.3409542885116,1.5688203498210944,1.830788458638678,21.57754145470052
2022-02-24,14.63148889676451,81.17386451962878,1.214366845553648,2.265643550308891,16.05248149460752
2022-02-25,13.518741854073957,121.11011094864826,1.9313825987541935,2.0679555887158285,14.197903090123262
2022-02-26,21.502701493802846,104.95007954395264,2.5571274154177024,1.8997988550694567,27.50450248967141
2022-02-27,10.833081530604211,96.34785424015192,1.6974623742464383,2.372014068433941,9.721802551007018
2022-02-28,12.938942721298982,89.86602129758734,2.1015094218969823,2.017157251021206,13.23157120216497
2022-03-01,25.21895502264769,107.15034513221838,2.810338853175912,2.20773567111995,8.837843804179998
2022-03-02,25.475073893566343,74.71330233907986,2.1231203022836596,1.9930595521004826,19.762309852680847
2022-03-03,28.199841218193775,100.74497539159469,1.444813571239591,2.45050488838591,23.445944668258395
2022-03-04,23.708438367725304,100.67337301263571,2.440140134246829,2.1633796398744787,23.349613907023194
2022-03-05,21.48898219281039,98.1498036941525,2.3978280357051016,2.1736861636519818,21.11974376573002
2022-03-06,27.670469048294578,111.25184256674672,2.647567457042004,2.2413777472767937,14.011897661020171
2022-03-07,28.523691476655813,127.03232448749296,1.387668810696074,2.161330251564244,13.173795112550767
2022-03-08,32.628798228342944,84.94515868281897,2.255761689389413,2.2408387182896226,6.644151137529676
2022-03-09,24.82891386102474,74.16879923155331,1.9137647275669116,2.212891659606126,25.179367675908964
2022-03-10,32.58408130015016,79.92910120382824,1.9148163498226711,1.9152164760374364,17.34489039074234
2022-03-11,36.70224309208137,115.33293143056336,2.182074234095347,2.1803016208727164,12.540215475652584
2022-03-12,28.94670533743257,85.16773398380414,2.0669465633994446,2.2420978513255228,21.64028444493484
2022-03-13,26.687173341520328,106.18640637980631,1.8727298455170163,2.1760976440496007,10.136177416199995
2022-03-14,29.819076900879885,92.45781473786379,2.237062052512895,2.3167727139160195,17.03311017111337
2022-03-15,31.562014902114143,96.69603047790253,1.7627323921368228,2.507810454523018,14.136854328545827
2022-03-16,33.69136362502074,95.3932154272502,1.8602914820674405,2.130669946435547,18.193385699401503
2022-03-17,29.74581581048586,96.56257048629809,2.536733895164999,2.2394117302878507,14.682132304069393
2022-03-18,35.705595602442024,101.91884756326635,1.6617425325458344,2.2648597388484903,7.745360544443879
2022-03-19,27.216403054975817,74.28978934996803,2.0121288735283978,2.389214471414785,15.37788186335019
2022-03-20,24.862384543481596,85.49324942375186,2.2523201267142747,2.011297039584998,20.24432070937681
2022-03-21,32.92013127286195,106.94248480791559,2.56313100737139,2.189576513145205,14.853917970730073
2022-03-22,22.296136906381403,125.90352406320083,2.2495296638150943,2.210596000398316,18.87557560794543
2022-03-23,28.027610693381853,99.42423776167855,2.34471042798476,2.2176576924176317,9.772352571629735
2022-03-24,37.513043387624144,99.6913645286314,1.904998767523114,2.1878312544990726,14.868696033650739
2022-03-25,27.643869341120205,86.12973094182611,1.7352647999720445,2.2251100504003105,11.877447724557113
2022-03-26,23.83769704791125,74.24241282421865,1.8107863260302015,2.1146451153809367,18.734904200523548
2022-03-27,26.54780760863962,101.77548868583123,2.1815415843907275,2.2199174820650844,15.157457811309978
2022-03-28,26.087597634141403,101.70718232455978,2.0241496085599677,2.468466080034924,18.450368381683063
2022-03-29,26.241949821059347,123.8884752885789,1.9494790460689644,2.192867808928175,20.43855213078933
2022-03-30,27.26678894647886,94.47946678653518,1.6554659455217262,2.1833320128102636,18.45809287560694
2022-03-31,21.682666494896782,112.24043276071075,2.4765750259173016,2.191880210792021,16.365592171468222
2022-04-01,29.38264416571038,102.64933911536556,1.7011500891850424,2.4080902368359456,10.008938707442974
2022-04-02,24.575342853117853,110.5137015974166,1.3513367935456384,2.47272315483429,14.986069446665494
2022-04-03,25.540382139205413,109.67102344496534,1.5980100985282004,2.442436761639288,12.334547989920834
2022-04-04,20.99555180073307,104.21960349158155,1.8221330469469208,2.358689960352208,13.279680216478868
2022-04-05,26.2591464109866,101.95777597449981,2.21786524999701,2.5356980703103558,13.127329246248745
2022-04-06,21.14884277356081,102.50433036236929,2.477474705665425,2.4796974450703115,10.100372126088779
2022-04-07,22.272657540480598,72.66917185233248,1.680374756725723,2.3941976391091795,5.21330705433005
2022-04-08,18.16068176843867,104.57588441279738,1.7391653692037452,2.6004533565398367,11.659284758361165
2022-04-09,17.48920512079362,78.5067731858928,1.7222650831730308,2.5750419524076773,15.966897259620795
2022-04-10,22.064615919358648,118.95194567756337,1.7578443883816812,2.528568305209023,8.25911477286255
2022-04-11,18.66917950937784,99.76480178752813,2.7538159381019764,2.874853450320625,15.078411182358122
2022-04-12,17.438530737486868,107.05213691639088,2.241259866798832,2.5641724094832155,24.501342121554824
2022-04-13,18.070449973918908,128.6619446743932,1.8975885336012879,2.6624004552248612,20.115282776261196
2022-04-14,22.096859215152264,68.33359047576101,1.9099962629016516,2.3943865172529595,23.217707545602646
2022-04-15,18.112886416389166,98.89291437231704,1.295985951675587,2.2495408862255952,16.95563938466363
2022-04-16,17.502529468959338,83.76537865273718,1.6884330742587061,2.505554164152807,20.83754911493223
2022-04-17,11.828105808596638,88.43931526212398,1.6397222774582751,2.261738919755209,11.380176347661063
2022-04-18,12.066979198934048,107.79512715763755,2.086694447407468,2.5930490400760484,11.778298664890078
2022-04-19,9.0,139.6301375631326,1.9550581180239675,2.4846464734626195,5.0
2022-04-20,17.558436422126896,77.53461524121182,1.811345193084731,2.7460492409382544,20.930727370211493
2022-04-21,18.620971939459658,101.50071202838056,1.9545725916434387,2.896466503573155,22.70161989909943
2022-04-22,12.34046826395819,105.52598255692685,2.2429560571921257,2.267682342977599,12.234113773263651
2022-04-23,13.238144880808294,87.64997545807346,1.96102933401232,2.3805369118623636,13.730241468013825
2022-04-24,11.738413658927115,111.0373266428319,2.022381872048091,2.723507754177326,11.230689431545192
2022-04-25,15.147960654432474,102.21873184997017,1.6836281400612962,2.4014395338915464,16.91326775738746
2022-04-26,17.374797635909722,106.46776707896025,2.0428141548576373,2.570146784100631,20.624662726516206
2022-04-27,9.0,116.00854752402608,1.671834790523065,2.5765822981216133,6.286140130594795
2022-04-28,15.228315591926757,88.9988156896325,1.9544866972454855,2.4699156670791025,17.047192653211262
2022-04-29,13.169984684842564,82.4646294255441,1.8826797620148734,2.3785304468846293,13.616641141404273
2022-04-30,14.340183175900068,93.91971857902323,1.6906488028198898,2.535362527380796,15.566971959833447
2022-05-01,15.376982005022873,92.74946575223146,1.8493244906683672,2.834359883367644,17.294970008371454
2022-05-02,13.435392683681536,95.18323877171235,1.2952423467029692,2.611697094718296,14.058987806135894
2022-05-03,13.689239439782659,113.7913936814927,2.3774057210515034,2.8618380271166095,14.482065732971098
2022-05-04,13.358374497336083,109.16339438084407,1.8131936757803608,2.6316961337967633,13.930624162226806
2022-05-05,16.910948605364844,88.81950676110404,1.6483551561865817,2.8308064052943616,19.85158100894141
2022-05-06,15.25627988038249,82.89222398235204,1.7517270624996009,2.695024870418141,17.093799800637484
2022-05-07,14.661750613212082,86.87950223738345,2.2746191206942257,3.0494962091885385,16.102917688686805
2022-05-08,10.187144836723153,111.86224230075112,2.116430148380304,2.887999356033792,8.645241394538587
2022-05-09,12.864260770360538,118.23572961986025,1.8393386371011549,2.7219971889092944,13.10710128393423
2022-05-10,16.696007481017524,105.65058281251568,1.9597967569352805,3.028702402647496,19.49334580169587
2022-05-11,14.113089719371768,105.8485865122031,2.6254284702478907,2.640292539736795,15.188482865619614
2022-05-12,15.978594408767416,119.97607052410196,1.5649638822214276,2.814930135486361,18.29765734794569
2022-05-13,19.2995354009829,104.34127229348242,2.00661375034707,2.6563301234294734,23.832559001638167
2022-05-14,17.11581820762645,101.70493372760771,1.6247153488284656,2.7075829666567652,20.193030346044083
2022-05-15,14.279475013099226,109.23066247260638,2.094493884042951,2.9045952845894734,15.465791688498712
2022-05-16,12.46703248941282,104.46783610708113,1.6016099962440586,2.7104952549566272,12.445054149021365
2022-05-17,9.0,115.52628018101983,2.4108089719652117,2.7697445172007127,5.0
2022-05-18,13.494845232581442,110.62679793080164,2.0747137605765604,2.811697385730028,14.158075387635737
2022-05-19,13.021962512549452,116.71219476102158,2.34141282796504,2.598791313432916,13.369937520915755
2022-05-20,15.171098583186128,79.26557450289721,1.8482173597026368,2.9773283045946304,16.95183097197688
2022-05-21,13.538284319075938,98.80179304934097,2.1557903976973556,2.6765575653846447,14.230473865126562
2022-05-22,13.038844821689617,120.304350147505,1.9074345685098049,2.79973268559659,13.398074702816029
2022-05-23,9.0,88.26677220944222,1.3596289812235547,2.8891716513344896,6.103005347463897
2022-05-24,11.1800965125498,96.23718561727023,1.3775494943524293,2.7152313378744037,10.300160854249668
2022-05-25,15.429953122401672,97.42611544550698,1.9170494313182376,2.7102940617626166,17.383255204002786
2022-05-26,19.147722893398083,90.15033767384892,1.965306718588839,2.9610642231162725,23.57953815566347
2022-05-27,13.70742384876313,81.16728296395061,2.0835128932823572,2.7117066799239846,14.512373081271884
2022-05-28,14.98343322072237,84.88604666498864,2.0040785815335513,2.635404754932363,16.63905536787062
2022-05-29,16.857434470858415,87.5835989069609,1.7936890173909354,2.8595053074515233,19.762390784764026
2022-05-30,11.56731819139925,88.60784074314674,1.8566777114351998,2.819419558575122,10.945530318998753
2022-05-31,15.100442129856326,77.69220900166364,1.7212685453238306,2.807883274100558,16.83407021642721
2022-06-01,11.778529681003524,106.84174274842248,2.6395930367897016,2.9403270216667123,11.297549468339207
2022-06-02,16.594473315473035,100.53373692925426,2.0477368481868514,2.683063261797371,19.324122192455057
2022-06-03,14.454209143855199,100.33197602266942,2.2374613937621954,2.704471978494958,15.757015239758664
2022-06-04,14.89535544194432,101.57619588418164,2.181331917080446,3.044538164776645,16.4922590699072
2022-06-05,11.652204207744234,69.93942445234917,1.9867946078736336,2.979862107826656,11.087007012907055
2022-06-06,16.121097078832356,90.41798106223598,1.9065936816046607,2.6958544836982012,18.535161798053924
2022-06-07,20.25413876369305,110.68987161305654,2.158949140002258,2.8688427806533854,25.423564606155082
2022-06-08,10.976264913715381,87.64006670806684,2.2402658960259836,2.9444315878562626,9.96044152285897
2022-06-09,12.980722977057429,95.25793737245554,2.0475367833033373,2.7967632838755714,13.30120496176238
2022-06-10,14.694822422504275,100.52395205948271,2.1137771393910025,2.9776035660018767,16.15803737084046
2022-06-11,16.35921863598745,109.3090301712019,2.0764595282366947,2.9300846223531973,18.93203105997908
2022-06-12,12.321361144131593,103.19536559570285,1.8647074941123627,2.966055992329003,12.202268573552654
2022-06-13,9.0,128.28252733599513,1.8754520225526292,2.885412104197276,5.0
2022-06-14,18.077568482492076,106.57778078097935,1.523912937167698,3.131224283514531,21.795947470820124
2022-06-15,16.28151835875243,102.0086090791,2.4789519834120597,3.021157123357103,18.802530597920715
2022-06-16,9.0,80.4565494531077,2.1990470602556687,3.0591455538776913,6.285262347566675
2022-06-17,12.177293624661331,97.36824136248684,1.889395675106979,3.1688788713587277,11.96215604110222
2022-06-18,18.704547288581978,105.92031607318603,2.649630161375052,3.1913298415462625,22.84091214763663
2022-06-19,18.343389255373598,100.26294337667453,2.2469761001724327,2.883478378678154,22.23898209228933
2022-06-20,16.815920068036835,97.35372062203338,2.3040688242784464,2.820793188621425,19.693200113394724
2022-06-21,13.471662698120412,101.01437676124762,2.053746492513681,2.956012575158994,14.119437830200686
2022-06-22,14.24896225643753,121.5740105163892,2.357212424624129,2.6100135193172265,15.41493709406255
2022-06-23,13.60722258462162,106.80890077416606,2.1332401337423383,2.9066134443414935,14.345370974369368
2022-06-24,17.384719349806513,103.62581697405881,2.2660382158908527,3.0649955609787285,20.641198916344187
2022-06-25,11.37247278051467,117.6028312246071,1.9320729617967844,3.2162973207005203,10.62078796752445
2022-06-26,11.582601035347386,97.70703700471599,1.9190920146783563,3.0297535702287095,10.971001725578976
2022-06-27,17.030823760508046,116.92548377688566,1.9473900949420377,3.0603133996247287,20.05137293418008
2022-06-28,13.866915633465315,73.76101430386707,1.7180899855200524,2.918428838591765,14.778192722442192
2022-06-29,18.135402066361422,104.04861018573288,1.833664058219956,3.1297961984768143,21.89233677726904
2022-06-30,11.985463379058363,105.50437019019176,1.6869934544282768,2.973668285275983,11.642438965097272
2022-07-01,13.835664918983525,91.40716464410447,1.8264760855065965,3.020078927971412,14.726108198305875
2022-07-02,11.232761045468141,85.60168967953484,2.1293770676508736,3.1890170399953335,10.387935075780234
2022-07-03,14.022088044270701,112.99606290262739,2.1006948596309636,3.1414537320508473,15.036813407117835
2022-07-04,9.564359189003603,67.24966710985882,1.3969453485900165,3.335621750888329,7.607265315006005
2022-07-05,12.537099737135112,62.25072505927277,2.7754500839416827,3.0021770921694624,12.561832895225185
2022-07-06,9.691238405215646,108.22533573685138,2.7528580614118234,3.3514748425721694,7.8187306753594115
2022-07-07,16.081769699573776,89.6365752028052,1.5134803844776121,3.1446930138839635,18.46961616595629
2022-07-08,16.149768019278955,96.87548719778822,2.1989507954082024,3.241036437678461,18.58294669879826
2022-07-09,9.0,105.63462446478667,2.6477990292127913,3.0585907470915967,6.348686347578274
2022-07-10,18.001657236501718,121.78465748190537,2.2402652820541937,2.9527322749201548,21.669428727502865
2022-07-11,21.49224537925956,109.72989334589809,2.158579684028456,2.9096027116055643,27.48707563209927
2022-07-12,14.138019160209023,92.63847262278661,2.572316067387115,3.046520500824084,15.230031933681705
2022-07-13,12.076657219326066,92.57620785063305,3.121389738912045,3.202625044186059,11.794428698876775
2022-07-14,22.472991773009138,88.63362410186825,2.270779596579016,3.498869718505048,29.121652955015232
2022-07-15,10.043094505092467,108.12442234179956,2.7399136963988804,3.139708035914495,8.405157508487447
2022-07-16,14.060319400607295,98.065906900758,2.5126483830330235,3.2196848121234902,15.100532334345491
2022-07-17,14.53886681789577,106.99968012983928,2.737643415211627,3.0986242490628344,15.898111363159618
2022-07-18,18.035442861357243,126.9570804397402,2.7454423251498667,3.3971446544819552,21.725738102262074
2022-07-19,15.079216925380365,107.78079346035517,3.066142754355609,3.4519354150098343,16.79869487563394
2022-07-20,12.504098312634646,103.41814779041694,2.3764947694985397,3.2580457555320748,12.506830521057744
2022-07-21,11.146446888836131,121.32969211478934,2.731879969903469,3.432031443846847,10.244078148060218
2022-07-22,12.974534539261594,93.02311243651275,2.7394443769642884,3.334442587816332,13.290890898769323
2022-07-23,10.979217917164569,93.69838974240807,2.8510142465248607,3.0638867987319407,9.965363195274278
2022-07-24,14.143475959354049,91.41855632493049,2.289498514383736,3.2439252883696086,15.239126598923415
2022-07-25,12.30741146041854,119.10299040292931,2.622826783782466,3.1133849814799275,12.179019100697568
2022-07-26,9.51788662013075,108.8887109351073,2.777311048057147,3.291315345413401,7.529811033551247
2022-07-27,17.76543736512471,86.99938524481617,2.639283945629343,2.857956938142762,21.27572894187452
2022-07-28,12.506982429712881,83.20040607877823,2.9547338984506486,3.071853010028733,12.511637382854802
2022-07-29,10.195589585074062,104.43089125267306,2.841174278505717,3.6096271427902376,8.659315975123437
2022-07-30,13.495222596537376,114.5717727565384,2.8946157590224524,3.3052606712755734,14.158704327562292
2022-07-31,14.205114697902976,103.95985026505456,3.0457313059973594,3.4720394970763464,15.341857829838293
2022-08-01,9.0,126.30692225951563,3.131908347873361,3.4237853778173197,6.2676663721048325
2022-08-02,14.994943001377289,98.57353652288326,3.2448571261895256,3.558814964437866,16.658238335628813
2022-08-03,10.858527293929207,97.1909379768148,3.146834625993306,3.4060511406497915,9.764212156548677
2022-08-04,19.133086427572362,98.01855692396528,2.966225131656424,3.107962920372103,23.555144045953938
2022-08-05,15.571881536230205,91.18969970120493,2.3698923312368443,3.7273346716823137,17.619802560383675
2022-08-06,12.80030002967205,85.95304302075279,3.0546323118369516,3.561967671952064,13.000500049453418
2022-08-07,11.764496689047949,116.81527710519575,3.7545474977806026,3.552011521708004,11.274161148413247
2022-08-08,13.685096877309128,91.57904165015461,2.996079181297577,3.6037773040606553,14.47516146218188
2022-08-09,15.838372224749868,111.98638189027596,2.8796609689555526,3.5365195029322227,18.063953707916447
2022-08-10,13.923517614244401,84.15559242378781,3.186822518019257,3.6108688812452163,14.872529357074002
2022-08-11,13.34852357858943,81.03419986536733,3.1037309729481604,3.7172239159595484,13.914205964315716
2022-08-12,14.175110872453686,101.77758407396415,2.801397188626398,3.5589344110104677,15.291851454089478
2022-08-13,12.188423206289135,138.3503510647186,2.8313506384313367,3.6143358429597185,11.980705343815227
2022-08-14,12.970382219470887,103.46204961978155,3.3266421495197314,3.33733155030688,13.283970365784812
2022-08-15,9.0,94.50479646975717,3.203783343079404,3.556896734817042,5.0
2022-08-16,16.921178692557103,101.78250561929715,3.1152665158446466,3.7000210323024776,19.868631154261838
2022-08-17,14.896393340965286,113.83151531554624,3.3891170979738665,3.477794423556843,16.49398890160881
2022-08-18,11.67963246789971,108.26568711636027,3.9886212226623527,3.4765022155331335,11.13272077983285
2022-08-19,19.696204944065716,104.63964087027254,3.7390058961297745,3.4395090355795057,24.493674906776192
2022-08-20,14.26104944117716,94.41347573914908,3.368103511859056,3.4612224810235883,15.435082401961933
2022-08-21,10.89156928407441,117.70254460610228,3.297045457470275,3.416529070416333,9.819282140124017
2022-08-22,16.570212264411374,87.22132445463876,3.0680286350901365,3.6899912667917794,19.283687107352293
2022-08-23,15.194144649527788,101.93228510416787,3.3553870940763035,3.410068377614407,16.990241082546312
2022-08-24,15.183739956452659,85.33948902932087,3.856536252936596,3.499378247444032,16.972899927421096
2022-08-25,12.722733186045229,140.23022273670608,3.4736197650472476,3.4247189096289024,12.871221976742047
2022-08-26,15.351487171334105,101.33223592546071,3.1721448265191046,3.4889749701888584,17.252478618890173
2022-08-27,13.214725129336717,56.94475373757431,3.214786392696096,3.5507493990234997,13.691208548894528
2022-08-28,15.667824354937526,90.48488747454508,4.059238136285296,3.212833392684122,17.779707258229212
2022-08-29,9.0,103.7408573300093,3.236974273292492,3.460280196387505,5.475277729946805
2022-08-30,12.698379611062432,102.48617934614387,3.1396126007465086,3.33358592887055,12.830632685104055
2022-08-31,19.166465293424586,96.32925795119444,3.9686882279588613,3.6225097767527834,23.610775489040975
2022-09-01,11.6987976337991,111.29523749309848,3.3898685941619826,3.7340658037716645,11.164662722998496
2022-09-02,12.18848510752044,96.23877907489963,3.3717929286403763,3.8409576935478578,11.980808512534066
2022-09-03,12.656115984650075,133.96322143398163,3.2513413569803804,3.795932209651035,39.7978797899321
2022-09-04,10.35558159233407,92.00708811358305,3.311132200438194,3.7265937187992098,37.343450321994155
2022-09-05,9.0,80.34101952705332,3.3692118592019398,3.6388438321547225,49.78708638215338
2022-09-06,13.308240804429161,106.77473938785852,2.801560777034095,3.7597483115033232,37.05497312951764
2022-09-07,14.40757827224497,97.29788821288452,3.4821153952263226,3.933977995544434,62.8680756651187
2022-09-08,13.842484794384044,88.82315174260451,3.850454181799645,3.581690072064383,55.550029360333745
2022-09-09,13.565364314156339,128.5651987885887,3.5180719300981838,3.632552635223727,60.8243497290144
2022-09-10,14.129122612551162,98.07168160297782,3.5391226768386024,3.860075844592332,53.53811388053777
2022-09-11,17.06852441465229,100.46788270099908,3.4070456805772875,3.555517681186451,56.12796065788252
2022-09-12,13.42866144221235,96.59976496839879,4.16405980579046,3.743603432286103,64.27563905167328
2022-09-13,12.27775226873819,74.35143444815483,3.625410188882685,3.955327005464448,51.35949367594175
2022-09-14,13.15662354533574,85.22109636649962,3.8627579286232616,3.867120974747123,61.02009565586663
2022-09-15,15.738040279270328,114.74757799752491,3.2645891751555993,3.759753341057808,57.60386486121546
2022-09-16,18.236080635629747,97.95093415388757,3.720808993978043,3.89709482592271,58.89431189408985
2022-09-17,12.115568782492465,113.32819524240566,3.513216820579118,3.5898886670988857,48.30161759374357
2022-09-18,27.647035205193507,142.13655660001356,3.469876461271952,3.7777074629115406,84.3932658948
2022-09-19,28.44508325086129,117.98712146185083,3.7490990666459383,3.475567183056841,65.7346124684623
2022-09-20,23.047953341969105,138.98926966498723,4.345435171138137,3.6434835906753844,85.8337605516355
2022-09-21,24.786620783879446,133.07348845432827,3.694042234026616,3.938774303616707,86.48792321394292
2022-09-22,30.60883366774269,136.35433079056276,3.724648577189573,3.7437845835202044,64.54000293483507
2022-09-23,27.78891191654191,150.9240893559973,3.6805763910986284,3.5652326031236306,68.11588764327155
2022-09-24,33.570174733841256,150.02594864146255,3.9761853875682744,3.896600663054375,106.20502959355684
2022-09-25,33.70042131275164,126.4767334109643,3.8819743375374394,3.5634217019295793,99.70925941927143
2022-09-26,33.35750599906631,158.59691582696365,3.6050343004093905,3.857860111408569,83.48481486671895
2022-09-27,37.05931536193779,158.39104197758084,4.321047481681923,3.843869691168934,87.9737310641735
2022-09-28,31.75073201677045,145.1600513524941,3.990286968796831,3.7786618014180133,80.69153597052811
2022-09-29,34.346645777711515,148.2218385548415,3.7204153044901935,3.960483140108986,92.92352714200341
2022-09-30,31.046797070211905,137.59761815779285,3.594121061169405,3.7353617355178095,83.02818099277528
2022-10-01,40.55710973860617,145.31652991927214,3.787135852897587,4.0756247734673785,71.47646235701615
2022-10-02,39.55090095730806,163.87351605198967,4.176877437081574,3.5129675111940135,80.1844421348895
2022-10-03,34.035641303553376,151.25355372864638,3.3592438580776305,4.053432278906313,95.21092747850587
2022-10-04,34.759758689715575,171.64281211357323,4.03965128083911,4.149425345513892,82.08932764497413
2022-10-05,37.27789279809442,136.472883351796,4.148407614486676,3.927351529964256,91.12722535086465
2022-10-06,32.35858148555768,170.6129945493166,3.6515406494030542,3.9773235787817907,79.45338960567136
2022-10-07,30.430127787600885,168.4893737555554,4.3250989746004,4.093364607892168,80.77646077498008
2022-10-08,34.621969253020644,143.00467789838117,3.9237096794808117,3.862561264759361,95.53165306413192
2022-10-09,31.83531773825101,168.92391509532644,3.4352571608595723,3.733813064041943,87.87480547640105
2022-10-10,31.74898334893578,138.8960893647601,3.8705813953648383,3.998391011986708,83.70335578686652
2022-10-11,28.297185970796104,142.7429354150407,3.9509470227696317,3.9458462625886424,90.98963973070651
2022-10-12,25.24698355490981,138.10408752497554,4.01359137932396,4.0506699994433175,85.40608593347348
2022-10-13,30.7084272296373,137.8574203452215,4.080649335523873,4.122480116289851,93.46563291251367
2022-10-14,32.3148861244826,155.31934064904758,3.6139184559391366,4.074708512409838,72.8014073768486
2022-10-15,28.522579752771875,131.10847282269816,3.0960197229195936,3.983824133416133,71.50365021472491
2022-10-16,33.1092885586766,144.8399577099654,3.586214923878207,3.950291508065301,61.18890733608655
2022-10-17,26.288251023753364,147.0513521741026,3.7710979307041543,3.9614586521918924,68.3101928262758
2022-10-18,24.83588663510224,126.96107096523602,3.7168108783546456,4.1874426167710235,80.64769894302445
2022-10-19,27.398309078411607,152.11309998147684,4.037075283178617,4.039396138319993,82.39987372262134
2022-10-20,26.952222273946127,134.68244057752258,3.8774326501536844,4.216842658028893,77.40305168086668
2022-10-21,29.109906194005667,143.69815321699892,3.8438924072076093,3.6832816889255793,48.25808133450564
2022-10-22,24.075111527808044,138.92042216274842,3.9271867659991213,4.104783932497899,75.43145212660734
2022-10-23,30.104282710444693,138.01616524421667,3.5982753960444125,4.27876350923623,44.614813767279294
2022-10-24,31.500750887524763,140.22789181754098,3.5976347530024384,3.952464252096896,70.38117324122348
2022-10-25,25.082567919094974,130.32143574932894,2.905236507599646,3.936693043623656,56.12215473428945
2022-10-26,28.549131260552954,133.01858704736438,3.6268588879038135,3.906293897797339,65.22533313933856
2022-10-27,21.23050878812422,126.7770835915131,3.618505864314954,4.042515513436346,43.27551652105434
2022-10-28,27.225664623545747,116.4925993043337,3.2701449146534007,4.10015666275661,66.71167632706147
2022-10-29,26.741829225678387,99.25610424313352,3.2578265541891485,3.8737290664047577,38.75025253895111
2022-10-30,25.790311840569636,126.78331094597115,3.314580033766503,3.924547493871359,45.11545089146822
2022-10-31,22.753310733389117,103.42725887975436,3.533632528345307,3.869190656331197,40.219053722309646
2022-11-01,13.537253176273905,115.23318266159515,3.4203358661176333,4.175488501194232,31.05715147177501
2022-11-02,20.07481856904361,87.29902989235167,3.3863773989676003,4.4434176189577475,47.94527567588468
2022-11-03,20.122251946946193,113.36142908756486,3.675073148755085,4.08910392713582,63.46089117836961
2022-11-04,19.06523518581857,94.51776396954594,2.890019957540777,4.455085114786462,70.4690522232001
2022-11-05,22.366729013641198,114.10988647097656,3.7278857185387158,4.16589679986695,43.17155787086247
2022-11-06,20.743109663436297,125.57897733578291,3.46946777951128,3.987905191424695,51.766812750675214
2022-11-07,19.526163970704935,112.08932219735529,3.129853342439845,4.2137834221894375,41.320946379285374
2022-11-08,18.823599555256543,114.6447908967309,3.2153636913691983,4.417452091949504,42.388831947682135
2022-11-09,19.853461043544314,114.5119214919479,3.2895308587285816,4.227724829689505,32.378513488727606
2022-11-10,25.364497635549785,123.5872131122248,2.8492001583950683,4.51131235096922,36.15076925422603
2022-11-11,20.016924836117518,104.29903426904833,2.7878350967359644,3.8912226440661604,37.97478704606428
2022-11-12,20.455183880700183,104.63833772421233,3.4368652262796338,4.175591448609384,25.215402711236685
2022-11-13,13.68141772988074,105.92502187970534,2.981510754131902,4.321761107069865,28.625057001070125
2022-11-14,23.294898302213774,107.69008850708282,3.0937781032686766,4.338821160162836,27.21569881002512
2022-11-15,13.225474585905697,98.48005868983192,2.425901772609169,4.126129313177471,34.46403317330525
2022-11-16,15.530373083750224,116.12711780391814,3.350550260222982,4.258998084861794,13.939678283723195
2022-11-17,12.051905541158357,108.38993920992667,2.6802168263160597,4.279012537487974,22.484577913923484
2022-11-18,14.88569772512181,91.75630824777225,3.4691321356809777,4.198255822634466,40.520054690526976
2022-11-19,13.285298974833147,93.44713405434936,2.4188549643715427,4.483342276558224,31.44060152585938
2022-11-20,12.76844455181081,78.88911724699716,3.098463916139629,4.279643067624937,31.691790488887055
2022-11-21,19.456695596600973,119.73275882783571,3.7435726475092412,4.190135893501626,16.844318401780342
2022-11-22,17.531554889553018,100.9273772647066,3.3169378165759484,4.258531439394892,18.209975636860232
2022-11-23,14.410239942197691,96.69241522445196,3.743248164316614,4.40497084587902,25.02236166702925
2022-11-24,9.0,93.94432060504118,2.633443303805933,4.1244071572165,30.60255529530931
2022-11-25,12.916972330242292,105.26091082078526,2.475869023925032,4.164997560703522,5.0
2022-11-26,22.10908269321525,76.53719308090604,2.7217133452192654,4.174958832902385,5.0
2022-11-27,13.308015000080875,69.4014212794758,3.0274705186728776,4.2237942447196275,28.09444101402648
2022-11-28,17.309652716160976,77.93559536875458,2.9315297675891463,4.649099804682162,12.231106442311965
2022-11-29,18.325827205857802,102.71400215967638,2.452768790416933,4.3432640912051035,8.282792107419226
2022-11-30,14.656891747567926,129.16145860098138,2.8798479302429274,4.070625264295031,5.0
2022-12-01,11.474535104395542,127.28361296039245,3.315119838527488,4.390304045315192,9.449832984558906
2022-12-02,9.0,125.23050797550675,3.1532696462731646,4.585687287770793,5.0
2022-12-03,16.052489625826865,107.54824776218197,1.887960938323473,4.42054068479781,18.420816043044773
2022-12-04,11.555731991529356,114.34782920581532,1.674742141288822,4.2154818771906335,10.926219985882259
2022-12-05,14.528451355663076,120.70410408257547,2.3070983120906297,4.378603283671827,15.880752259438461
2022-12-06,10.250538981231909,94.61519905520562,1.976884274002734,4.435937772875827,8.75089830205318
2022-12-07,13.204287378589393,99.54063550278993,1.5397257194557445,4.548124555981925,13.67381229764899
2022-12-08,14.10115716470316,114.36144312883592,1.8751757700132374,4.454131625984066,15.168595274505266
2022-12-09,14.805780743132894,88.72657568219753,1.773898952453586,4.8095676150745215,16.34296790522149
2022-12-10,10.655533437942758,108.21469154562337,2.283073377382401,4.8438615293526786,9.425889063237928
2022-12-11,17.590732846284055,99.57131202501999,2.086793299518863,4.62005683850519,20.98455474380676
2022-12-12,12.209315645804086,78.28425191223346,2.3094972217993166,4.109616304775173,12.015526076340144
2022-12-13,9.0,108.15885595581258,1.9412551682137658,4.817764317203486,6.627652697733774
2022-12-14,13.672929740109609,91.23238162758732,2.238248385061528,4.400150657047543,14.454882900182682
2022-12-15,14.10312592707938,126.66086040246577,2.205950201292147,4.2621495260901385,15.171876545132301
2022-12-16,14.481768299515279,94.53561141794168,2.1292418256051238,4.502656849282445,15.802947165858798
2022-12-17,18.08639721105524,100.28104253741056,1.959978573314942,4.317210712360339,21.810662018425397
2022-12-18,13.290653489792422,97.65026495989444,2.2296880936028955,4.504668173515416,13.817755816320703
2022-12-19,13.641141126893686,82.5108043819146,1.1098681355798732,4.427257784308219,14.401901878156144
2022-12-20,10.69044685630072,88.3838644260838,2.1187179399980325,4.45918632388882,9.484078093834533
2022-12-21,16.46166050866369,98.45359748750793,1.410140202564444,4.604608814915296,19.102767514439485
2022-12-22,14.55292719223431,140.1139747897841,1.7824537698318386,4.4755050857184875,15.921545320390518
2022-12-23,12.739916818117512,95.39563734128132,2.0258959363716316,4.416818436603094,12.899861363529187
2022-12-24,9.0,92.89809252438778,1.9039430267469908,4.691045487457861,5.476626532672682
2022-12-25,18.333236585165263,87.11782897857555,1.4802272442688995,4.178238637947702,22.222060975275436
2022-12-26,10.316960106631829,91.57350068733594,1.8829526192479278,4.328912767286977,8.861600177719714
2022-12-27,12.226165971890882,112.33919420174668,1.7911378379761347,4.7362459395712575,12.04360995315147
2022-12-28,15.075033533228009,108.62825759334972,2.490871221528999,4.762605349326201,16.791722555380016
2022-12-29,10.41032621414994,80.63335961898211,1.8926489778877509,4.363904883654595,9.017210356916568
2022-12-30,9.519470665240569,108.89450390900116,2.3550536192864633,4.487038272626531,7.532451108734283
2022-12-31,9.0,84.3002752382625,2.366649466387632,4.6536607732016595,5.0
2023-01-01,16.162990858716906,76.36964466574658,2.1191936558256663,3.994249078314429,18.60498476452818
2023-01-02,12.364441265821034,94.4812712240078,2.092822947277209,4.017134235798995,12.27406877636839
2023-01-03,22.78181027741999,68.9160094836226,1.434669612884463,3.4749637277974177,29.63635046236665
2023-01-04,11.016934803107379,74.95953451112503,1.7502044897811022,3.9576702719536287,10.028224671845633
2023-01-05,11.235646929713237,73.57443382234644,1.72741184996509,3.8791822872953903,10.392744882855393
2023-01-06,12.303821089143796,87.55725231398742,1.7455878031302594,4.12001492594472,12.173035148572993
2023-01-07,14.729403965415468,85.9918809632007,2.0998217675009907,4.2698636497365925,16.215673275692446
2023-01-08,12.589389983644066,87.99725071332814,1.138442586632857,4.102561900067956,12.648983306073443
2023-01-09,15.836996642007536,86.29464213797488,2.3757313060675505,4.146259073798458,18.061661070012562
2023-01-10,11.064234830034037,84.70012635972621,2.23128840861415,4.137875952539488,10.107058050056729
2023-01-11,9.855224844609257,69.92159461071277,2.336146679417112,3.784439068732342,8.092041407682094
2023-01-12,9.0,105.12113922889858,1.468152234014453,3.8771636988730633,6.008926302954462
2023-01-13,9.0,64.78208063367353,1.7178798704364904,3.660799997267803,5.0
2023-01-14,12.44579294157483,91.38363711909712,2.4487068632465987,4.431486801304869,12.409654902624716
2023-01-15,13.097059062820334,61.60172159999233,2.3512719678751703,4.133825214285415,13.49509843803389
2023-01-16,12.10568891755045,73.07951387012223,2.3058331019602236,3.483952022825134,11.842814862584083
2023-01-17,17.730217391561485,74.75544790135143,2.1979613006994905,4.11294267208725,21.21702898593581
2023-01-18,17.684090628824407,89.00211597080643,1.9155763524701679,4.289447386402549,21.140151048040675
2023-01-19,12.995591037666495,70.81416303140612,2.640764922039181,4.246051012681238,13.325985062777491
2023-01-20,9.0,78.98512025909477,2.2314567473148768,4.219638082566378,6.0303944340401845
2023-01-21,12.299884675834841,84.60703312141918,1.8587926658281009,3.966357339437131,12.166474459724736
2023-01-22,12.200535818248817,86.22692039019162,2.076081221770493,4.228785887287558,12.000893030414693
2023-01-23,12.028595113165826,75.16922720423123,2.0185918762284882,4.040159809955862,11.71432518860971
2023-01-24,11.906843288305264,71.87102430987575,1.6358810768497045,3.9371342822167494,11.511405480508776
2023-01-25,12.039611312825578,85.40617363766705,2.463193720498842,3.979088064209461,11.732685521375963
2023-01-26,12.84037515230672,89.87217763224386,1.8398406524338693,3.6300469790430165,13.0672919205112
2023-01-27,12.09337670355333,70.37536011834389,1.803837032891476,3.9733229876031753,11.822294505922217
2023-01-28,14.624967525876777,78.66318487800666,2.484957095814771,4.076280304884044,16.04161254312796
2023-01-29,15.081106147714584,75.51589887865167,2.2305430196992213,4.125903222125827,16.801843579524306
2023-01-30,11.26806473845253,93.44430299839595,2.0222660269387727,3.7883803786497543,10.446774564087551
2023-01-31,17.8131959780211,72.18917031272707,2.0042594667841405,3.734672133538919,21.355326630035165
2023-02-01,11.059813094478157,69.28364913538208,1.9493580684466552,3.9427269505593054,10.099688490796929
2023-02-02,9.146598158553989,75.23481971585234,2.553386046368346,4.028208900138895,6.910996930923314
2023-02-03,15.142334214095156,81.23344119336073,1.930702200118856,4.047977673492356,16.903890356825258
2023-02-04,11.547775596756981,69.87108723301984,1.9998131072012733,4.28939147511861,10.912959327928302
2023-02-05,14.963874412272164,86.69820379837627,2.096250104048651,3.9995512304434877,16.60645735378694
2023-02-06,9.0,67.28846690279839,2.4939010773655683,4.000507441437539,5.0
2023-02-07,18.177367824449203,87.50955655412028,2.5936968880078504,3.616041144573784,21.962279707415338
2023-02-08,16.016880224121206,81.17547269255695,2.2556827698407487,3.9891022016127344,18.36146704020201
2023-02-09,9.498570352510995,83.59891725763947,1.7286499861891662,4.062278460819596,7.497617254184991
2023-02-10,9.563668628461143,85.38452193337422,2.092232730320179,4.029659321301413,7.606114380768572
2023-02-11,19.016797712292583,76.8273078984702,1.8947729939574915,4.16001392159555,23.361329520487637
2023-02-12,11.787860289506124,81.23589430331414,1.7369192712510506,3.746678269583237,11.313100482510208
2023-02-13,11.49744545380213,75.33903309218961,2.8155274357204205,3.8618024516839444,10.82907575633688
2023-02-14,9.0,74.10014462494998,1.9012604570366445,4.1633565934109,5.0
2023-02-15,12.947665383195337,77.83539245464705,1.4343848582413607,3.8116441008275186,13.246108971992228
2023-02-16,13.316841155492742,61.1132620797289,1.709913445419893,4.16429873829407,13.861401925821236
2023-02-17,16.146479290308456,88.29983810986676,1.903043476445977,3.80080552460511,18.577465483847426
2023-02-18,9.802764715446575,93.97569686478846,2.335836168717184,4.042939571776326,8.004607859077623
2023-02-19,9.439139623278171,87.35787244456174,2.1622361272605968,4.0993984710283,7.398566038796952
2023-02-20,15.35288790432943,75.86909877950006,2.4589258186453526,3.9167631512451373,17.254813173882383
2023-02-21,17.020190213681193,69.98100827675172,2.161378174705191,3.7577678243249477,20.033650356135325
2023-02-22,9.28654294664635,76.22915590312576,2.140514637194073,4.101958428699872,7.144238244410585
2023-02-23,17.244542258899223,87.62264694120199,1.822063386549902,3.679590496093231,20.407570431498705
2023-02-24,14.112625524460464,69.75068144344456,2.2307762177496486,3.8646582828609026,15.187709207434107
2023-02-25,17.275416017223936,91.0296756229188,1.790242456496643,3.6704170315307443,20.45902669537323
2023-02-26,13.78933891544715,75.47261902163766,1.7816057998135062,4.0020491918946,14.648898192411917
2023-02-27,9.0,91.56397213985997,1.9283298867613405,4.114205142783107,5.0
2023-02-28,13.544097853051884,73.8521450322178,1.5405985468716028,4.0915781380125065,14.240163088419806
2023-03-01,17.18043145601381,76.39603767889686,1.911243955061515,4.1552648913098675,20.30071909335635
2023-03-02,11.318761942748857,75.97835729441123,1.4857167772648912,4.0738241233010015,10.531269904581428
2023-03-03,12.836105093277643,84.76635793232478,2.1799444261996106,4.2566312439903236,13.060175155462739
2023-03-04,13.471599489347065,86.81631240109742,2.3206442383741943,4.518869808064261,14.119332482245108
2023-03-05,9.0,82.44912712378974,1.6660681298515754,4.016677737481909,5.0
2023-03-06,19.01404272631243,77.26654781968483,2.1561631001377384,4.138812233557418,23.35673787718738
2023-03-07,11.295872960308476,67.36877467551277,1.9948709238949909,3.9352496303837525,10.493121600514128
2023-03-08,15.517206297418397,88.41293828259943,2.05506666232578,4.145708710464848,17.528677162363994
2023-03-09,13.739896591555373,85.27820610612123,1.7814498379497632,3.875313817624155,14.566494319258956
2023-03-10,17.77285716907808,91.64448436099065,2.021032715651777,4.089666911899666,21.2880952817968
2023-03-11,15.218168367284242,81.56656305815378,2.1146892696228914,3.829922454700565,17.030280612140405
2023-03-12,13.295227185437076,79.74693743428605,1.8596021984211393,4.374205802092258,13.825378642395126
2023-03-13,11.31945472244216,91.18927538952435,2.284235916410335,4.004754708463215,10.5324245374036
2023-03-14,16.393552104146416,91.29667214967837,2.0789734036725607,4.040623425587043,18.989253506910693
2023-03-15,9.0,76.96615513736492,2.1063308782937553,4.306408193812748,5.6327934802269155
2023-03-16,15.937671260827678,74.60939686892377,1.734183734090207,4.053719140146348,18.22945210137946
2023-03-17,10.702865745335382,92.39676790584619,1.8020441555496371,3.786791056406593,9.504776242225637
2023-03-18,17.75685098586992,70.62357072292568,1.8750023441377797,3.930412142772376,21.2614183097832
2023-03-19,14.483898627988085,79.88080731935452,2.226723950034368,3.876903824265332,15.806497713313476
2023-03-20,15.932371303550326,80.43884838369533,1.6863990633619752,3.8928965652931717,18.220618839250545
2023-03-21,14.245966441474158,79.50856254685063,2.6168711192727034,3.864819274705227,15.409944069123597
2023-03-22,9.0,66.44980367046838,2.4686726704105064,4.360189282907372,6.238114524295016
2023-03-23,11.417812509813984,73.71811536299259,2.716223146858991,4.342696822123851,10.696354183023308
2023-03-24,16.017168012834148,80.53824355082662,2.0838646703130466,4.114325525934721,18.36194668805691
2023-03-25,14.499967452079533,74.39841969228124,1.4759295118400968,4.0934891742368205,15.83327908679922
2023-03-26,17.542969715917017,68.41270665579759,2.1457555717406795,3.9551241185592394,20.904949526528362
2023-03-27,15.209823689111515,70.09024572014698,1.9099114051604567,4.286969214620334,17.01637281518586
2023-03-28,11.09989432789202,86.31565858768803,1.7147884263499948,4.073600324885626,10.1664905464867
2023-03-29,11.611807586838097,93.58423543058328,2.1759577910761556,4.481052895867684,11.01967931139683
2023-03-30,14.308752171569711,84.67082987523088,2.1866776216280956,4.3746957299794955,15.514586952616186
2023-03-31,9.0,76.12085710397301,1.859860885834151,3.7906364306755447,5.0
2023-04-01,19.020325656868955,80.74886747635092,2.1362214006923197,4.151800620650903,23.367209428114926
2023-04-02,15.325240209132671,75.36664233459412,2.1604805824162714,3.82762861487117,17.208733681887786
2023-04-03,17.68110379114662,78.45965887970083,2.672918017094965,3.743109599442156,21.13517298524436
2023-04-04,9.258188177572492,92.21844941803174,2.1111949248543644,3.7342205715898693,7.096980295954155
2023-04-05,17.733695481065766,79.56806791351126,1.7563510627865975,4.07577338113968,21.222825801776278
2023-04-06,20.694496733083245,92.1022399318901,1.8870555183104094,4.268559100079414,26.157494555138744
2023-04-07,10.037364933868048,88.41620718535731,1.5879741255658275,4.155482114494172,8.395608223113413
2023-04-08,16.3142053847113,79.66158799910993,1.8716011441467006,4.05520693922757,18.857008974518834
2023-04-09,14.00332983406188,73.73579753119628,1.532895879683543,3.9239514011395182,15.005549723436467
2023-04-10,9.366698455255268,92.75535500174749,1.7934635646740613,4.324595878317583,7.277830758758778
2023-04-11,15.47865191555561,81.36910731285401,1.9470397797562984,3.9654764522620316,17.464419859259348
2023-04-12,16.500809614512043,72.68384339333976,1.6946802827118175,3.9208652437038882,19.16801602418674
2023-04-13,12.196620341993459,89.24631228171879,2.050232706647505,4.25811257755712,11.994367236655766
2023-04-14,17.49774956076567,75.06334780252412,2.0937333647514547,4.104460236302894,20.829582601276115
2023-04-15,9.0,80.49836006567398,2.1754814077085967,4.53518031649634,6.666182966054011
2023-04-16,9.515731560651068,80.6533830104535,2.0316371334047454,4.409197935481402,7.526219267751779
2023-04-17,14.409792186766257,75.30195107915002,1.9305992582610687,3.8143164685003703,15.682986977943761
2023-04-18,14.076155833916815,69.98666237003465,2.2558660558295713,3.751080449409722,15.126926389861358
2023-04-19,11.850279534727685,82.72195538395475,2.0455294461623574,3.869693878737987,11.417132557879475
2023-04-20,16.42878330791566,69.57879324026273,1.8536490385745832,4.0403030187816045,19.04797217985943
2023-04-21,15.592682942647848,82.85175151881651,1.7384017937044862,4.1304495997794035,17.654471571079746
2023-04-22,16.574417212802047,67.59921328886954,1.674345608426608,4.473786064094001,19.290695354670078
2023-04-23,13.630590693943198,73.18694088241529,2.2471296776479335,4.098724379179986,14.384317823238662
2023-04-24,15.807740803935022,74.8700456871483,1.8764959488085846,4.3298295318227265,18.012901339891705
2023-04-25,12.663049090910016,72.73832702770912,1.7900319997709302,4.107131032765109,12.771748484850027
2023-04-26,20.16145607025979,70.1434630680642,2.9141046392027095,3.7107332442494516,25.269093450432976
2023-04-27,11.562362689634043,92.05911224689062,1.8444674546822524,4.187471390328815,10.937271149390071
2023-04-28,20.315892288374936,86.27728069489922,2.303744931470839,3.981967098707416,25.52648714729156
2023-04-29,14.104663841268225,80.03130229436142,2.196784835303445,3.6133064901739167,15.174439735447043
2023-04-30,9.87346733129377,86.66293054365592,1.9062524211153862,3.827495698806679,8.122445552156286
2023-05-01,18.104238051465803,74.55530887357345,1.9815862139865317,4.032569771740329,21.840396752443006
2023-05-02,14.377704165184877,81.14989918224043,1.7169426291667738,3.917703914306047,15.629506941974794
2023-05-03,16.553372295140715,74.1711535450728,1.831463560563328,3.961864033097482,19.25562049190119
2023-05-04,17.67156775562778,82.42253258257134,2.5112110736641937,3.8545266805629734,21.119279592712967
2023-05-05,15.013866662435076,73.53401102949813,1.8755082083427763,3.9621826656978505,16.689777770725126
2023-05-06,12.223277465561557,68.66822472807387,1.7018591553006384,4.125538169177904,12.038795775935927
2023-05-07,16.92714013300775,72.43622724708842,2.160623001361141,3.876943628278655,19.87856688834625
2023-05-08,14.002266522363787,77.96384336015763,1.9185240344030203,4.164113969010802,15.003777537272978
2023-05-09,16.057573455825256,63.26122462349185,2.206928302520879,3.7691841129073387,18.429289093042094
2023-05-10,9.0,75.03465851739432,1.873070227474867,3.81430504530887,5.0
2023-05-11,15.340945151029555,76.3052375415491,2.0432621921254537,4.019183072801914,17.23490858504926
2023-05-12,12.08424252456491,86.31320383023764,2.571825239558778,3.9201813500903264,11.80707087427485
2023-05-13,18.95992891153559,72.81450042356282,2.2183165684796786,3.963980089327679,23.266548185892653
2023-05-14,15.869262043667286,83.65739446210114,1.717285643758295,4.184604580535592,18.115436739445475
2023-05-15,14.71957323754789,72.82217891825472,2.1459870308989584,3.986669354770925,16.199288729246483
2023-05-16,15.458929980050664,65.68715333052691,2.3546857542272277,3.996270162437417,17.431549966751106
2023-05-17,11.004677441369845,85.93658490131335,1.6855206041781783,3.6665621680159672,10.007795735616408
2023-05-18,18.869770071584163,87.19788733310688,1.2374363974101104,3.545086672096522,23.116283452640268
2023-05-19,19.974111255250712,72.43411551338009,1.25423240743358,4.037593400236933,24.956852092084524
2023-05-20,15.17874053164465,80.88962728922706,2.091573836394737,4.133632499083813,16.96456755274108
2023-05-21,18.771210705720918,87.9962342528343,2.1799295377343286,3.7891269274961634,22.952017842868194
2023-05-22,12.292555403982398,76.44080459519026,1.9982144616702828,3.714663891416001,12.15425900663733
2023-05-23,11.608659301325059,80.67545319393467,1.8736245973917225,4.04949423389825,11.014432168875096
2023-05-24,14.122774246186768,69.20601603745492,2.2014268920644335,4.024415584680204,15.204623743644614
2023-05-25,15.304823115103696,83.49709991238593,1.6878655937302491,3.873407231150688,17.174705191839493
2023-05-26,12.818039956270638,79.26286642121143,2.310226492644,4.406926020115595,13.030066593784397
2023-05-27,15.613304571105452,88.09762512381556,2.423772936241506,3.9616661889707703,17.68884095184242
2023-05-28,14.919168446220242,80.05366479054358,2.3457903468272936,4.210011547053767,16.53194741036707
2023-05-29,11.005079674126835,99.28468164862262,1.9044277651161532,4.022258085785819,10.008466123544725
2023-05-30,15.556379052355163,82.45394649421542,1.9167968696792153,3.821209016957063,17.593965087258606
2023-05-31,16.590584727564565,84.64526969693819,2.175788246070075,3.7745157772948392,19.317641212607604
2023-06-01,14.514407952771172,88.52618168963869,1.6547775560014246,4.261107918895918,15.857346587951955
2023-06-02,17.457944309785077,74.40434243399599,2.1001168818901337,4.076993910150905,20.763240516308464
2023-06-03,10.347788619509144,91.49031749128841,2.2578756776184816,3.8871874116906446,8.91298103251524
2023-06-04,15.403851266395556,73.4830042953863,1.763915478373765,3.8174952654169965,17.33975211065926
2023-06-05,10.489157880809675,74.99337778475913,1.8934868959541782,4.0928132091056595,9.148596468016127
2023-06-06,10.657755925300737,87.25656969712915,2.0034254317675035,4.025718211118865,9.429593208834563
2023-06-07,12.10720749878663,75.72968498021567,1.7524785682697335,3.822098571257129,11.84534583131105
2023-06-08,11.173819449277264,89.16111146086268,1.6767635295786514,3.712754966258849,10.289699082128775
2023-06-09,12.356012543776586,85.07800894406941,1.149023560422227,4.001821774934221,12.260020906294312
2023-06-10,13.357549067866433,70.48021870650776,2.3992068778237985,3.9596024226766713,13.929248446444056
2023-06-11,16.511463458994154,85.93313152428706,1.9496882782983738,3.9096137245348643,19.185772431656922
2023-06-12,13.036522883882892,84.70810523697395,2.2574697223113436,3.9410419562104297,13.394204806471487
2023-06-13,9.24312287969122,73.0010859726183,2.6506949425035238,4.114778048195497,7.071871466152037
2023-06-14,17.42020353948548,87.54172927844216,2.471120606348621,3.6429648395799576,20.7003392324758
2023-06-15,11.488729599154881,76.36549784091744,1.9904944750941473,3.94147096328247,10.814549331924802
2023-06-16,13.823838718686114,76.70112238910266,1.978367369589715,3.6747904312025663,14.706397864476857
2023-06-17,15.339609520822135,73.15279817931487,1.7385965208620564,4.106272009256387,17.232682534703557
2023-06-18,14.59883125520835,81.53652275471087,2.3132038189254223,3.8740897808064845,15.998052092013914
2023-06-19,17.282538642564425,73.12461846646605,2.2999397536197734,4.023112960216069,20.470897737607377
2023-06-20,15.437009430178277,76.45820078814079,1.5219041653848162,3.825768870138234,17.395015716963794
2023-06-21,11.416071260908677,77.87565270244684,1.4316920314501265,4.020733547873193,10.69345210151446
2023-06-22,20.535686521974988,75.05875188929926,2.1257775212332373,4.17219670728917,25.89281086995831
2023-06-23,14.5830003900147,81.66106756170633,1.489123862586958,4.038469402103169,15.971667316691166
2023-06-24,13.557979320135482,74.38473901230395,1.6417376276798221,4.14077486899888,14.26329886689247
2023-06-25,16.891776269166712,86.71345152391567,2.0966331633266804,4.238922879598091,19.819627115277854
2023-06-26,14.748352837790216,85.33787471591668,2.4347299769947486,3.884566005282885,16.24725472965036
2023-06-27,15.19768457881798,88.96872517553545,2.0925446952731144,3.6801131805713165,16.996140964696636
2023-06-28,21.476551995802062,73.85556344035012,2.1997489426165004,4.297477926408443,27.460919993003436
2023-06-29,13.17463571523486,79.68248660730893,2.0303001321843315,4.197234363557033,13.624392858724766
2023-06-30,13.046717317947813,77.02298509264554,1.8699248030511697,3.8594881019048795,13.411195529913021
2023-07-01,14.349735536037391,80.56518359222338,2.366827974201432,3.9639135601310715,15.58289256006232
2023-07-02,17.214547806743116,84.79555485570522,1.7661947458066358,4.397743785482924,20.357579677905193
2023-07-03,9.480397909428802,86.31164467785085,1.7033481563871002,3.9210624277173753,7.467329849048005
2023-07-04,9.0,96.5754841955301,2.3644677142503316,4.042047940333055,5.172220542617474
2023-07-05,12.238654188139558,85.20378950723908,2.181919862521455,4.252138969746481,12.064423646899263
2023-07-06,9.098231122822138,83.18962284381587,1.7725660769736493,3.828760573322759,6.830385204703564
2023-07-07,12.725505957423085,71.75083974208202,2.277284665171479,3.8402423602438907,12.875843262371808
2023-07-08,15.50749908838787,85.40665025379873,1.4453388597713874,4.37847577643855,17.51249848064645
2023-07-09,11.32775340934321,65.22118911381199,2.2113266470253747,3.9758574937056625,10.546255682238682
2023-07-10,9.719520269655973,89.26662582239376,1.7062937969348826,3.945777524963643,7.865867116093288
2023-07-11,14.208011485146043,97.65618051789441,2.3427300879291897,3.97228600006003,15.34668580857674
2023-07-12,16.58763045384551,76.38256300596379,1.978168893858022,3.5958999762505313,19.312717423075853
2023-07-13,9.0,60.45464439507544,2.204901242090727,3.7735688207333338,6.525132807416936
2023-07-14,16.46069719491795,74.24882593687573,1.9389656543677893,3.9038835651327766,19.10116199152992
2023-07-15,16.45191861121498,71.73791797835952,1.4846931308836888,3.787965213716289,19.08653101869163
2023-07-16,16.862255306469883,86.9919874703339,2.147293576046775,3.9012295102061723,19.77042551078314
2023-07-17,17.65544064461506,91.28610918302957,2.687523361057146,3.9661596820831106,21.09240107435843
2023-07-18,20.60604177397885,84.19924811969095,2.639944914772693,4.208439306122649,26.01006962329808
2023-07-19,12.931723854142835,64.86489809213761,1.5487089523616262,3.7803297435383554,13.219539756904723
2023-07-20,14.328714740233574,82.30452809977328,2.0259838225776345,3.9188138422372356,15.54785790038929
2023-07-21,12.750684700255924,88.10692223322519,2.017061138323608,4.132102960961146,12.917807833759873
2023-07-22,14.005930534267433,97.38635610912844,2.4025200840342085,4.007658583923213,15.009884223779054
2023-07-23,18.598620066908936,70.59179726301213,1.882600390679891,4.199365417744923,22.66436677818156
2023-07-24,9.964956548207994,92.45495090437792,1.9613474870361636,3.9820633132862384,8.274927580346656
2023-07-25,11.416850983503274,85.42186035897832,1.6675772700384512,4.159112642347005,10.694751639172122
2023-07-26,18.131542809513682,71.1176880147597,1.8429989658301347,4.233561405303958,21.885904682522806
2023-07-27,17.06010952070627,78.33905508695015,2.155510424536886,4.232674826390925,20.10018253451045
2023-07-28,12.910605059548766,77.3507049365452,2.1338633814855177,4.005168617394538,13.18434176591461
2023-07-29,16.56320600336216,64.29395432302292,1.9551955399053556,4.085498852802596,19.272010005603597
2023-07-30,15.0236475274761,70.86892375843982,2.011828577855789,3.812956598161863,16.706079212460168
2023-07-31,18.500823827002964,79.14048330580998,2.241057270839225,4.349330026425251,22.50137304500494
2023-08-01,14.223528781480319,83.27280644519632,1.973208033304069,3.9569363158991275,15.372547969133864
2023-08-02,17.076896341617747,91.67234700095224,2.3229285868642195,3.9474542110867326,20.12816056936291
2023-08-03,21.92603573147786,80.4680123622785,2.0751155755350235,3.9456523222104747,28.2100595524631
2023-08-04,15.7942974651424,77.3701191807342,2.271549572282358,4.054232093798492,17.99049577523733
2023-08-05,14.147984497384531,91.23112131473472,1.8308329352365793,4.228606025525205,15.246640828974218
2023-08-06,16.167340955662937,70.65610550640459,1.6106655643916148,3.9326408791789715,18.612234926104897
2023-08-07,12.904157425388345,62.456773089062764,1.7936909384448085,4.153673121864901,13.173595708980576
2023-08-08,21.163903116574197,67.87036739052253,2.5332584176177377,4.017537053217972,26.93983852762366
2023-08-09,14.540213113087944,64.20975220124285,2.3605681384218653,3.7879822823627465,15.900355188479907
2023-08-10,13.18120003932346,67.04192566208667,1.8091813831457804,3.7602796810349086,13.635333398872437
2023-08-11,11.492932984939891,79.83482347705015,2.0010600186684977,4.050190021133074,10.821554974899819
2023-08-12,17.291660574819314,72.4458444052186,1.746281978643586,3.9764840345949297,20.486100958032193
2023-08-13,16.60156223848322,72.60452550904435,2.531051011181452,4.115572177259166,19.335937064138694
2023-08-14,12.50793688575772,71.39069523581787,1.9019385025439468,4.253479655573256,12.513228142929535
2023-08-15,15.729354035367269,61.03687494375957,1.9004933191240818,4.065913386211099,17.882256725612113
2023-08-16,9.474332095361431,93.57165792587531,1.573169431469813,3.8762792658837313,7.457220158935717
2023-08-17,14.554911725219469,83.63399200234369,2.4225864727692508,4.169743821345884,15.924852875365781
2023-08-18,15.358269056230084,77.92459886113036,2.60402662710156,3.7694686037006795,17.263781760383473
2023-08-19,19.12198942867767,85.54859008719556,1.8426023674933296,4.0539236134183945,23.536649047796114
2023-08-20,11.687543591813931,87.13217547861588,1.547603037738042,3.6386277853665088,11.145905986356553
2023-08-21,10.164942113593026,75.08396645197354,1.6415457171500942,3.9622714688649245,8.608236855988379
2023-08-22,11.313716117224875,84.17222347920088,2.0951787644282702,4.1031579479755385,10.522860195374792
2023-08-23,9.99029449905524,65.60818496589512,2.538189907100727,4.076939018042396,8.3171574984254
2023-08-24,18.00997207327695,87.31923156698583,2.300284544279331,4.223098877225593,21.683286788794916
2023-08-25,18.64591788507211,94.07110225410688,1.8151811975174839,3.8523829717718296,22.743196475120182
2023-08-26,14.960649733846488,82.55805406834111,2.0865727113765202,4.187915704881803,16.601082889744145
2023-08-27,17.663884837055445,70.78507679492301,2.0319455578259777,4.04337417689164,21.10647472842574
2023-08-28,14.401875141740707,93.45490750980693,2.4089546448347394,3.9912056756805594,15.669791902901176
2023-08-29,13.714665056897703,72.59706722465143,2.349996852527274,3.987668070731022,14.52444176149617
2023-08-30,13.000887142838716,83.63231727029887,1.9479825313290398,3.9294017871855194,13.334811904731191
2023-08-31,13.068827025867304,82.00767799810576,2.067835823855238,3.922371891768786,13.448045043112172
2023-09-01,9.356595331072906,75.39437629675318,2.017775500541149,3.8510102790737153,7.260992218454843
2023-09-02,14.792764290822017,84.35139851911215,1.7248471254643123,3.743156025643373,16.321273818036694
2023-09-03,13.878998269357869,84.65483864304208,1.4556145943060907,4.674207284442878,14.79833044892978
2023-09-04,16.236082172233626,79.37297758847853,1.723473389846608,3.8143655332459163,18.72680362038938
2023-09-05,14.28057048931583,101.87429386238901,1.9284972191504963,4.46587947734908,15.467617482193049
2023-09-06,13.511888895292724,76.25769345711696,2.4869137356817426,4.118055137246059,14.186481492154542
2023-09-07,11.386420909977108,64.98085925324236,2.1028898871166994,3.995700588519431,10.644034849961846
2023-09-08,14.216459710465283,72.37384231482565,1.7520258289528645,3.759648146684034,15.360766184108806
2023-09-09,16.214711692448486,80.03078900077357,1.9952483266070142,3.9349647385455047,18.69118615408081
2023-09-10,10.569983026748417,68.83086262927645,2.216024338086864,3.9898508865691698,9.283305044580697
2023-09-11,14.262421261042217,71.55001191695743,2.3107796994543834,4.059438699583603,15.437368768403696
2023-09-12,14.699128854588452,80.97839534653221,1.6442275553290673,3.8998440866642285,16.16521475764742
2023-09-13,11.845805649145207,79.5165361766179,1.7210469237411727,3.94602181251117,11.409676081908678
2023-09-14,12.236431085276,76.07453606214585,2.1783969216995676,3.708034705679888,12.06071847546
2023-09-15,14.691832546298643,79.8261189679147,2.1070435382838855,3.9161390587280707,16.153054243831072
2023-09-16,10.599736945122132,74.64207199832978,2.5655146367004362,3.8718399648581245,9.332894908536886
2023-09-17,15.049771145748178,93.55753060978165,2.0936216879490783,4.4644417799791025,16.749618576246963
2023-09-18,11.3139368790224,78.57221677723251,1.933142421040898,4.007033784976832,10.523228131704
2023-09-19,17.18856107909965,78.60958900418201,1.801785401198881,4.04790369398214,20.31426846516608
2023-09-20,21.0134832361649,83.27563495061317,2.2605279378641234,3.9716739138469537,26.6891387269415
2023-09-21,11.417729594894542,80.5754776204219,1.3813931251141962,4.208979886412743,10.696215991490902
2023-09-22,15.602623587124024,94.06307922063061,2.2020963386105077,3.6582976616508485,17.671039311873372
2023-09-23,11.819774285353942,87.02848910537654,2.012481827886162,4.101040670476517,11.366290475589903
2023-09-24,17.12286252139337,76.1530491996611,1.8616948922150978,4.22972283022039,20.20477086898895
2023-09-25,10.204224772744354,85.33758692147637,1.8528758418790723,4.182678230796589,8.673707954573924
2023-09-26,15.441760275283137,80.31997428886925,1.7594774919499425,3.906307831253791,17.402933792138562
2023-09-27,11.381033099331942,81.1593029076181,2.062156811837908,4.12272489574925,10.635055165553236
2023-09-28,13.379046232704894,71.6564565382219,1.880235186499284,4.180003323956262,13.965077054508157
2023-09-29,10.906924174558078,71.29604800002907,2.144923559110747,3.8472834476350375,9.844873624263464
2023-09-30,16.467051412687262,98.94027925663435,2.299266696435615,4.238717662165431,19.111752354478767
2023-10-01,11.48905893668124,72.70405386234522,2.2426513343945906,3.9318067635443508,10.815098227802064
2023-10-02,15.655892777995483,85.13997103883128,1.8356844051955152,4.207396147198597,17.759821296659137
2023-10-03,12.967705915213001,92.36322909029023,1.904476023591425,3.7391944727328665,13.279509858688336
2023-10-04,13.656582884603411,79.09180551203362,2.0626721028229955,3.5579418245222323,14.427638141005685
2023-10-05,14.443267722200385,72.56392474354764,2.154877997359672,3.9790955223208213,15.738779537000642
2023-10-06,11.714525985023453,91.80897395167328,1.948756154345454,4.245014070434525,11.190876641705756
2023-10-07,14.63110134062266,78.04530578330625,1.8807980967993272,4.101241116678826,16.051835567704433
2023-10-08,18.591003693063232,71.04761360721943,2.0767995410908546,4.224465569712675,22.651672821772056
2023-10-09,11.665715642501857,79.90677561086568,1.6427093877867873,4.248249748178854,11.109526070836429
2023-10-10,17.515430429821535,77.99622919382203,2.17318141423026,4.1521697681062095,20.859050716369225
2023-10-11,18.494292900463353,72.70572121504476,1.0677269046578408,3.8983251375476837,22.490488167438922
2023-10-12,11.551535032915869,69.96382044433514,2.7186588475504108,4.1180640914934,10.91922505485978
2023-10-13,9.634836184728345,71.01972989174578,1.9231498675736884,4.072758223303459,7.72472697454724
2023-10-14,14.905882700515294,53.44177075358851,2.252673753653306,4.274422303312238,16.509804500858824
2023-10-15,12.35777743169938,79.52363170954845,1.982879041795322,4.163922426050336,12.262962386165634
2023-10-16,19.605809657489008,80.56086686120682,1.742207263521725,4.307905512443819,24.34301609581501
2023-10-17,14.104422621499497,79.63408106067217,2.219666708200279,4.297923430532357,15.174037702499161
2023-10-18,11.593401775894463,61.992429002748665,2.2896753187114376,3.569430192549001,10.989002959824104
2023-10-19,10.558521466964866,87.27931220613105,1.8186867998822642,3.73025409737497,9.264202444941443
2023-10-20,17.26971487727249,91.63953630578038,1.8414014048760932,4.05644993372141,20.449524795454153
2023-10-21,12.28644807774744,79.14370878500723,2.150886856340977,4.204642775826199,12.144080129579066
2023-10-22,14.131486398381284,75.29826958885776,2.1527032921076548,4.427407049328699,15.219143997302142
2023-10-23,16.867408235337443,83.71827217121306,2.0853355580699393,3.9365831328915686,19.779013725562404
2023-10-24,12.54722494420751,75.79439618196075,2.290113764875686,4.214251767500455,12.578708240345849
2023-10-25,13.862213513779517,84.61915121337164,1.6324733930210575,4.1698841757840865,14.770355856299197
2023-10-26,13.95029477053244,77.39958276823766,1.8524690953010419,3.9937490406738005,14.9171579508874
2023-10-27,16.049973534548275,86.63143062749336,2.298277155333735,4.0230690491022365,18.41662255758046
2023-10-28,15.772233006530978,81.15958023415489,1.6105626727117188,4.218189385118453,17.953721677551627
2023-10-29,13.339658806235514,87.53947743981384,1.6089042106537783,4.052133681236672,13.899431343725858
2023-10-30,14.190947184489554,83.43279491732974,1.812183759413407,3.9642300152517427,15.318245307482588
2023-10-31,12.884662965429534,79.80386040370551,2.0289279061909506,3.4879455336293628,13.141104942382558
2023-11-01,9.567162779241666,60.2189714398038,2.288079902281922,3.6837080850783446,7.611937965402777
2023-11-02,14.772802572194388,64.04160497084574,2.5354522691688244,4.039554966947351,16.288004286990645
2023-11-03,19.676575282499204,72.98215925709235,1.8149910499055577,4.1051415439442245,24.460958804165337
2023-11-04,11.348842577926812,74.49560574729695,1.8659517199518576,3.942276543748802,10.581404296544687
2023-11-05,11.680910871191891,61.44522197307161,1.8099125174567758,3.766998105459169,11.134851451986485
2023-11-06,11.387816685068776,74.23092072502507,2.2865563995582168,3.904310133713603,10.646361141781293
2023-11-07,16.173775336169367,75.57464533034202,1.8986310392259365,4.2336383580335415,18.622958893615614
2023-11-08,15.34545636258932,81.71896214793074,1.9368087079340253,3.573601153577369,17.2424272709822
2023-11-09,13.52438692275063,67.96719407767685,1.8975297253806718,3.795852396582599,14.207311537917716
2023-11-10,11.245942815083104,99.39450359741619,2.0418455054431783,4.198131024623652,10.409904691805174
2023-11-11,14.277130374919773,78.93515979899978,2.4011537677736188,3.927651730703688,15.461883958199621
2023-11-12,9.306133617992586,74.49926850028393,2.225277148527741,4.281080202792122,7.176889363320979
2023-11-13,14.43027970057248,95.52281121961003,2.011137543835867,4.015136262112089,15.717132834287465
2023-11-14,16.614573158263802,89.7092002867804,1.8137846686463013,4.208762365783527,19.35762193043967
2023-11-15,10.246402590098967,78.01515060477723,1.7476523927464542,4.045897323891238,8.74400431683161
2023-11-16,9.402445169511008,84.11755401022603,1.6347256540454236,3.8108287191091503,7.337408615851682
2023-11-17,18.738313675084576,84.08728223856185,1.8865819040083742,3.6260150745325372,22.897189458474298
2023-11-18,12.164721081486245,71.07204624573735,2.075175093252188,3.81565812476286,11.941201802477075
2023-11-19,17.407843537831464,88.42637980237325,2.0782434771809593,4.123822029473134,20.67973922971911
2023-11-20,13.538007004406506,80.67795685358914,1.980703854121846,3.890569752923544,14.230011674010841
2023-11-21,13.514135549176018,88.3732266733909,2.7876817015450115,4.042604392660637,14.190225915293363
2023-11-22,15.315238098489935,79.02072712319975,2.1368103788045643,4.081942721275334,17.192063497483225
2023-11-23,11.348003429760677,75.53942148285103,1.8373186361006872,4.079707151432351,10.580005716267797
2023-11-24,14.397491430486937,79.65488790071751,1.874379625857211,4.032061870892354,15.662485717478228
2023-11-25,12.855531755527721,86.90378636548613,2.3361268714386556,4.337201180260053,13.092552925879536
2023-11-26,10.038519669784906,75.82069077918246,1.8725838437124736,3.999624863221373,8.397532782974842
2023-11-27,15.012446224179197,80.67944086338196,1.8700198131627512,3.9393495007956894,16.687410373631995
2023-11-28,13.210076579366252,79.66036575126545,2.2824636202138238,4.338969902668218,13.683460965610418
2023-11-29,13.528925514665877,66.08162914781474,2.1527380884677547,3.8634487373396427,14.21487585777646
2023-11-30,10.369517169757525,74.6533370003381,1.5796506028125512,4.116452719153347,8.94919528292921
2023-12-01,18.774201103288412,76.66817567154766,2.2960960243985618,4.307808567359593,22.957001838814023
2023-12-02,16.630142559158347,74.25873896490268,1.7727055403636034,4.1608125564099785,19.38357093193058
2023-12-03,16.892467652515936,72.22000483217575,2.139959620945255,3.888146853842295,19.820779420859893
2023-12-04,13.083665892674954,84.76834968132849,2.0362236939903635,3.995375191427878,13.47277648779159
2023-12-05,9.0,72.32043014176406,2.4495843572816742,4.376659185807494,6.354085552482898
2023-12-06,19.858752147468532,75.66864476606982,2.678336517162415,4.268379883473504,24.764586912447555
2023-12-07,13.816707475982396,79.38267294341121,1.922878151012885,3.966987332555504,14.69451245997066
2023-12-08,11.753600611939838,73.08312221408492,2.690663985172158,3.727359774271892,11.256001019899731
2023-12-09,15.250404723449341,69.81158721094121,1.9718017965287036,3.99772021276083,17.08400787241557
2023-12-10,17.501362364009893,82.54980029435934,1.0,4.188337573480414,20.835603940016487
2023-12-11,13.9308483317436,66.59195270207569,2.163813167670315,4.04218914950656,14.884747219572668
2023-12-12,17.835725503818125,72.85331201174361,2.1240427411534917,3.8169054587005014,21.39287583969687
2023-12-13,17.248999815550604,70.90983166922771,2.028564093035626,3.9246384367124514,20.41499969258434
2023-12-14,10.770856437793825,85.4017369434991,2.3620564335513397,4.212287273276002,9.618094062989709
2023-12-15,11.97862968302157,74.81582323411773,1.9733520171734997,3.9666249554652055,11.631049471702617
2023-12-16,16.8726114898393,92.30778301200613,2.0804369819392505,4.3020040227174725,19.787685816398838
2023-12-17,9.0,75.57318542859784,2.56174726895284,4.220165557130623,5.0
2023-12-18,13.551632920505034,67.72495989159911,1.9764296373831214,3.817158449776904,14.252721534175055
2023-12-19,9.707506395125986,77.593471323581,2.4712389347311445,3.5492737472358544,7.845843991876641
2023-12-20,12.570338595699425,75.36655263071887,1.4104355155859098,3.943501405287951,12.617230992832376
2023-12-21,13.103539732912388,75.83195575744074,2.0717714315473987,4.060685099315734,13.505899554853979
2023-12-22,12.925266866277475,66.29248206087632,1.2214356234423485,3.9207142947566567,13.208778110462461
2023-12-23,12.343216243662175,78.97610417606522,2.0561477857240527,4.087745952892025,12.238693739436957
2023-12-24,10.708569051113557,81.5361963192899,1.7969281636588963,3.8107473217958816,9.514281751855929
2023-12-25,20.875733800456057,85.73079156903286,2.0954702635202342,3.9397217015000248,26.45955633409343
2023-12-26,19.602386012484054,83.72016915641868,2.4157724976474144,4.2691691300742,24.337310020806754
2023-12-27,10.51380253923115,83.48512219052087,1.8834803680073269,4.121746317166114,9.189670898718585
2023-12-28,18.746350253910702,89.03162227027597,1.8011419789935277,4.335003317542736,22.910583756517838
2023-12-29,12.801603528581442,71.7075696390257,2.234515878441306,4.201569477250158,13.002672547635736
2023-12-30,14.387562419995131,75.59281705828334,2.539349717208732,4.332086969964516,15.645937366658552
2023-12-31,13.810178120309253,80.00613844091623,2.3965041553401925,3.9913712349368726,14.68363020051542
2024-01-01,12.020754076238102,83.04769792429408,1.7072894274624608,4.2281081878711575,11.70125679373017
2024-01-02,16.95155703081844,83.62529007222155,1.6747566974942074,4.179815096022592,19.919261718030732
2024-01-03,14.377659591729973,94.04161953865373,2.085396473734528,3.8000504948436786,15.629432652883288
2024-01-04,12.570345730342275,81.07118600066441,1.8755178739632217,4.4281372428064385,12.617242883903792
2024-01-05,10.086231668598582,75.84340041942045,2.1127211286739365,4.134144113067318,8.477052780997637
2024-01-06,11.31921495884264,55.17269518924945,2.1849129066605895,3.9580978347468765,10.532024931404397
2024-01-07,9.07585965319371,50.57164950530348,1.7084887294414863,4.317704985918443,6.793099421989515
2024-01-08,14.036670645245508,84.17937611006957,2.6140419951944276,4.069079441178971,15.061117742075847
2024-01-09,10.410003223146813,80.6395305674791,1.8403573428943287,4.408708771355308,9.01667203857802
2024-01-10,13.203318462444376,79.35205524324742,2.3803282338639757,3.7851377563341955,13.672197437407293
2024-01-11,18.11030556083111,77.86684923800536,1.4543453197570804,4.194417180138224,21.850509268051855
2024-01-12,17.597898718764757,75.02055640705015,1.9039253321106295,3.848974656805505,20.996497864607928
2024-01-13,13.903169317692146,62.29695463005896,2.010327069105254,4.536815000851234,14.83861552948691
2024-01-14,13.73874582157055,87.03124978895454,2.446463007816929,4.206402779185582,14.56457636928425
2024-01-15,19.639623648263026,86.25937873005336,2.0294322621824863,3.9172641008238553,24.39937274710504
2024-01-16,15.562268361076134,81.3693371227383,2.0821423773043652,3.9669445757727613,17.603780601793556
2024-01-17,13.016580620370432,91.47733741246223,1.9658045928099255,4.425767239690925,13.360967700617385
2024-01-18,9.721945648638645,79.24258594528014,1.8257466478342883,4.447805821259132,7.86990941439774
2024-01-19,15.181619654494229,87.13623017431023,1.9004714709029122,4.079197978755659,16.969366090823716
2024-01-20,16.48797131774859,74.68950882983225,2.051452833677011,3.9896336605631353,19.146618862914313
2024-01-21,12.105045426459068,93.67504140444245,1.8615341323056334,3.960049662633595,11.84174237743178
2024-01-22,14.873608265414097,91.63628520771222,2.3151295577334876,4.200041088763892,16.456013775690163
2024-01-23,12.909280115254912,80.16258411610696,2.4490818913738917,4.038840789765231,13.182133525424854
2024-01-24,13.447902802402991,87.73654149474065,2.0398363279715097,4.255804926201327,14.079838004004987
2024-01-25,9.0,87.95015945471515,1.93121921778807,4.327349317080272,5.0
2024-01-26,13.334655788851594,76.4318015904098,2.354071567083379,4.0514179320223125,13.891092981419323
2024-01-27,16.908107907224164,84.93707961562832,1.4049758377014996,4.377412285860468,19.846846512040273
2024-01-28,12.105792333300325,91.55680303077787,1.9627774019943696,4.109853644763796,11.84298722216721
2024-01-29,14.157579104645949,88.59449991649477,2.023746799305967,4.078078014689313,15.262631841076582
2024-01-30,11.732147879924238,76.70322060491816,2.2763941296657184,4.12350034624506,11.220246466540399
2024-01-31,15.081325028878318,88.49749178055559,2.3878228461374036,4.409754987339457,16.802208381463863
2024-02-01,13.35043040739148,86.11388261991232,1.5906142425755418,4.171306540841185,13.917384012319133
2024-02-02,11.18227537795398,76.43368715577871,1.7729001587031874,4.149455439741274,10.303792296589965
2024-02-03,17.997654402995384,94.89407352357227,2.033025282397861,4.26483326265009,21.66275733832564
2024-02-04,16.786796040596645,80.69416883262198,2.2930296848254414,4.330921279169607,19.644660067661075
2024-02-05,12.185279708215475,61.92847353134805,2.5104559000901103,4.075133118863323,11.975466180359126
2024-02-06,15.493364928253332,81.1800731988488,2.040494291480132,4.197242012220602,17.48894154708889
2024-02-07,15.612236008461142,87.93972613432987,2.5475222630443564,3.7830799280169196,17.687060014101903
2024-02-08,15.926903705033528,77.65271151335422,1.5551565892589754,4.1690388223903625,18.21150617505588
2024-02-09,9.0,80.12804097282732,1.8345317348007586,4.445505910248929,6.528720520024612
2024-02-10,17.019819623097884,85.05395566193286,2.2825560450614533,4.176391613458423,20.03303270516314
2024-02-11,12.290903111222805,78.14808165151149,2.305314563526351,4.120304184765978,12.151505185371343
2024-02-12,12.926516199676199,74.7016127432245,1.9208479176784066,4.191645142751002,13.210860332793665
2024-02-13,21.9136452567806,74.21963601657922,2.1527068817205355,3.960850970401,28.189408761301
2024-02-14,14.905620142163036,73.0520273943114,1.6548074305786176,4.573240783731072,16.50936690360506
2024-02-15,12.841032573658474,85.1658918714978,1.4540914974549661,3.929837226543076,13.068387622764122
2024-02-16,9.0,86.23676179614722,2.1220055651635636,3.9347629803280544,5.0
2024-02-17,18.169292401839066,82.84716871812729,1.8750668491170817,4.418388249085605,21.948820669731777
2024-02-18,9.964370987574192,85.13346008910018,2.0392857401323683,4.455072118114562,8.273951645956988
2024-02-19,10.989683289501489,66.83451978019339,1.5952303062604487,4.1307828675439975,9.982805482502481
2024-02-20,13.005943102736452,78.32416746407279,2.30537435773763,4.008502534052722,13.343238504560754
2024-02-21,18.249235375100877,98.95130757684917,2.3063764286142465,3.8870130935988154,22.082058958501463
2024-02-22,16.31971995999728,78.77977433337863,2.5562725742243666,4.091032798008056,18.866199933328797
2024-02-23,13.52648747047922,82.44812849568746,1.9768905207223872,4.357836777376271,14.2108124507987
2024-02-24,14.924876190916462,72.42462613195134,1.8989192957262728,4.170794438837674,16.541460318194105
2024-02-25,12.198842921386683,75.6538877318774,1.8810623050947248,4.122244043277896,11.99807153564447
2024-02-26,14.418961068696053,89.23120023471779,1.3801396180176961,4.073243783961321,15.698268447826754
2024-02-27,14.22001023433441,96.80157957577909,1.7053351354124142,3.806460261793298,15.366683723890683
2024-02-28,16.90630968704406,74.15460137468398,1.8618798734023143,4.068652196215005,19.843849478406767
2024-02-29,16.90153436731685,90.54518316575377,2.2583819451478377,4.0850540680326946,19.835890612194746
2024-03-01,15.481932146616934,90.23008032199905,1.9431962101693245,3.6639694364118616,17.469886911028226
2024-03-02,12.912957327361694,74.33406930121384,1.5451960087623604,4.285333757110924,13.188262212269489
2024-03-03,16.22546688317038,78.85003902998493,2.12570334112138,4.370769595157512,18.70911147195063
2024-03-04,13.72409460139086,82.66335256704501,2.539543155274598,3.9292842108895782,14.540157668984767
2024-03-05,10.754256893860601,82.4324228855498,2.2689720468180465,3.9796670438095245,9.590428156434335
2024-03-06,12.790136624267184,79.77492475213073,2.361412346667868,4.120966256219141,12.983561040445306
2024-03-07,14.253580951352973,88.99993626731415,2.539895813903686,4.159818982659394,15.422634918921622
2024-03-08,16.730647350994236,89.35668047793726,2.0782562517815912,3.9314747562296994,19.551078918323725
2024-03-09,13.44941548352854,69.00010034239709,1.891125911997351,4.021865177171608,14.082359139214235
2024-03-10,10.372403866281182,72.37244165588015,1.7459680500120804,4.2794225770023,8.954006443801969
2024-03-11,14.170225049890458,85.0614159683821,2.225501899560142,4.617733543151264,15.283708416484098
2024-03-12,14.340368120169657,90.40928659188916,1.883746293447878,3.9049758895949327,15.567280200282761
2024-03-13,14.55751288670826,84.61208234272235,1.9932772991254952,3.9950750935736425,15.929188144513764
2024-03-14,16.75961454786329,78.80225906650524,1.899055193978536,4.158911087608759,19.59935757977215
2024-03-15,17.056769720269696,83.41020400208853,1.972814729959685,4.3274346255446465,20.094616200449494
2024-03-16,12.217367382855,77.33605489748855,2.160264633944459,3.9672591931649612,12.028945638091667
2024-03-17,12.15156962585317,87.56178443923399,2.0620498231970092,3.905519244662606,11.919282709755283
2024-03-18,10.87940386713358,83.33954733052849,1.7162144285001042,3.9816765188869296,9.799006445222634
2024-03-19,16.09644701084143,73.63950279639336,2.3838139720947424,4.114709735898342,18.494078351402383
2024-03-20,18.346460325013147,79.70187372501753,2.0858542174964203,4.010633176377131,22.244100541688578
2024-03-21,13.05475421627323,81.14844838084973,2.5697561857303617,4.390760557350459,13.424590360455383
2024-03-22,13.27570830582502,80.13436949297493,1.9785158496598587,4.191266013880438,13.792847176375034
2024-03-23,18.400347670696927,88.6335780100633,1.5864315648664835,4.397675265070408,22.33391278449488
2024-03-24,15.516673559645023,79.69651475762288,2.2411977960425724,3.923334737245712,17.52778926607504
2024-03-25,15.308707114403166,81.83540382531824,1.9117670375698381,4.03799568692622,17.181178524005276
2024-03-26,10.427250482078819,76.59784979854659,2.1579315316261876,4.294112880504216,9.045417470131365
2024-03-27,16.036184207838257,77.84920039958789,2.068009485780425,4.086983549576673,18.393640346397095
2024-03-28,11.212590978470725,96.4590299986869,1.5385328426904603,4.354106741374626,10.354318297451208
2024-03-29,10.597939442195125,87.19147757081885,2.782312080789906,4.031561248410622,9.32989907032521
2024-03-30,12.959685269699863,62.198908575393276,2.185137113486999,4.1254791277413005,13.266142116166439
2024-03-31,12.24262182965393,90.04496217872382,1.965604664870649,4.3379128098608115,12.07103638275655
2024-04-01,13.335200916844881,92.45955487592664,1.583793227700241,4.169749938116788,13.892001528074804
2024-04-02,9.677055096425244,82.7779320681855,1.7978284444163928,4.302209080415062,7.795091827375407
2024-04-03,16.876448919403018,64.66538770342251,2.1856607784241433,4.2255846207115315,19.79408153233836
2024-04-04,17.38305888354929,81.5511213079318,2.31594261292703,4.133760336199849,20.638431472582145
2024-04-05,9.0,75.38095739541257,1.9912983952163221,4.183062000670092,5.263287629295929
2024-04-06,16.93537341699965,94.77221217537164,2.4425443053835747,4.304604274225769,19.89228902833275
2024-04-07,11.568414110535121,75.22313136647465,1.9947405050797065,3.9119631502944707,10.947356850891868
2024-04-08,16.57092661094836,77.38315306372432,2.2930750372948707,4.092475375788241,19.28487768491393
2024-04-09,13.794660522000752,79.10762935396505,2.2601607453420245,4.219526534679899,14.657767536667922
2024-04-10,14.086326692242995,96.02839960129614,2.292244149619037,4.307961402059347,15.143877820404994
2024-04-11,13.444707051736344,75.98493071563844,1.5460576050153243,4.392300182431376,14.074511752893907
2024-04-12,17.63638761270046,98.3252824960215,2.3766557891377422,3.9295681508815035,21.06064602116743
2024-04-13,10.281235962424915,94.18987707523915,1.9591266446440017,4.375638522524327,8.802059937374858
2024-04-14,15.823521016205026,84.38893635515423,2.507861707433808,4.149178596287784,18.039201693675043
2024-04-15,17.30399049466865,81.18901022049573,2.547770676600977,4.040221619942647,20.506650824447753
2024-04-16,16.149020241621233,63.600963944566075,1.9095232904487907,4.322275058772454,18.581700402702054
2024-04-17,20.974096742970254,68.70951529736506,1.9446939247416914,4.11999989501503,26.623494571617087
2024-04-18,12.413159711825903,82.82098971634404,1.596246435640091,4.406380193438852,12.355266186376506
2024-04-19,16.871914467780595,82.7735999772176,1.8206177122385852,4.193035441928071,19.786524112967655
2024-04-20,13.681728093975739,82.65402285909549,1.8437647048446009,4.021853663656085,14.469546823292898
2024-04-21,17.70021822905801,80.78532014684683,1.6672986263555725,4.512188008191638,21.167030381763347
2024-04-22,13.976933012835891,94.84197396895694,1.8504468039395658,4.07742542735893,14.961555021393153
2024-04-23,12.83637265441259,75.16933640708014,1.7318403655995218,4.434893365911013,13.060621090687652
2024-04-24,17.918216611614888,95.05185897816116,1.9123515122397419,4.294777645030461,21.530361019358146
2024-04-25,12.52531418294321,75.06426113564632,2.508398137027308,4.407026854918344,12.54219030490535
2024-04-26,9.761822723298332,64.68147347310419,1.895563062522689,4.155180026994689,7.936371205497219
2024-04-27,12.449459350478515,74.57657283026235,1.8923065692153211,4.343588043802168,12.415765584130858
2024-04-28,15.857098839765598,75.06879728542079,2.4739472005108922,4.115601402410833,18.095164732942663
2024-04-29,18.176116254761276,89.34312929190008,2.352771426677983,4.259664485395237,21.960193757935457
2024-04-30,14.333388125889536,83.48882106785038,1.609885174197649,4.049511019692896,15.55564687648256
2024-05-01,17.954591201702076,91.0468188815076,2.009547543478395,4.15008347047279,21.590985336170128
2024-05-02,9.92547523556722,87.43641007021687,1.9886932053787887,4.083537870436661,8.209125392612032
2024-05-03,12.67020960554629,94.18736535091178,2.0984939461006586,4.168358963868091,12.783682675910486
2024-05-04,13.134274648537696,94.24937641183381,2.179533606272299,4.147879928572832,13.557124414229495
2024-05-05,13.656321717582442,79.67191904437276,1.880182984152649,4.432893541242028,14.427202862637401
2024-05-06,14.25228316475059,77.94318430918695,1.9342234140867596,4.089224510385674,15.420471941250982
2024-05-07,16.07273287217658,92.18931003409263,2.651359121921188,4.454462357455822,18.454554786960962
2024-05-08,12.665579485488529,72.46236218980248,2.217107947091514,4.142196474225441,12.775965809147548
2024-05-09,14.417086060859377,67.31497295349067,2.3350371476670864,4.259038380787503,15.695143434765628
2024-05-10,13.864631329027844,75.26951404140928,1.9189704965879892,4.182257464896959,14.774385548379742
2024-05-11,11.22233028832655,80.33426647583646,1.8404312692098923,4.436828351406215,10.37055048054425
2024-05-12,13.658999932755695,52.99875207244257,2.167970307206981,4.3141580795872185,14.431666554592823
2024-05-13,13.569021410308645,86.75269319773739,1.3704761954062712,4.113507610590639,14.28170235051441
2024-05-14,13.504758304990862,75.01019066329644,1.3868920657966766,4.383265844097108,14.17459717498477
2024-05-15,14.095278369744353,73.8300048770041,2.134865986462773,4.574508010114417,15.158797282907253
2024-05-16,14.227020621840158,82.29282367068961,1.8384079322672284,3.8971684335553567,15.37836770306693
2024-05-17,12.703114462678009,94.69303563489113,1.9314279514232124,4.302262867109327,12.83852410446335
2024-05-18,17.818144201913796,85.6791017001392,1.551476540227927,4.236073310266708,21.363573669856322
2024-05-19,10.491558112390951,96.39340353669346,1.8014137676260422,4.272839588150514,9.152596853984917
2024-05-20,11.837089674590311,73.22243555790511,1.6010672891342665,4.250481753237026,11.395149457650518
2024-05-21,22.33989087267067,79.69219824818676,2.0435311174586532,3.952515574517803,28.89981812111778
2024-05-22,10.886025935032311,71.38284376187634,1.5180475638564563,4.076563087684546,9.81004322505385
2024-05-23,9.938735975870724,69.31082425307562,1.9012084798191524,4.365659325163406,8.231226626451207
2024-05-24,16.203430235003655,78.96465878964823,2.1861120060935626,3.9720481043426763,18.67238372500609
2024-05-25,9.0,87.06591781019074,2.4362099080865542,4.138065123071443,5.0
2024-05-26,13.294178270082684,63.57864276412498,2.089700690186034,4.475551366805417,13.823630450137806
2024-05-27,20.437474775229465,78.98554569002467,1.938021830258944,4.114027882744422,25.729124625382443
2024-05-28,9.365192233539798,75.55646757069141,2.441577662948489,3.977624204903233,7.275320389232998
2024-05-29,9.0,85.02307081362055,2.010448112721145,4.421750146091774,5.090177571306434
2024-05-30,9.502456394126906,84.49671617514545,1.9210687531621906,4.406664319009435,7.5040939902115085
2024-05-31,16.695078705040956,81.91293980959578,1.6167679898894,4.070530589651608,19.49179784173493
2024-06-01,17.374330159957438,79.81904252651985,2.127771866268361,4.428740019812018,20.623883599929062
2024-06-02,12.462233609064473,85.64079306778014,1.3891542973453797,4.305009251796357,12.437056015107455
2024-06-03,16.049637212003205,66.55815124412445,1.989242328779785,4.3368587453443395,18.416062020005345
2024-06-04,18.17076598253597,93.04178902796536,1.878423817564765,4.0514776391172775,21.95127663755995
2024-06-05,19.362039243289477,77.97632629557353,1.925717640359757,3.814159483551822,23.936732072149127
2024-06-06,13.260994156460455,73.8763420652521,2.0197964138726614,4.100223706288351,13.768323594100758
2024-06-07,9.0,77.4883745219945,1.491342831170253,4.452495027512676,5.0
2024-06-08,11.53736323277094,71.03267024155444,1.525282863011748,4.304031293208885,10.895605387951566
2024-06-09,12.719587415194226,72.61266914897774,2.0119362437484023,4.299225809671954,12.865979025323712
2024-06-10,13.223183610264828,73.12467815928522,1.800588846736173,4.301117143344817,13.705306017108047
2024-06-11,13.43642179697384,76.38272743205083,1.7063072470389669,4.491749089759214,14.060702994956403
2024-06-12,17.35668379379201,68.29437346048505,1.7042036268985328,4.235626497680651,20.594472989653347
2024-06-13,17.823285280062745,92.48673570981667,2.1434205713141776,4.0834764785694295,21.372142133437908
2024-06-14,13.48497903822565,80.4950358755296,2.271390288195301,4.00642122541228,14.141631730376083
2024-06-15,17.295454628155454,94.46739980806237,2.392498573692921,4.01923968690772,20.492424380259095
2024-06-16,15.072984099893269,81.41382160537043,2.103287570859021,4.419719204653745,16.788306833155445
2024-06-17,14.193517918587716,80.61344466890222,2.1936673005463336,4.364905264780299,15.322529864312859
2024-06-18,16.71963247132989,79.42744749788673,2.1988121362105617,4.216690973642836,19.53272078554982
2024-06-19,14.216756144713747,74.50067365311924,1.9784962605549101,4.254195382924577,15.361260241189578
2024-06-20,20.173433531293288,60.556915774525216,1.6231443615286845,3.833570718247465,25.28905588548881
2024-06-21,9.684766499616323,70.17299967658349,1.676744659326416,4.060695144423499,7.807944166027204
2024-06-22,12.454487302723948,76.0012934552561,2.63855245987763,3.70453836165251,12.424145504539911
2024-06-23,13.62044330913815,89.0474810841734,2.1544448135390675,4.043525397598673,14.36740551523025
2024-06-24,15.318358071373972,67.88832178512818,1.8183897663657422,4.123123501197631,17.197263452289953
2024-06-25,17.803881461309267,75.78690926491052,2.1086124054374378,4.923539463657019,21.339802435515445
2024-06-26,13.92680429829153,78.09911396819433,1.8409975897281075,4.123453701941994,14.878007163819216
2024-06-27,9.733311051481378,79.72051696884681,2.275366471824144,3.8132213476350962,7.888851752468964
2024-06-28,16.527541689365012,84.54977805573083,2.3435580500172133,4.192280561099523,19.212569482275022
2024-06-29,16.264876298425893,77.80869223348206,2.1664888231614317,4.144129839336753,18.77479383070982
2024-06-30,9.0,78.90176315309101,1.7646388778344078,4.2766556845144175,5.29070670310297
2024-07-01,13.988587598987602,81.57812932970602,1.7220814844671377,4.3070720308159975,14.980979331646003
2024-07-02,9.229574507959107,82.39788952769645,2.1822702924520367,4.009591344741667,7.0492908465985105
2024-07-03,12.006046707493812,86.5935813155438,2.0972413340572404,4.264321078568544,11.676744512489687
2024-07-04,11.291573219111601,73.91537355498562,1.742076776913537,3.937155589318626,10.485955365186001
2024-07-05,16.427794094725957,67.70674438895077,1.922523859795014,4.2657045381033,19.04632349120993
2024-07-06,14.350490522516552,80.50630064831547,1.908603206562817,4.0682468767881375,15.584150870860919
2024-07-07,10.143226997731917,68.79021609980762,2.0903887011775524,4.285887527134737,8.572044996219862
2024-07-08,16.640197888872027,76.70652865265932,1.6038982296627988,4.142796464005721,19.400329814786712
2024-07-09,9.698582528214757,77.67313057771,2.4223424384498937,3.724140131381072,7.830970880357928
2024-07-10,14.99034137141283,88.515702573426,1.9749690940930165,4.362447722461427,16.650568952354718
2024-07-11,11.557967992125333,83.62937313327738,2.0503894922403805,4.222233313519029,10.92994665354222
2024-07-12,12.90296875240844,57.623038776074495,2.1992084186383263,4.1599680100508865,13.1716145873474
2024-07-13,15.512812244115151,93.39839555831566,1.6518438559563926,3.988517458366825,17.52135374019192
2024-07-14,15.564348197178587,72.72254382408745,1.9525309612530382,4.255567429594607,17.607246995297643
2024-07-15,18.01090722066788,88.73383225680823,2.0694574676717923,3.9464036391972757,21.6848453677798
2024-07-16,13.753238900985641,90.73944739892306,1.7584715720235382,4.281074551235116,14.588731501642734
2024-07-17,14.919352588890021,84.08802272290842,2.3367994751588386,4.351647813408731,16.532254314816704
2024-07-18,12.686788032787026,88.93021785523112,2.236488340820005,4.200655053281932,12.811313387978377
2024-07-19,14.545969647868393,84.2989273151405,1.7447560326495506,3.9844192656762076,15.909949413113988
2024-07-20,15.318458144025534,80.32458987355936,2.2552620990827172,4.47725062945374,17.197430240042557
2024-07-21,13.705070457636872,92.87199916775948,2.1446828696299685,4.431670198150857,14.50845076272812
2024-07-22,9.0,77.21133136316305,1.7915669807863133,4.232666924756965,5.981247579537518
2024-07-23,14.994412688992686,80.17406920305086,2.0511147959651925,3.976029641145867,16.657354481654476
2024-07-24,15.093684432066372,79.97661604473616,1.4644654809479751,3.8022150120248375,16.822807386777285
2024-07-25,11.959479570956148,87.4477711394517,1.8887929724695176,4.0416207209124035,11.599132618260246
2024-07-26,10.146838891782458,71.57731941627338,2.181841952155136,4.30515705943061,8.57806481963743
2024-07-27,18.427637451511895,82.8853571608556,1.8140885828254585,4.000970657970958,22.379395752519827
2024-07-28,15.474336532683207,72.29869192161689,1.9664699940779886,4.399601139859259,17.45722755447201
2024-07-29,13.31275690723487,75.67437890768288,1.9196445528604682,4.277869804494576,13.854594845391452
2024-07-30,10.588901350557538,71.87256280092963,2.483080632713644,4.587931533660215,9.314835584262564
2024-07-31,11.534555514735963,66.12697820170827,1.9644635849489247,4.085957846922426,10.89092585789327
2024-08-01,17.907771190358694,79.52361354824313,1.7830269298189658,4.037479188355226,21.51295198393116
2024-08-02,14.412985822604139,76.67907741997494,1.927241605336013,3.89217095378154,15.68830970434023
2024-08-03,12.34823879899788,77.43447238366974,2.150254003994385,4.031747351422511,12.247064664996467
2024-08-04,15.52906769367397,83.05960619751392,2.0531576911284897,4.054729030163581,17.54844615612328
2024-08-05,11.55680543766103,81.73194369002798,1.162235912799249,3.753986639673392,10.928009062768382
2024-08-06,18.502529090841136,73.34165451203036,1.5696335343350565,4.420188441444564,22.504215151401894
2024-08-07,18.058401604690175,71.18563915064529,1.893219534535505,4.019527098994063,21.764002674483628
2024-08-08,12.60027778639167,83.59768524983473,2.312853221168037,4.012059305145364,12.667129643986117
2024-08-09,12.113989258907418,85.74156693810323,2.0774899737894756,4.40410246548399,11.856648764845698
2024-08-10,9.0,74.06845830626168,2.1905359315217634,3.8642743550031384,5.0
2024-08-11,9.555257685345897,69.12351322436446,2.0895649677381445,4.383202681985042,7.59209614224316
2024-08-12,9.981590675126732,88.67022982216773,2.1331196160915202,4.243521849394322,8.30265112521122
2024-08-13,14.405571022962157,75.28197432252213,2.021629936361533,4.334375870980266,15.67595170493693
2024-08-14,13.021298886675922,86.81671080827087,1.6273536738455145,4.297265069142542,13.368831477793202
2024-08-15,9.963993537754275,84.99647614652753,1.705467668162469,4.1445947690198714,8.273322562923793
2024-08-16,13.156507872606328,93.2620446137604,2.003909667724318,3.8809569682803113,13.594179787677213
2024-08-17,15.516011442942045,92.62995849032643,1.6450028635657463,4.076946265869025,17.526685738236743
2024-08-18,15.583518049746761,65.65710811580155,1.6720951278854637,4.416540403255371,17.639196749577934
2024-08-19,9.0,85.34226417308685,2.300948219661543,4.3295745335891205,5.5016485957055945
2024-08-20,13.615209558548507,85.51177425257521,1.6790550152132728,4.288521931974767,14.358682597580845
2024-08-21,9.849977669085169,74.25526404478042,1.8937868486845162,4.163034604669912,8.083296115141948
2024-08-22,16.70518609142082,70.17268802580926,1.4762164506411088,4.285702914960933,19.50864348570137
2024-08-23,16.352439249060495,90.80084127904746,2.11552865395136,3.839204431574464,18.920732081767493
2024-08-24,11.305918321026624,76.87030914282768,1.444779947034201,4.191412621982106,10.509863868377707
2024-08-25,11.7018643927988,81.79477774629095,2.2599988981284804,4.085688916760782,11.169773987998001
2024-08-26,12.616198848505078,80.28069830930991,1.6536389333246055,4.368683121929875,12.693664747508464
2024-08-27,9.0,81.66349850373662,1.9456046673116991,4.228040181889476,5.0
2024-08-28,15.00790452032173,65.28594440637482,2.036616411134089,4.028574198407726,16.679840867202884
2024-08-29,13.181466360979607,78.8176672009931,2.4230918859645443,4.289612017159786,13.635777268299346
2024-08-30,16.91052524770358,87.55931091343105,1.705087881477211,4.10565620907718,19.850875412839294
2024-08-31,10.704772346112343,84.40760624900484,2.2595091837760006,4.047249580240202,9.507953910187236
2024-09-01,12.142631155250205,91.53098155662678,1.9362702415212854,4.1267666114743795,11.904385258750342
2024-09-02,9.480424225882654,75.15810832553464,2.1654280251860323,4.004839006804368,7.4673737098044235
2024-09-03,10.98712830951724,78.4251426972397,2.231008273999162,3.951668654189122,9.978547182528734
2024-09-04,10.454054011795343,81.1287874842101,1.9951674655204634,4.08444986068953,9.090090019658906
2024-09-05,16.987921036539337,73.14141332063096,1.8527690528774765,4.412294281880617,19.979868394232227
2024-09-06,11.905214453745824,76.17379487064267,2.074256564856554,4.541186063824384,11.508690756243038
2024-09-07,14.37252705423384,79.44064736206214,1.850264260324379,4.29071197607555,15.620878423723067
2024-09-08,12.857709788414587,77.439866787344,1.8895998962174725,4.229954553464017,13.096182980690978
2024-09-09,10.19160420196156,76.09740285241797,2.157791229066681,4.134857739042916,8.652673669935936
2024-09-10,13.495098730485072,84.68398190820166,1.4981944368290518,4.110349506698934,14.158497884141786
2024-09-11,15.797309995590783,71.44742691794049,1.8592560634798356,4.116680886280052,17.995516659317975
2024-09-12,10.376721822369943,68.69316624418168,1.6841270067385605,4.489330829660712,8.961203037283239
2024-09-13,16.427338372194136,85.38441809649424,2.070772697642832,4.031867467661023,19.045563953656895
2024-09-14,11.450837235566912,90.03795239048162,2.3608851353461415,3.935008597801013,10.751395392611519
2024-09-15,12.551048221781478,74.73765367511763,1.6095634145248927,4.164957114498897,12.585080369635797
2024-09-16,15.592049369030143,91.4603220233859,1.730190506320413,4.080091967828007,17.65341561505024
2024-09-17,12.009691528341536,83.66989994942621,2.2956309960571732,3.9242692882489862,11.68281921390256
2024-09-18,14.112724578007597,74.12561485201186,1.7525071961406944,4.082698189847236,15.187874296679327
2024-09-19,13.055927513635723,68.64123663015835,1.677147042925567,4.388938670367887,13.426545856059537
2024-09-20,14.388104020111456,80.74765982930624,2.0017726327575676,4.135851354143393,15.646840033519092
2024-09-21,9.0,70.11271892117638,2.0387402798644456,4.065637135537125,5.0
2024-09-22,9.0,79.16997341143835,1.6051586386825465,3.847717175954352,5.851590923959586
2024-09-23,15.847901018140515,74.94245424894098,2.1067023242124745,3.7456326809040372,18.07983503023419
2024-09-24,17.111544216947152,74.66625069702705,1.5384414587064124,4.672447840130071,20.185907028245254
2024-09-25,11.268539889405435,82.53478028915023,1.913794118008589,4.142540195164834,10.447566482342394
2024-09-26,13.267914943486597,78.10397971005374,1.4632654088899386,4.356233801376576,13.779858239144328
2024-09-27,14.884157758706905,81.73843014686538,1.7297880058232509,4.139906739094993,16.473596264511507
2024-09-28,16.079652804976114,91.2839450784505,2.0441784416689384,4.411433395722845,18.46608800829352
2024-09-29,9.0,79.85009532369726,2.1466458926521508,4.287107308420705,5.0
2024-09-30,11.341879259064868,72.14452057163359,2.3634229713893884,4.201587737477389,10.569798765108114
2024-10-01,13.002261860450375,86.14174819165018,2.1570917389762183,4.5316170869101,13.337103100750625
2024-10-02,16.109420591708147,76.13036114012957,2.274844937410973,4.073976780108473,18.515700986180246
2024-10-03,21.495291451164483,89.43744335270836,2.268910159890286,4.334701706362335,27.492152418607475
2024-10-04,13.315982819570847,71.92450831189832,1.9093112680175037,4.369707367835443,13.859971365951411
2024-10-05,9.779067613688033,81.95610864109912,2.140261957113863,4.065248848539324,7.965112689480057
2024-10-06,15.206804231603893,84.26379058215149,1.034077278387005,4.378869228820235,17.01134038600649
2024-10-07,17.96298736862213,74.67725471881549,1.63089566137668,4.092076440256568,21.60497894770355
2024-10-08,14.324042362938503,85.76351815203529,1.9784728942283718,4.62781919000407,15.540070604897505
2024-10-09,11.280054364537122,80.3560465933554,1.8228509835087314,4.209425887851722,10.466757274228536
2024-10-10,16.873981824440058,73.9758613138005,1.4895291792843637,3.994056969765602,19.789969707400097
2024-10-11,15.990636855495305,71.1522940294959,1.6157242464514474,4.245813838387234,18.317728092492175
2024-10-12,10.921757467413126,86.27224054846846,2.177030163617827,3.8860275001124647,9.869595779021878
2024-10-13,15.144276852603026,92.20479605468144,1.7401570578857029,4.082503220229293,16.90712808767171
2024-10-14,16.991796702976618,75.89413649195885,1.7359536035486296,4.293551419749509,19.986327838294365
2024-10-15,17.54567012767668,94.51848053844722,2.1366440136426776,4.279338062794827,20.909450212794468
2024-10-16,13.800653074071633,86.83843983823203,2.085790887625363,4.250698512962861,14.66775512345272
2024-10-17,12.925761661462044,79.0206151746396,1.7378717782758693,4.527294941678301,13.209602769103405
2024-10-18,17.68182146624379,96.67768590075443,2.3775197759861366,4.109577581502003,21.136369110406314
2024-10-19,10.369518491057345,76.56236217301043,1.8852124946945894,4.3773517478136235,8.949197485095574
2024-10-20,15.315737872763016,83.2109234258971,1.41017971651998,4.371685464176416,17.192896454605027
2024-10-21,9.889920117906712,92.82557999951206,2.2864958188162303,4.500857706399325,8.149866863177854
2024-10-22,17.19612881677881,78.52730816912002,2.3313754823443467,4.184917467106658,20.326881361298014
2024-10-23,13.225863453166516,80.67508357123444,2.3073814507019086,4.275460594799344,13.709772421944193
2024-10-24,17.805749706942407,79.84300560159028,1.7120788584642919,4.3796737129932355,21.342916178237346
2024-10-25,15.47423826906658,73.8982883599711,2.052207256692498,4.121741673994821,17.457063781777634
2024-10-26,10.33033930981421,84.5140144841129,2.3995482470071927,4.533280844136554,8.88389884969035
2024-10-27,18.27388319623173,76.08606752069602,1.5717159290624276,4.030500480572725,22.123138660386218
2024-10-28,18.65373579928319,73.73044535660087,1.83270126046839,4.33795190676937,22.756226332138645
2024-10-29,16.646859477797648,82.60463756360869,1.6393995674271529,4.1964226808268155,19.41143246299608
2024-10-30,11.71523640489134,81.19032065543256,1.3763384451815028,3.9811698770028507,11.1920606748189
2024-10-31,13.081958136927774,70.43814379285105,2.1488282612311997,3.7094406643339703,13.469930228212956
2024-11-01,14.436281652217279,79.68259154058636,2.3553670722578257,4.190183009969388,15.727136087028796
2024-11-02,11.8888688020057,75.64917717324407,2.1648732500208014,4.071525458503964,11.481448003342834
2024-11-03,19.077039717389614,91.09336854307722,1.9025943069122013,4.278435750270438,23.461732862316026
2024-11-04,14.43297941517811,77.32332741030415,2.3722592020128723,4.393239993744024,15.721632358630185
2024-11-05,9.0,77.93423191807379,2.6750196893474936,4.547156281049249,5.0
2024-11-06,15.01806743826866,82.98516619566267,1.7625008724520872,3.9938139291802606,16.6967790637811
2024-11-07,12.95552780954806,86.29603694870832,1.5442247516745866,4.4089346119182915,13.259213015913435
2024-11-08,13.775220331644656,85.92427483772717,2.031989410378118,3.9955608978169317,14.62536721940776
2024-11-09,12.8941419026429,61.975942216370626,1.4954868415715328,4.232326672730064,13.156903171071502
2024-11-10,16.42113924982006,72.2166334352811,1.416168492380688,4.385190724216928,19.035232083033435
2024-11-11,17.359063335660142,83.52484588194332,1.6648650958051738,4.293586240759827,20.598438892766907
2024-11-12,14.849159486775962,77.70506768684847,2.1803703337287685,4.3686090956702195,16.415265811293267
2024-11-13,12.982066438585523,77.29353268479525,2.188768424731849,4.524892024324229,13.303444064309204
2024-11-14,13.875988385572489,88.81046983929077,1.5583422487975065,3.7768366814994407,14.793313975954149
2024-11-15,14.058798849732884,77.27904544924114,2.219470404094064,4.273253468952524,15.097998082888141
2024-11-16,11.59270988040549,86.55764048497797,1.5206653084822075,4.146764302489604,10.987849800675816
2024-11-17,15.736785945713704,87.75912907989867,1.843543508416318,4.135119267446288,17.894643242856173
2024-11-18,15.380126971581399,96.28465761567526,2.0611921042336583,4.170480580093283,17.30021161930233
2024-11-19,18.62132371933002,71.00388764732313,1.65117427562258,4.2599072204868955,22.702206198883367
2024-11-20,17.766049340865425,71.35586953315578,1.8770898048673665,4.037702229309481,21.276748901442375
2024-11-21,11.94297524722961,80.94876778142496,2.0923853172090596,4.116270409469777,11.571625412049348
2024-11-22,16.460895123526896,84.80930815294269,2.0697714724271297,4.372074734476852,19.101491872544823
2024-11-23,11.147139850716584,73.72310244076719,1.841796347679354,3.880504410159912,10.24523308452764
2024-11-24,16.08779630282255,85.29596537571895,1.727329584800274,4.208048971098694,18.47966050470425
2024-11-25,12.450157403719677,85.95440822539503,2.268060350876908,4.167076664242744,12.41692900619946
2024-11-26,10.930240329873246,66.10554565789033,1.9240281836255984,4.315045275833218,9.883733883122078
2024-11-27,14.840136028092214,74.93597956392995,1.6086352868146394,4.143898964446107,16.400226713487022
2024-11-28,9.0,73.59510029245315,2.4625729745493277,4.288216376787162,5.0
2024-11-29,9.0,80.00915973131896,1.6178580796686794,4.172686779537643,6.245122127973859
2024-11-30,13.46752434867715,81.90135205571897,2.557334945414074,3.973536877681866,14.112540581128584
2024-12-01,14.247325299904528,79.43471475097715,2.061288539443746,4.54135060683738,15.412208833174212
2024-12-02,12.892043689525433,83.25039083164222,2.632382944711627,4.120638246223909,13.153406149209056
2024-12-03,9.261691103847204,81.17033897259681,2.0628172590324363,3.997805870576766,7.102818506412007
2024-12-04,11.546324473584484,69.87953395798917,1.6767065181121594,4.39987556796762,10.910540789307472
2024-12-05,15.173627981712182,63.89121048943768,2.133650510695745,4.331474324934531,16.95604663618697
2024-12-06,15.745345311885087,77.80464633361744,1.9930382636505053,4.077651828680032,17.908908853141813
2024-12-07,13.951330647212176,64.42696283645341,2.1567813971781393,4.227136360536782,14.918884412020294
2024-12-08,17.470501343110968,63.89869329481742,1.9232479955411426,4.125461245700653,20.784168905184945
2024-12-09,15.192191070377703,79.14791033692157,1.7342288502763756,4.122131923782575,16.98698511729617
2024-12-10,11.757633038125363,78.2002341944715,1.8301902544206206,4.091438726923771,11.262721730208938
2024-12-11,13.158493839765148,75.23518797485696,2.129741169953748,4.116723632248295,13.597489732941913
2024-12-12,9.791401528376436,66.0402786236271,1.857425370525588,4.2920211228974585,7.985669213960726
2024-12-13,13.67558302882575,80.76905916282688,1.7555388661643758,4.176904771771395,14.459305048042916
2024-12-14,17.336301857664015,73.21269876053077,1.6890827825691057,4.590424875282189,20.560503096106693
2024-12-15,16.055870254132905,67.5322634885707,1.6943119632584087,4.096947408546868,18.42645042355484
2024-12-16,18.206027977757365,69.80517191430366,1.832978787866985,4.234392309822682,22.01004662959561
2024-12-17,13.09134426860302,71.28143735348888,2.8508469163336705,4.096308853392683,13.485573781005034
2024-12-18,18.03829938354277,79.26185656784752,1.8290840408128275,4.470561900868498,21.73049897257129
2024-12-19,13.42008732065609,90.89168982852324,2.478030728260295,3.880967274031151,14.03347886776015
2024-12-20,18.41475524770968,88.79253461033403,2.2691726815421775,4.189023801459211,22.357925412849468
2024-12-21,13.934429757673628,81.07972380696675,2.0207354441293965,4.493647932200382,14.89071626278938
2024-12-22,16.12169412141283,77.94168720968038,1.7642079684031617,4.2796913302881405,18.536156869021383
2024-12-23,18.425337092929567,82.33212240459825,1.406226114257292,4.131384454058313,22.375561821549276
2024-12-24,13.419717114256382,76.15184941917929,1.4122547207023015,4.1218302475296795,14.032861857093971
2024-12-25,14.655166962632522,57.70084141920499,1.6995517117096564,4.104496498750054,16.09194493772087
2024-12-26,17.866590275618908,77.99765086217705,1.6358084633145573,3.9837870002384603,21.44431712603151
2024-12-27,13.60099050820981,70.80486004887764,2.081743530553771,4.474746015516284,14.334984180349682
2024-12-28,10.037323152481516,68.64104150257103,2.047304422539452,4.168878767492189,8.395538587469193
2024-12-29,20.42902116375473,74.78426734335967,2.159610231166204,4.263737988072896,25.71503527292455
2024-12-30,12.59070660698859,81.22200804247593,1.8031541071943804,3.9371553153671095,12.651177678314316
2024-12-31,14.47626815281263,90.21885069625915,1.589511909778528,4.099356110844276,15.793780254687714
